1,2,3,4,5,6,7,8,9,10,11,12,13,14,15,16,17,18,19,20,21,22,23,24,25,26,27,28,29,30,31,32,33,34,35,36,37,38,39,40,41,42,43,44,45,46,47,48,49,50,51,52,53,54,55,56,57,58,59,60,61,62,63,64,65,66,67,68,69,70,71,72,73,74,75,76,77,78,79,80,81,82,83,84,85,86,87,88,89,90,91,92,93,94,95,96,97,98,99,100,101,102,103,104,105,106,107,108,109,110,111,112,113,114,115,116,117,118,119,120,121,122,123,124,125,126,127,128,129,130,131,132,133,134,135,136,137,138,139,140,141,142,143,144,145,146,147,148,149,150,151,152,153,154,155,156,157,158,159,160,161,162,163,164,165,166,167,168,169,170,171,172,173,174,175,176,177,178,179,180,181,182,183,184,185,186,187,188,189,190,191,192,193,194,195,196,197,198,199,200,201,202,203,204,205,206,207,208,209,210,211,212,213,214,215,216,217,218,219,220,221,222,223
"[0.0000e+00 0.0000e+00 1.0000e+00 0.0000e+00 1.0000e+00 0.0000e+00
 0.0000e+00 1.0000e+02 2.0736e+06 1.0000e-01 2.0000e+00]","[0.0000e+00 0.0000e+00 1.0000e+00 1.0000e+00 0.0000e+00 0.0000e+00
 0.0000e+00 2.0000e+02 8.2944e+06 1.0000e-01 2.0000e+00]","[0.0000e+00 0.0000e+00 0.0000e+00 0.0000e+00 0.0000e+00 1.0000e+00
 1.0000e+00 4.0000e+02 2.0736e+06 1.0000e-01 4.0000e+00]","[0.0000e+00 0.0000e+00 1.0000e+00 1.0000e+00 0.0000e+00 0.0000e+00
 0.0000e+00 4.0000e+02 8.2944e+06 1.0000e-01 4.0000e+00]","[0.0000e+00 1.0000e+00 1.0000e+00 0.0000e+00 1.0000e+00 0.0000e+00
 0.0000e+00 2.0000e+02 8.2944e+06 1.0000e-01 8.0000e+00]","[1.0000e+00 1.0000e+00 0.0000e+00 0.0000e+00 0.0000e+00 1.0000e+00
 0.0000e+00 2.0000e+02 8.2944e+06 1.0000e-01 1.0000e+00]","[0.0000e+00 0.0000e+00 1.0000e+00 1.0000e+00 0.0000e+00 0.0000e+00
 0.0000e+00 2.0000e+02 2.0736e+06 9.0000e-01 4.0000e+00]","[0.000e+00 1.000e+00 1.000e+00 1.000e+00 0.000e+00 0.000e+00 0.000e+00
 1.000e+02 3.072e+05 9.000e-01 8.000e+00]","[1.000e+00 0.000e+00 0.000e+00 0.000e+00 0.000e+00 1.000e+00 0.000e+00
 1.000e+02 3.072e+05 1.000e-01 4.000e+00]","[0.0000e+00 0.0000e+00 1.0000e+00 0.0000e+00 1.0000e+00 1.0000e+00
 0.0000e+00 5.0000e+01 2.0736e+06 1.0000e-01 8.0000e+00]","[0.000e+00 1.000e+00 1.000e+00 0.000e+00 0.000e+00 1.000e+00 1.000e+00
 1.000e+02 3.072e+05 1.000e-01 8.000e+00]","[0.000e+00 1.000e+00 0.000e+00 1.000e+00 0.000e+00 0.000e+00 0.000e+00
 1.000e+02 3.072e+05 9.000e-01 8.000e+00]","[0.000e+00 0.000e+00 0.000e+00 1.000e+00 0.000e+00 0.000e+00 0.000e+00
 2.000e+02 3.072e+05 9.000e-01 8.000e+00]","[1.000e+00 1.000e+00 0.000e+00 0.000e+00 0.000e+00 0.000e+00 0.000e+00
 2.000e+02 3.072e+05 1.000e-01 8.000e+00]","[1.000e+00 0.000e+00 0.000e+00 0.000e+00 0.000e+00 0.000e+00 0.000e+00
 2.000e+02 3.072e+05 1.000e-01 8.000e+00]","[0.000e+00 1.000e+00 0.000e+00 1.000e+00 0.000e+00 0.000e+00 0.000e+00
 5.000e+01 3.072e+05 1.000e-01 8.000e+00]","[0.0000e+00 1.0000e+00 0.0000e+00 1.0000e+00 0.0000e+00 0.0000e+00
 0.0000e+00 4.0000e+02 2.0736e+06 9.0000e-01 8.0000e+00]","[0.000e+00 0.000e+00 0.000e+00 0.000e+00 1.000e+00 0.000e+00 0.000e+00
 5.000e+01 3.072e+05 1.000e-01 8.000e+00]","[0.000e+00 1.000e+00 0.000e+00 0.000e+00 1.000e+00 0.000e+00 0.000e+00
 2.000e+02 3.072e+05 1.000e-01 8.000e+00]","[0.000e+00 1.000e+00 1.000e+00 0.000e+00 1.000e+00 0.000e+00 0.000e+00
 5.000e+01 3.072e+05 1.000e-01 8.000e+00]","[1.0000e+00 1.0000e+00 0.0000e+00 0.0000e+00 0.0000e+00 0.0000e+00
 0.0000e+00 5.0000e+01 2.0736e+06 1.0000e-01 8.0000e+00]","[0.000e+00 0.000e+00 0.000e+00 1.000e+00 0.000e+00 1.000e+00 0.000e+00
 5.000e+01 3.072e+05 1.000e-01 2.000e+00]","[0.000e+00 1.000e+00 0.000e+00 1.000e+00 0.000e+00 0.000e+00 0.000e+00
 1.000e+02 3.072e+05 1.000e-01 8.000e+00]","[0.000e+00 1.000e+00 0.000e+00 0.000e+00 1.000e+00 0.000e+00 0.000e+00
 5.000e+01 3.072e+05 1.000e-01 8.000e+00]","[0.000e+00 1.000e+00 1.000e+00 1.000e+00 0.000e+00 0.000e+00 0.000e+00
 1.000e+02 3.072e+05 9.000e-01 8.000e+00]","[0.000e+00 1.000e+00 0.000e+00 0.000e+00 1.000e+00 1.000e+00 0.000e+00
 5.000e+01 3.072e+05 1.000e-01 1.000e+00]","[0.000e+00 0.000e+00 0.000e+00 1.000e+00 0.000e+00 1.000e+00 0.000e+00
 1.000e+02 3.072e+05 1.000e-01 8.000e+00]","[0.0000e+00 1.0000e+00 0.0000e+00 0.0000e+00 0.0000e+00 0.0000e+00
 1.0000e+00 4.0000e+02 2.0736e+06 1.0000e-01 8.0000e+00]","[0.000e+00 1.000e+00 0.000e+00 0.000e+00 0.000e+00 0.000e+00 1.000e+00
 1.000e+02 3.072e+05 1.000e-01 8.000e+00]","[0.000e+00 0.000e+00 1.000e+00 0.000e+00 1.000e+00 1.000e+00 0.000e+00
 4.000e+02 3.072e+05 1.000e-01 8.000e+00]","[0.000e+00 1.000e+00 0.000e+00 1.000e+00 0.000e+00 0.000e+00 0.000e+00
 1.000e+02 3.072e+05 1.000e-01 4.000e+00]","[1.0000e+00 1.0000e+00 0.0000e+00 0.0000e+00 0.0000e+00 0.0000e+00
 0.0000e+00 1.0000e+02 2.0736e+06 1.0000e-01 8.0000e+00]","[0.0000e+00 1.0000e+00 0.0000e+00 1.0000e+00 0.0000e+00 0.0000e+00
 0.0000e+00 5.0000e+01 8.2944e+06 9.0000e-01 4.0000e+00]","[0.0000e+00 1.0000e+00 0.0000e+00 1.0000e+00 0.0000e+00 0.0000e+00
 0.0000e+00 5.0000e+01 2.0736e+06 9.0000e-01 8.0000e+00]","[1.000e+00 0.000e+00 1.000e+00 0.000e+00 0.000e+00 0.000e+00 0.000e+00
 2.000e+02 3.072e+05 1.000e-01 8.000e+00]","[0.000e+00 1.000e+00 0.000e+00 1.000e+00 0.000e+00 0.000e+00 0.000e+00
 5.000e+01 3.072e+05 1.000e-01 8.000e+00]","[0.0000e+00 1.0000e+00 0.0000e+00 1.0000e+00 0.0000e+00 0.0000e+00
 0.0000e+00 5.0000e+01 8.2944e+06 9.0000e-01 8.0000e+00]","[0.0000e+00 1.0000e+00 0.0000e+00 1.0000e+00 0.0000e+00 0.0000e+00
 0.0000e+00 5.0000e+01 8.2944e+06 9.0000e-01 8.0000e+00]","[0.0000e+00 0.0000e+00 0.0000e+00 0.0000e+00 0.0000e+00 0.0000e+00
 1.0000e+00 1.0000e+02 8.2944e+06 1.0000e-01 8.0000e+00]","[0.0000e+00 0.0000e+00 0.0000e+00 0.0000e+00 1.0000e+00 0.0000e+00
 0.0000e+00 4.0000e+02 8.2944e+06 1.0000e-01 8.0000e+00]","[0.0000e+00 0.0000e+00 0.0000e+00 0.0000e+00 1.0000e+00 0.0000e+00
 0.0000e+00 1.0000e+02 8.2944e+06 1.0000e-01 8.0000e+00]","[0.0000e+00 0.0000e+00 0.0000e+00 0.0000e+00 0.0000e+00 0.0000e+00
 1.0000e+00 1.0000e+02 8.2944e+06 1.0000e-01 8.0000e+00]","[0.0000e+00 0.0000e+00 0.0000e+00 0.0000e+00 0.0000e+00 0.0000e+00
 1.0000e+00 1.0000e+02 8.2944e+06 1.0000e-01 8.0000e+00]","[0.0000e+00 0.0000e+00 0.0000e+00 0.0000e+00 0.0000e+00 0.0000e+00
 1.0000e+00 2.0000e+02 8.2944e+06 1.0000e-01 8.0000e+00]","[0.0000e+00 0.0000e+00 0.0000e+00 0.0000e+00 0.0000e+00 0.0000e+00
 1.0000e+00 2.0000e+02 8.2944e+06 1.0000e-01 8.0000e+00]","[0.0000e+00 0.0000e+00 0.0000e+00 0.0000e+00 0.0000e+00 1.0000e+00
 1.0000e+00 2.0000e+02 8.2944e+06 1.0000e-01 8.0000e+00]","[0.0000e+00 0.0000e+00 1.0000e+00 0.0000e+00 0.0000e+00 0.0000e+00
 1.0000e+00 2.0000e+02 8.2944e+06 1.0000e-01 8.0000e+00]","[0.000e+00 0.000e+00 0.000e+00 1.000e+00 0.000e+00 1.000e+00 0.000e+00
 4.000e+02 3.072e+05 9.000e-01 8.000e+00]","[0.0000e+00 1.0000e+00 1.0000e+00 0.0000e+00 0.0000e+00 0.0000e+00
 1.0000e+00 2.0000e+02 8.2944e+06 1.0000e-01 8.0000e+00]","[1.000e+00 0.000e+00 0.000e+00 0.000e+00 0.000e+00 0.000e+00 0.000e+00
 4.000e+02 3.072e+05 1.000e-01 8.000e+00]","[0.0000e+00 1.0000e+00 1.0000e+00 0.0000e+00 1.0000e+00 0.0000e+00
 0.0000e+00 2.0000e+02 8.2944e+06 1.0000e-01 8.0000e+00]","[0.0000e+00 0.0000e+00 0.0000e+00 0.0000e+00 0.0000e+00 0.0000e+00
 1.0000e+00 2.0000e+02 8.2944e+06 1.0000e-01 8.0000e+00]","[1.0000e+00 1.0000e+00 0.0000e+00 0.0000e+00 0.0000e+00 0.0000e+00
 0.0000e+00 1.0000e+02 8.2944e+06 1.0000e-01 8.0000e+00]","[0.0000e+00 0.0000e+00 1.0000e+00 0.0000e+00 1.0000e+00 0.0000e+00
 0.0000e+00 1.0000e+02 8.2944e+06 1.0000e-01 8.0000e+00]","[0.0000e+00 0.0000e+00 0.0000e+00 1.0000e+00 0.0000e+00 0.0000e+00
 0.0000e+00 4.0000e+02 2.0736e+06 9.0000e-01 8.0000e+00]","[1.0000e+00 1.0000e+00 1.0000e+00 0.0000e+00 0.0000e+00 1.0000e+00
 0.0000e+00 2.0000e+02 8.2944e+06 1.0000e-01 8.0000e+00]","[0.0000e+00 0.0000e+00 1.0000e+00 0.0000e+00 0.0000e+00 0.0000e+00
 1.0000e+00 2.0000e+02 8.2944e+06 1.0000e-01 8.0000e+00]","[0.0000e+00 0.0000e+00 1.0000e+00 0.0000e+00 1.0000e+00 0.0000e+00
 0.0000e+00 1.0000e+02 8.2944e+06 1.0000e-01 8.0000e+00]","[0.0000e+00 0.0000e+00 1.0000e+00 0.0000e+00 0.0000e+00 0.0000e+00
 1.0000e+00 2.0000e+02 8.2944e+06 1.0000e-01 8.0000e+00]","[0.0000e+00 0.0000e+00 0.0000e+00 0.0000e+00 0.0000e+00 0.0000e+00
 1.0000e+00 1.0000e+02 8.2944e+06 1.0000e-01 4.0000e+00]","[0.0000e+00 0.0000e+00 1.0000e+00 0.0000e+00 0.0000e+00 0.0000e+00
 1.0000e+00 2.0000e+02 8.2944e+06 1.0000e-01 8.0000e+00]","[1.0000e+00 0.0000e+00 1.0000e+00 0.0000e+00 0.0000e+00 0.0000e+00
 0.0000e+00 4.0000e+02 8.2944e+06 1.0000e-01 8.0000e+00]","[0.0000e+00 0.0000e+00 0.0000e+00 0.0000e+00 1.0000e+00 0.0000e+00
 0.0000e+00 1.0000e+02 8.2944e+06 1.0000e-01 8.0000e+00]","[0.0000e+00 0.0000e+00 0.0000e+00 0.0000e+00 0.0000e+00 0.0000e+00
 1.0000e+00 2.0000e+02 8.2944e+06 1.0000e-01 8.0000e+00]","[0.0000e+00 0.0000e+00 0.0000e+00 0.0000e+00 1.0000e+00 0.0000e+00
 0.0000e+00 2.0000e+02 8.2944e+06 1.0000e-01 4.0000e+00]","[0.0000e+00 0.0000e+00 0.0000e+00 0.0000e+00 1.0000e+00 0.0000e+00
 0.0000e+00 2.0000e+02 8.2944e+06 1.0000e-01 4.0000e+00]","[0.0000e+00 0.0000e+00 0.0000e+00 0.0000e+00 0.0000e+00 0.0000e+00
 1.0000e+00 1.0000e+02 8.2944e+06 1.0000e-01 1.0000e+00]","[0.0000e+00 0.0000e+00 0.0000e+00 0.0000e+00 0.0000e+00 0.0000e+00
 1.0000e+00 1.0000e+02 8.2944e+06 1.0000e-01 2.0000e+00]","[0.0000e+00 0.0000e+00 0.0000e+00 0.0000e+00 0.0000e+00 0.0000e+00
 1.0000e+00 1.0000e+02 8.2944e+06 1.0000e-01 4.0000e+00]","[0.0000e+00 0.0000e+00 0.0000e+00 0.0000e+00 0.0000e+00 0.0000e+00
 1.0000e+00 5.0000e+01 8.2944e+06 1.0000e-01 4.0000e+00]","[0.0000e+00 0.0000e+00 0.0000e+00 1.0000e+00 0.0000e+00 0.0000e+00
 0.0000e+00 2.0000e+02 8.2944e+06 9.0000e-01 8.0000e+00]","[0.0000e+00 0.0000e+00 0.0000e+00 0.0000e+00 1.0000e+00 0.0000e+00
 0.0000e+00 5.0000e+01 8.2944e+06 1.0000e-01 2.0000e+00]","[0.0000e+00 0.0000e+00 0.0000e+00 0.0000e+00 0.0000e+00 0.0000e+00
 1.0000e+00 5.0000e+01 8.2944e+06 1.0000e-01 2.0000e+00]","[0.0000e+00 0.0000e+00 0.0000e+00 0.0000e+00 0.0000e+00 0.0000e+00
 1.0000e+00 2.0000e+02 8.2944e+06 1.0000e-01 1.0000e+00]","[0.0000e+00 0.0000e+00 0.0000e+00 0.0000e+00 0.0000e+00 0.0000e+00
 1.0000e+00 2.0000e+02 8.2944e+06 1.0000e-01 1.0000e+00]","[0.0000e+00 0.0000e+00 0.0000e+00 0.0000e+00 0.0000e+00 0.0000e+00
 1.0000e+00 2.0000e+02 8.2944e+06 1.0000e-01 1.0000e+00]","[0.0000e+00 0.0000e+00 0.0000e+00 0.0000e+00 0.0000e+00 0.0000e+00
 1.0000e+00 2.0000e+02 8.2944e+06 1.0000e-01 4.0000e+00]","[0.0000e+00 0.0000e+00 0.0000e+00 0.0000e+00 0.0000e+00 0.0000e+00
 1.0000e+00 2.0000e+02 8.2944e+06 1.0000e-01 2.0000e+00]","[0.0000e+00 0.0000e+00 0.0000e+00 0.0000e+00 0.0000e+00 0.0000e+00
 1.0000e+00 2.0000e+02 8.2944e+06 1.0000e-01 4.0000e+00]","[0.0000e+00 0.0000e+00 0.0000e+00 0.0000e+00 0.0000e+00 0.0000e+00
 1.0000e+00 2.0000e+02 8.2944e+06 1.0000e-01 2.0000e+00]","[0.0000e+00 0.0000e+00 0.0000e+00 0.0000e+00 0.0000e+00 1.0000e+00
 1.0000e+00 2.0000e+02 8.2944e+06 1.0000e-01 8.0000e+00]","[0.0000e+00 0.0000e+00 0.0000e+00 0.0000e+00 0.0000e+00 1.0000e+00
 1.0000e+00 2.0000e+02 8.2944e+06 1.0000e-01 4.0000e+00]","[0.0000e+00 1.0000e+00 0.0000e+00 0.0000e+00 1.0000e+00 0.0000e+00
 0.0000e+00 2.0000e+02 8.2944e+06 1.0000e-01 2.0000e+00]","[0.0000e+00 0.0000e+00 0.0000e+00 0.0000e+00 0.0000e+00 0.0000e+00
 1.0000e+00 2.0000e+02 8.2944e+06 1.0000e-01 4.0000e+00]","[0.0000e+00 0.0000e+00 0.0000e+00 0.0000e+00 1.0000e+00 1.0000e+00
 0.0000e+00 2.0000e+02 8.2944e+06 1.0000e-01 2.0000e+00]","[0.0000e+00 0.0000e+00 0.0000e+00 0.0000e+00 1.0000e+00 1.0000e+00
 0.0000e+00 1.0000e+02 8.2944e+06 1.0000e-01 4.0000e+00]","[0.0000e+00 0.0000e+00 0.0000e+00 0.0000e+00 0.0000e+00 1.0000e+00
 1.0000e+00 5.0000e+01 8.2944e+06 1.0000e-01 8.0000e+00]","[0.0000e+00 0.0000e+00 0.0000e+00 0.0000e+00 0.0000e+00 1.0000e+00
 1.0000e+00 1.0000e+02 8.2944e+06 1.0000e-01 4.0000e+00]","[0.0000e+00 0.0000e+00 0.0000e+00 0.0000e+00 0.0000e+00 1.0000e+00
 1.0000e+00 5.0000e+01 8.2944e+06 1.0000e-01 4.0000e+00]","[0.0000e+00 0.0000e+00 0.0000e+00 0.0000e+00 0.0000e+00 1.0000e+00
 1.0000e+00 1.0000e+02 8.2944e+06 1.0000e-01 8.0000e+00]","[0.0000e+00 0.0000e+00 0.0000e+00 0.0000e+00 1.0000e+00 0.0000e+00
 0.0000e+00 2.0000e+02 8.2944e+06 1.0000e-01 1.0000e+00]","[0.0000e+00 0.0000e+00 0.0000e+00 0.0000e+00 1.0000e+00 1.0000e+00
 0.0000e+00 5.0000e+01 8.2944e+06 1.0000e-01 4.0000e+00]","[0.0000e+00 0.0000e+00 0.0000e+00 0.0000e+00 0.0000e+00 0.0000e+00
 1.0000e+00 5.0000e+01 8.2944e+06 1.0000e-01 2.0000e+00]","[0.0000e+00 0.0000e+00 0.0000e+00 0.0000e+00 1.0000e+00 0.0000e+00
 0.0000e+00 5.0000e+01 8.2944e+06 1.0000e-01 4.0000e+00]","[0.0000e+00 0.0000e+00 0.0000e+00 0.0000e+00 0.0000e+00 0.0000e+00
 1.0000e+00 5.0000e+01 8.2944e+06 1.0000e-01 4.0000e+00]","[0.0000e+00 0.0000e+00 0.0000e+00 0.0000e+00 1.0000e+00 1.0000e+00
 0.0000e+00 5.0000e+01 8.2944e+06 1.0000e-01 8.0000e+00]","[0.0000e+00 0.0000e+00 0.0000e+00 0.0000e+00 0.0000e+00 1.0000e+00
 1.0000e+00 5.0000e+01 8.2944e+06 1.0000e-01 4.0000e+00]","[0.0000e+00 0.0000e+00 0.0000e+00 0.0000e+00 1.0000e+00 0.0000e+00
 0.0000e+00 5.0000e+01 8.2944e+06 1.0000e-01 8.0000e+00]","[0.0000e+00 0.0000e+00 0.0000e+00 0.0000e+00 1.0000e+00 0.0000e+00
 0.0000e+00 1.0000e+02 8.2944e+06 1.0000e-01 2.0000e+00]","[0.0000e+00 0.0000e+00 1.0000e+00 0.0000e+00 1.0000e+00 0.0000e+00
 0.0000e+00 2.0000e+02 8.2944e+06 1.0000e-01 4.0000e+00]","[0.0000e+00 1.0000e+00 0.0000e+00 0.0000e+00 0.0000e+00 0.0000e+00
 1.0000e+00 2.0000e+02 8.2944e+06 1.0000e-01 4.0000e+00]","[0.0000e+00 1.0000e+00 0.0000e+00 0.0000e+00 1.0000e+00 0.0000e+00
 0.0000e+00 2.0000e+02 8.2944e+06 1.0000e-01 2.0000e+00]","[0.0000e+00 0.0000e+00 0.0000e+00 0.0000e+00 0.0000e+00 0.0000e+00
 1.0000e+00 4.0000e+02 8.2944e+06 1.0000e-01 2.0000e+00]","[0.0000e+00 0.0000e+00 0.0000e+00 0.0000e+00 1.0000e+00 0.0000e+00
 0.0000e+00 4.0000e+02 8.2944e+06 1.0000e-01 1.0000e+00]","[0.0000e+00 0.0000e+00 0.0000e+00 0.0000e+00 0.0000e+00 0.0000e+00
 1.0000e+00 5.0000e+01 8.2944e+06 1.0000e-01 1.0000e+00]","[0.0000e+00 0.0000e+00 0.0000e+00 0.0000e+00 1.0000e+00 0.0000e+00
 0.0000e+00 5.0000e+01 8.2944e+06 1.0000e-01 1.0000e+00]","[0.0000e+00 0.0000e+00 0.0000e+00 0.0000e+00 0.0000e+00 1.0000e+00
 1.0000e+00 1.0000e+02 8.2944e+06 1.0000e-01 8.0000e+00]","[0.0000e+00 1.0000e+00 0.0000e+00 0.0000e+00 0.0000e+00 0.0000e+00
 1.0000e+00 1.0000e+02 8.2944e+06 1.0000e-01 4.0000e+00]","[0.0000e+00 1.0000e+00 0.0000e+00 0.0000e+00 1.0000e+00 0.0000e+00
 0.0000e+00 5.0000e+01 8.2944e+06 1.0000e-01 4.0000e+00]","[0.0000e+00 1.0000e+00 0.0000e+00 0.0000e+00 1.0000e+00 0.0000e+00
 0.0000e+00 5.0000e+01 8.2944e+06 1.0000e-01 4.0000e+00]","[0.0000e+00 1.0000e+00 0.0000e+00 0.0000e+00 0.0000e+00 0.0000e+00
 1.0000e+00 1.0000e+02 8.2944e+06 1.0000e-01 8.0000e+00]","[0.0000e+00 1.0000e+00 0.0000e+00 0.0000e+00 0.0000e+00 0.0000e+00
 1.0000e+00 1.0000e+02 8.2944e+06 1.0000e-01 4.0000e+00]","[0.0000e+00 0.0000e+00 0.0000e+00 0.0000e+00 0.0000e+00 0.0000e+00
 1.0000e+00 4.0000e+02 8.2944e+06 1.0000e-01 4.0000e+00]","[0.0000e+00 1.0000e+00 0.0000e+00 0.0000e+00 0.0000e+00 0.0000e+00
 1.0000e+00 5.0000e+01 8.2944e+06 1.0000e-01 4.0000e+00]","[0.0000e+00 0.0000e+00 0.0000e+00 1.0000e+00 0.0000e+00 0.0000e+00
 0.0000e+00 5.0000e+01 8.2944e+06 9.0000e-01 4.0000e+00]","[0.0000e+00 1.0000e+00 0.0000e+00 0.0000e+00 1.0000e+00 0.0000e+00
 0.0000e+00 4.0000e+02 8.2944e+06 1.0000e-01 4.0000e+00]","[0.0000e+00 1.0000e+00 0.0000e+00 0.0000e+00 1.0000e+00 0.0000e+00
 0.0000e+00 2.0000e+02 8.2944e+06 1.0000e-01 8.0000e+00]","[0.0000e+00 0.0000e+00 0.0000e+00 0.0000e+00 0.0000e+00 0.0000e+00
 1.0000e+00 2.0000e+02 8.2944e+06 1.0000e-01 8.0000e+00]","[0.0000e+00 0.0000e+00 0.0000e+00 0.0000e+00 1.0000e+00 0.0000e+00
 0.0000e+00 4.0000e+02 8.2944e+06 1.0000e-01 2.0000e+00]","[0.0000e+00 0.0000e+00 1.0000e+00 0.0000e+00 1.0000e+00 0.0000e+00
 0.0000e+00 5.0000e+01 8.2944e+06 1.0000e-01 1.0000e+00]","[0.0000e+00 0.0000e+00 0.0000e+00 1.0000e+00 0.0000e+00 0.0000e+00
 0.0000e+00 4.0000e+02 8.2944e+06 9.0000e-01 2.0000e+00]","[0.0000e+00 1.0000e+00 0.0000e+00 0.0000e+00 0.0000e+00 1.0000e+00
 1.0000e+00 5.0000e+01 8.2944e+06 1.0000e-01 4.0000e+00]","[0.0000e+00 0.0000e+00 0.0000e+00 0.0000e+00 0.0000e+00 0.0000e+00
 1.0000e+00 1.0000e+02 8.2944e+06 1.0000e-01 1.0000e+00]","[0.0000e+00 0.0000e+00 0.0000e+00 0.0000e+00 0.0000e+00 0.0000e+00
 1.0000e+00 5.0000e+01 8.2944e+06 1.0000e-01 8.0000e+00]","[0.0000e+00 0.0000e+00 0.0000e+00 0.0000e+00 0.0000e+00 0.0000e+00
 1.0000e+00 5.0000e+01 8.2944e+06 1.0000e-01 1.0000e+00]","[0.0000e+00 1.0000e+00 0.0000e+00 0.0000e+00 1.0000e+00 1.0000e+00
 0.0000e+00 1.0000e+02 8.2944e+06 1.0000e-01 8.0000e+00]","[0.0000e+00 1.0000e+00 0.0000e+00 0.0000e+00 0.0000e+00 0.0000e+00
 1.0000e+00 1.0000e+02 8.2944e+06 1.0000e-01 8.0000e+00]","[0.0000e+00 1.0000e+00 0.0000e+00 0.0000e+00 0.0000e+00 0.0000e+00
 1.0000e+00 2.0000e+02 8.2944e+06 1.0000e-01 8.0000e+00]","[0.0000e+00 1.0000e+00 0.0000e+00 0.0000e+00 0.0000e+00 0.0000e+00
 1.0000e+00 1.0000e+02 8.2944e+06 1.0000e-01 1.0000e+00]","[0.0000e+00 1.0000e+00 0.0000e+00 0.0000e+00 0.0000e+00 0.0000e+00
 1.0000e+00 4.0000e+02 8.2944e+06 1.0000e-01 4.0000e+00]","[0.0000e+00 1.0000e+00 0.0000e+00 0.0000e+00 1.0000e+00 0.0000e+00
 0.0000e+00 1.0000e+02 8.2944e+06 1.0000e-01 1.0000e+00]","[0.0000e+00 0.0000e+00 1.0000e+00 0.0000e+00 1.0000e+00 0.0000e+00
 0.0000e+00 2.0000e+02 8.2944e+06 1.0000e-01 8.0000e+00]","[0.0000e+00 1.0000e+00 0.0000e+00 0.0000e+00 1.0000e+00 0.0000e+00
 0.0000e+00 1.0000e+02 8.2944e+06 1.0000e-01 2.0000e+00]","[0.0000e+00 0.0000e+00 1.0000e+00 0.0000e+00 1.0000e+00 1.0000e+00
 0.0000e+00 2.0000e+02 8.2944e+06 1.0000e-01 8.0000e+00]","[0.0000e+00 1.0000e+00 0.0000e+00 0.0000e+00 0.0000e+00 0.0000e+00
 1.0000e+00 1.0000e+02 8.2944e+06 1.0000e-01 8.0000e+00]","[0.0000e+00 1.0000e+00 0.0000e+00 0.0000e+00 0.0000e+00 0.0000e+00
 1.0000e+00 1.0000e+02 8.2944e+06 1.0000e-01 4.0000e+00]","[0.0000e+00 1.0000e+00 0.0000e+00 0.0000e+00 1.0000e+00 0.0000e+00
 0.0000e+00 2.0000e+02 8.2944e+06 1.0000e-01 4.0000e+00]","[0.0000e+00 0.0000e+00 0.0000e+00 0.0000e+00 0.0000e+00 1.0000e+00
 1.0000e+00 1.0000e+02 8.2944e+06 1.0000e-01 8.0000e+00]","[0.0000e+00 0.0000e+00 0.0000e+00 1.0000e+00 0.0000e+00 0.0000e+00
 0.0000e+00 1.0000e+02 8.2944e+06 1.0000e-01 8.0000e+00]","[0.0000e+00 1.0000e+00 0.0000e+00 0.0000e+00 1.0000e+00 0.0000e+00
 0.0000e+00 1.0000e+02 8.2944e+06 1.0000e-01 4.0000e+00]","[0.0000e+00 0.0000e+00 1.0000e+00 0.0000e+00 0.0000e+00 0.0000e+00
 1.0000e+00 4.0000e+02 8.2944e+06 1.0000e-01 2.0000e+00]","[1.0000e+00 0.0000e+00 0.0000e+00 0.0000e+00 0.0000e+00 0.0000e+00
 0.0000e+00 4.0000e+02 8.2944e+06 1.0000e-01 2.0000e+00]","[0.0000e+00 0.0000e+00 1.0000e+00 0.0000e+00 0.0000e+00 0.0000e+00
 1.0000e+00 2.0000e+02 8.2944e+06 1.0000e-01 2.0000e+00]","[0.0000e+00 0.0000e+00 1.0000e+00 0.0000e+00 1.0000e+00 0.0000e+00
 0.0000e+00 2.0000e+02 8.2944e+06 1.0000e-01 8.0000e+00]","[0.0000e+00 1.0000e+00 0.0000e+00 0.0000e+00 1.0000e+00 0.0000e+00
 0.0000e+00 1.0000e+02 8.2944e+06 1.0000e-01 1.0000e+00]","[0.0000e+00 0.0000e+00 0.0000e+00 0.0000e+00 0.0000e+00 1.0000e+00
 1.0000e+00 2.0000e+02 8.2944e+06 1.0000e-01 8.0000e+00]","[0.0000e+00 1.0000e+00 0.0000e+00 0.0000e+00 1.0000e+00 1.0000e+00
 0.0000e+00 1.0000e+02 8.2944e+06 1.0000e-01 8.0000e+00]","[0.0000e+00 1.0000e+00 1.0000e+00 0.0000e+00 0.0000e+00 0.0000e+00
 1.0000e+00 1.0000e+02 8.2944e+06 1.0000e-01 4.0000e+00]","[1.0000e+00 0.0000e+00 1.0000e+00 0.0000e+00 0.0000e+00 0.0000e+00
 0.0000e+00 4.0000e+02 8.2944e+06 1.0000e-01 4.0000e+00]","[0.0000e+00 1.0000e+00 1.0000e+00 0.0000e+00 1.0000e+00 0.0000e+00
 0.0000e+00 2.0000e+02 8.2944e+06 1.0000e-01 4.0000e+00]","[0.0000e+00 0.0000e+00 0.0000e+00 0.0000e+00 0.0000e+00 1.0000e+00
 1.0000e+00 1.0000e+02 8.2944e+06 1.0000e-01 8.0000e+00]","[0.0000e+00 1.0000e+00 0.0000e+00 1.0000e+00 0.0000e+00 0.0000e+00
 0.0000e+00 2.0000e+02 8.2944e+06 9.0000e-01 4.0000e+00]","[0.0000e+00 0.0000e+00 0.0000e+00 0.0000e+00 0.0000e+00 1.0000e+00
 1.0000e+00 1.0000e+02 8.2944e+06 1.0000e-01 1.0000e+00]","[0.0000e+00 0.0000e+00 0.0000e+00 0.0000e+00 0.0000e+00 1.0000e+00
 1.0000e+00 2.0000e+02 8.2944e+06 1.0000e-01 1.0000e+00]","[0.0000e+00 0.0000e+00 0.0000e+00 0.0000e+00 1.0000e+00 1.0000e+00
 0.0000e+00 5.0000e+01 8.2944e+06 1.0000e-01 1.0000e+00]","[0.0000e+00 0.0000e+00 0.0000e+00 0.0000e+00 0.0000e+00 1.0000e+00
 1.0000e+00 4.0000e+02 8.2944e+06 1.0000e-01 4.0000e+00]","[0.0000e+00 0.0000e+00 0.0000e+00 0.0000e+00 0.0000e+00 1.0000e+00
 1.0000e+00 1.0000e+02 8.2944e+06 1.0000e-01 4.0000e+00]","[0.0000e+00 0.0000e+00 0.0000e+00 0.0000e+00 0.0000e+00 1.0000e+00
 1.0000e+00 2.0000e+02 8.2944e+06 1.0000e-01 8.0000e+00]","[0.0000e+00 0.0000e+00 0.0000e+00 0.0000e+00 0.0000e+00 0.0000e+00
 1.0000e+00 1.0000e+02 8.2944e+06 1.0000e-01 1.0000e+00]","[1.0000e+00 0.0000e+00 0.0000e+00 0.0000e+00 0.0000e+00 0.0000e+00
 0.0000e+00 1.0000e+02 8.2944e+06 1.0000e-01 2.0000e+00]","[1.0000e+00 0.0000e+00 0.0000e+00 0.0000e+00 0.0000e+00 1.0000e+00
 0.0000e+00 2.0000e+02 8.2944e+06 1.0000e-01 1.0000e+00]","[0.0000e+00 0.0000e+00 0.0000e+00 0.0000e+00 0.0000e+00 1.0000e+00
 1.0000e+00 1.0000e+02 8.2944e+06 1.0000e-01 2.0000e+00]","[0.0000e+00 1.0000e+00 1.0000e+00 0.0000e+00 0.0000e+00 1.0000e+00
 1.0000e+00 2.0000e+02 8.2944e+06 1.0000e-01 4.0000e+00]","[0.0000e+00 1.0000e+00 1.0000e+00 1.0000e+00 0.0000e+00 0.0000e+00
 0.0000e+00 1.0000e+02 8.2944e+06 9.0000e-01 4.0000e+00]","[0.0000e+00 0.0000e+00 0.0000e+00 0.0000e+00 0.0000e+00 1.0000e+00
 1.0000e+00 2.0000e+02 8.2944e+06 1.0000e-01 2.0000e+00]","[0.0000e+00 0.0000e+00 0.0000e+00 0.0000e+00 1.0000e+00 0.0000e+00
 0.0000e+00 4.0000e+02 8.2944e+06 1.0000e-01 8.0000e+00]","[0.0000e+00 0.0000e+00 0.0000e+00 0.0000e+00 0.0000e+00 1.0000e+00
 1.0000e+00 1.0000e+02 8.2944e+06 1.0000e-01 1.0000e+00]","[0.0000e+00 0.0000e+00 0.0000e+00 0.0000e+00 0.0000e+00 1.0000e+00
 1.0000e+00 2.0000e+02 8.2944e+06 1.0000e-01 4.0000e+00]","[0.0000e+00 0.0000e+00 0.0000e+00 0.0000e+00 1.0000e+00 1.0000e+00
 0.0000e+00 1.0000e+02 8.2944e+06 1.0000e-01 2.0000e+00]","[0.0000e+00 0.0000e+00 0.0000e+00 0.0000e+00 0.0000e+00 1.0000e+00
 1.0000e+00 1.0000e+02 8.2944e+06 1.0000e-01 2.0000e+00]","[1.0000e+00 0.0000e+00 1.0000e+00 0.0000e+00 0.0000e+00 0.0000e+00
 0.0000e+00 2.0000e+02 8.2944e+06 1.0000e-01 4.0000e+00]","[1.0000e+00 0.0000e+00 0.0000e+00 0.0000e+00 0.0000e+00 1.0000e+00
 0.0000e+00 1.0000e+02 8.2944e+06 1.0000e-01 1.0000e+00]","[1.0000e+00 1.0000e+00 0.0000e+00 0.0000e+00 0.0000e+00 0.0000e+00
 0.0000e+00 2.0000e+02 8.2944e+06 1.0000e-01 4.0000e+00]","[0.0000e+00 0.0000e+00 0.0000e+00 0.0000e+00 0.0000e+00 0.0000e+00
 1.0000e+00 4.0000e+02 8.2944e+06 1.0000e-01 8.0000e+00]","[0.0000e+00 0.0000e+00 0.0000e+00 0.0000e+00 0.0000e+00 0.0000e+00
 1.0000e+00 1.0000e+02 8.2944e+06 1.0000e-01 8.0000e+00]","[0.0000e+00 1.0000e+00 1.0000e+00 0.0000e+00 1.0000e+00 0.0000e+00
 0.0000e+00 1.0000e+02 8.2944e+06 1.0000e-01 1.0000e+00]","[0.0000e+00 1.0000e+00 1.0000e+00 0.0000e+00 0.0000e+00 0.0000e+00
 1.0000e+00 1.0000e+02 8.2944e+06 1.0000e-01 8.0000e+00]","[1.0000e+00 0.0000e+00 0.0000e+00 0.0000e+00 0.0000e+00 0.0000e+00
 0.0000e+00 5.0000e+01 8.2944e+06 1.0000e-01 2.0000e+00]","[0.0000e+00 1.0000e+00 0.0000e+00 0.0000e+00 0.0000e+00 1.0000e+00
 1.0000e+00 2.0000e+02 8.2944e+06 1.0000e-01 4.0000e+00]","[0.0000e+00 0.0000e+00 0.0000e+00 0.0000e+00 0.0000e+00 0.0000e+00
 1.0000e+00 4.0000e+02 8.2944e+06 1.0000e-01 1.0000e+00]","[0.0000e+00 1.0000e+00 1.0000e+00 0.0000e+00 1.0000e+00 0.0000e+00
 0.0000e+00 5.0000e+01 8.2944e+06 1.0000e-01 8.0000e+00]","[0.0000e+00 0.0000e+00 1.0000e+00 0.0000e+00 0.0000e+00 0.0000e+00
 1.0000e+00 2.0000e+02 8.2944e+06 1.0000e-01 8.0000e+00]","[0.0000e+00 0.0000e+00 1.0000e+00 1.0000e+00 0.0000e+00 1.0000e+00
 0.0000e+00 2.0000e+02 8.2944e+06 1.0000e-01 8.0000e+00]","[0.0000e+00 0.0000e+00 0.0000e+00 0.0000e+00 1.0000e+00 1.0000e+00
 0.0000e+00 1.0000e+02 8.2944e+06 1.0000e-01 1.0000e+00]","[0.0000e+00 1.0000e+00 0.0000e+00 0.0000e+00 1.0000e+00 1.0000e+00
 0.0000e+00 4.0000e+02 8.2944e+06 1.0000e-01 4.0000e+00]","[1.0000e+00 0.0000e+00 0.0000e+00 0.0000e+00 0.0000e+00 0.0000e+00
 0.0000e+00 2.0000e+02 8.2944e+06 1.0000e-01 8.0000e+00]","[0.0000e+00 0.0000e+00 0.0000e+00 1.0000e+00 0.0000e+00 1.0000e+00
 0.0000e+00 1.0000e+02 8.2944e+06 9.0000e-01 4.0000e+00]","[0.0000e+00 1.0000e+00 0.0000e+00 0.0000e+00 0.0000e+00 0.0000e+00
 1.0000e+00 4.0000e+02 8.2944e+06 1.0000e-01 8.0000e+00]","[0.0000e+00 1.0000e+00 0.0000e+00 0.0000e+00 1.0000e+00 1.0000e+00
 0.0000e+00 2.0000e+02 8.2944e+06 1.0000e-01 4.0000e+00]","[0.000e+00 1.000e+00 0.000e+00 1.000e+00 0.000e+00 0.000e+00 0.000e+00
 5.000e+01 3.072e+05 9.000e-01 8.000e+00]","[0.0000e+00 0.0000e+00 0.0000e+00 0.0000e+00 0.0000e+00 1.0000e+00
 1.0000e+00 2.0000e+02 8.2944e+06 1.0000e-01 8.0000e+00]","[0.0000e+00 0.0000e+00 1.0000e+00 0.0000e+00 0.0000e+00 1.0000e+00
 1.0000e+00 5.0000e+01 8.2944e+06 1.0000e-01 8.0000e+00]","[0.0000e+00 1.0000e+00 0.0000e+00 0.0000e+00 0.0000e+00 0.0000e+00
 1.0000e+00 5.0000e+01 8.2944e+06 1.0000e-01 4.0000e+00]","[0.0000e+00 1.0000e+00 1.0000e+00 0.0000e+00 1.0000e+00 0.0000e+00
 0.0000e+00 1.0000e+02 8.2944e+06 1.0000e-01 8.0000e+00]","[0.0000e+00 1.0000e+00 0.0000e+00 0.0000e+00 0.0000e+00 1.0000e+00
 1.0000e+00 4.0000e+02 8.2944e+06 1.0000e-01 8.0000e+00]","[0.0000e+00 1.0000e+00 0.0000e+00 0.0000e+00 0.0000e+00 1.0000e+00
 1.0000e+00 1.0000e+02 8.2944e+06 1.0000e-01 4.0000e+00]","[0.0000e+00 1.0000e+00 1.0000e+00 0.0000e+00 0.0000e+00 1.0000e+00
 1.0000e+00 1.0000e+02 8.2944e+06 1.0000e-01 4.0000e+00]","[1.0000e+00 0.0000e+00 0.0000e+00 0.0000e+00 0.0000e+00 1.0000e+00
 0.0000e+00 1.0000e+02 8.2944e+06 1.0000e-01 8.0000e+00]","[0.0000e+00 1.0000e+00 0.0000e+00 0.0000e+00 0.0000e+00 0.0000e+00
 1.0000e+00 1.0000e+02 8.2944e+06 1.0000e-01 1.0000e+00]","[0.0000e+00 1.0000e+00 0.0000e+00 0.0000e+00 0.0000e+00 1.0000e+00
 1.0000e+00 1.0000e+02 8.2944e+06 1.0000e-01 1.0000e+00]","[0.0000e+00 0.0000e+00 0.0000e+00 0.0000e+00 0.0000e+00 1.0000e+00
 1.0000e+00 4.0000e+02 8.2944e+06 1.0000e-01 2.0000e+00]","[0.0000e+00 0.0000e+00 0.0000e+00 0.0000e+00 0.0000e+00 1.0000e+00
 1.0000e+00 4.0000e+02 8.2944e+06 1.0000e-01 1.0000e+00]","[0.0000e+00 1.0000e+00 0.0000e+00 0.0000e+00 1.0000e+00 1.0000e+00
 0.0000e+00 1.0000e+02 8.2944e+06 1.0000e-01 1.0000e+00]","[0.0000e+00 1.0000e+00 0.0000e+00 0.0000e+00 0.0000e+00 0.0000e+00
 1.0000e+00 5.0000e+01 8.2944e+06 1.0000e-01 1.0000e+00]","[0.0000e+00 1.0000e+00 0.0000e+00 0.0000e+00 1.0000e+00 0.0000e+00
 0.0000e+00 5.0000e+01 8.2944e+06 1.0000e-01 1.0000e+00]","[1.0000e+00 1.0000e+00 0.0000e+00 0.0000e+00 0.0000e+00 0.0000e+00
 0.0000e+00 5.0000e+01 8.2944e+06 1.0000e-01 1.0000e+00]","[0.0000e+00 1.0000e+00 0.0000e+00 0.0000e+00 1.0000e+00 0.0000e+00
 0.0000e+00 5.0000e+01 8.2944e+06 1.0000e-01 2.0000e+00]","[0.0000e+00 1.0000e+00 0.0000e+00 0.0000e+00 1.0000e+00 0.0000e+00
 0.0000e+00 1.0000e+02 8.2944e+06 1.0000e-01 1.0000e+00]","[0.0000e+00 0.0000e+00 0.0000e+00 0.0000e+00 1.0000e+00 0.0000e+00
 0.0000e+00 5.0000e+01 8.2944e+06 1.0000e-01 1.0000e+00]","[0.000e+00 0.000e+00 0.000e+00 1.000e+00 0.000e+00 0.000e+00 0.000e+00
 5.000e+01 3.072e+05 9.000e-01 4.000e+00]","[0.0000e+00 0.0000e+00 0.0000e+00 0.0000e+00 1.0000e+00 1.0000e+00
 0.0000e+00 4.0000e+02 8.2944e+06 1.0000e-01 8.0000e+00]","[0.0000e+00 1.0000e+00 0.0000e+00 0.0000e+00 0.0000e+00 1.0000e+00
 1.0000e+00 1.0000e+02 8.2944e+06 1.0000e-01 4.0000e+00]","[0.0000e+00 1.0000e+00 0.0000e+00 0.0000e+00 1.0000e+00 1.0000e+00
 0.0000e+00 1.0000e+02 8.2944e+06 1.0000e-01 4.0000e+00]","[0.0000e+00 0.0000e+00 1.0000e+00 0.0000e+00 1.0000e+00 1.0000e+00
 0.0000e+00 4.0000e+02 8.2944e+06 1.0000e-01 2.0000e+00]","[0.0000e+00 1.0000e+00 0.0000e+00 0.0000e+00 0.0000e+00 0.0000e+00
 1.0000e+00 2.0000e+02 8.2944e+06 1.0000e-01 1.0000e+00]","[0.0000e+00 1.0000e+00 1.0000e+00 0.0000e+00 0.0000e+00 0.0000e+00
 1.0000e+00 4.0000e+02 8.2944e+06 1.0000e-01 1.0000e+00]","[1.000e+00 0.000e+00 0.000e+00 0.000e+00 0.000e+00 0.000e+00 0.000e+00
 4.000e+02 3.072e+05 1.000e-01 8.000e+00]","[0.0000e+00 1.0000e+00 1.0000e+00 0.0000e+00 0.0000e+00 0.0000e+00
 1.0000e+00 4.0000e+02 8.2944e+06 1.0000e-01 1.0000e+00]","[0.0000e+00 1.0000e+00 0.0000e+00 0.0000e+00 0.0000e+00 0.0000e+00
 1.0000e+00 4.0000e+02 8.2944e+06 1.0000e-01 1.0000e+00]","[0.000e+00 0.000e+00 0.000e+00 1.000e+00 0.000e+00 0.000e+00 0.000e+00
 1.000e+02 3.072e+05 1.000e-01 8.000e+00]","[0.0000e+00 1.0000e+00 0.0000e+00 0.0000e+00 1.0000e+00 0.0000e+00
 0.0000e+00 4.0000e+02 2.0736e+06 1.0000e-01 8.0000e+00]","[0.0000e+00 0.0000e+00 0.0000e+00 1.0000e+00 0.0000e+00 1.0000e+00
 0.0000e+00 4.0000e+02 8.2944e+06 9.0000e-01 1.0000e+00]","[0.0000e+00 1.0000e+00 0.0000e+00 0.0000e+00 1.0000e+00 1.0000e+00
 0.0000e+00 5.0000e+01 8.2944e+06 1.0000e-01 1.0000e+00]"
1.5,1.61,1.25,1.84,3.0,1.77,1.42,1.11,1.03,1.82,1.36,0.99,0.98,1.12,0.96,0.94,1.17,1.08,1.12,1.2,1.23,1.01,0.92,1.05,1.11,1.13,1.06,1.22,1.22,1.31,1.1,1.25,1.57,1.22,1.19,0.94,1.53,1.53,1.18,2.91,2.87,1.18,1.18,1.19,1.19,1.28,1.26,1.03,1.3,0.92,3.0,1.19,1.63,2.83,1.2,1.96,1.26,2.83,1.26,1.2,1.26,1.9,2.87,1.19,3.06,3.06,1.17,1.15,1.2,1.17,1.73,2.89,1.2,1.21,1.21,1.21,1.17,1.18,1.17,1.18,1.28,1.19,2.72,1.17,2.87,3.26,1.21,1.25,1.2,1.27,2.63,3.17,1.2,3.14,1.17,3.05,1.2,2.77,2.67,3.04,1.18,2.72,1.18,2.85,1.17,2.65,1.27,1.21,3.07,3.07,1.24,1.21,1.21,1.2,1.5,3.08,3.06,1.19,2.86,2.74,1.75,1.26,1.17,1.18,1.17,3.03,1.24,1.19,1.19,1.19,2.68,2.91,2.73,3.01,1.24,1.21,3.01,1.27,1.63,3.11,1.28,1.78,1.35,2.91,2.68,1.28,3.03,1.31,1.87,3.24,1.27,1.68,1.24,1.21,2.76,1.28,1.25,1.28,1.17,1.73,1.89,1.21,1.31,1.76,1.27,2.91,1.24,1.19,2.9,1.21,1.98,1.68,1.77,1.21,1.18,2.77,1.3,1.7,1.3,1.17,3.0,1.26,1.8,2.74,3.17,1.72,1.6,1.16,3.19,0.94,1.28,1.31,1.2,3.13,1.21,1.2,1.36,1.73,1.19,1.27,1.25,1.16,2.66,1.15,2.67,1.7,2.64,2.68,2.65,0.95,3.06,1.2,3.21,2.85,1.17,1.31,0.92,1.31,1.24,0.97,1.47,1.69,2.67
165
