1,2,3,4,5,6,7,8,9,10,11,12,13,14,15,16,17,18,19,20,21,22,23,24,25,26,27,28,29,30,31,32,33,34,35,36,37,38,39,40,41,42,43,44,45,46,47,48,49,50,51,52,53,54,55,56,57,58,59,60,61,62,63,64,65,66,67,68,69,70,71,72,73,74,75,76,77,78,79,80,81,82,83,84,85,86,87,88,89,90,91,92,93,94,95,96,97,98,99,100,101,102,103,104,105,106,107,108,109,110,111,112,113,114,115,116,117,118,119,120,121,122,123,124,125,126,127,128,129,130,131,132,133,134,135,136,137,138,139,140,141,142,143,144,145,146,147,148,149,150,151,152,153,154,155,156,157,158,159,160,161,162,163,164,165,166,167,168,169,170,171,172,173,174,175,176,177,178,179,180,181,182,183,184,185,186,187,188,189,190,191,192,193,194,195,196,197,198,199,200,201,202,203,204,205,206,207,208,209,210,211,212,213,214,215,216,217
"[1.0000e+00 0.0000e+00 1.0000e+00 0.0000e+00 0.0000e+00 0.0000e+00
 0.0000e+00 5.0000e+01 2.0736e+06 1.0000e-01 8.0000e+00]","[1.000e+00 0.000e+00 1.000e+00 0.000e+00 0.000e+00 1.000e+00 0.000e+00
 2.000e+02 3.072e+05 1.000e-01 1.000e+00]","[0.0000e+00 1.0000e+00 1.0000e+00 1.0000e+00 0.0000e+00 0.0000e+00
 0.0000e+00 4.0000e+02 8.2944e+06 9.0000e-01 4.0000e+00]","[0.000e+00 0.000e+00 0.000e+00 0.000e+00 1.000e+00 1.000e+00 0.000e+00
 2.000e+02 3.072e+05 1.000e-01 8.000e+00]","[1.0000e+00 1.0000e+00 0.0000e+00 0.0000e+00 0.0000e+00 1.0000e+00
 0.0000e+00 2.0000e+02 2.0736e+06 1.0000e-01 2.0000e+00]","[0.000e+00 1.000e+00 0.000e+00 1.000e+00 0.000e+00 0.000e+00 0.000e+00
 4.000e+02 3.072e+05 1.000e-01 8.000e+00]","[0.0000e+00 1.0000e+00 1.0000e+00 1.0000e+00 0.0000e+00 0.0000e+00
 0.0000e+00 1.0000e+02 8.2944e+06 9.0000e-01 2.0000e+00]","[0.0000e+00 0.0000e+00 0.0000e+00 1.0000e+00 0.0000e+00 1.0000e+00
 0.0000e+00 4.0000e+02 2.0736e+06 9.0000e-01 8.0000e+00]","[0.000e+00 0.000e+00 1.000e+00 1.000e+00 0.000e+00 0.000e+00 0.000e+00
 5.000e+01 3.072e+05 9.000e-01 1.000e+00]","[1.0000e+00 1.0000e+00 0.0000e+00 0.0000e+00 0.0000e+00 1.0000e+00
 0.0000e+00 2.0000e+02 2.0736e+06 1.0000e-01 8.0000e+00]","[0.0000e+00 1.0000e+00 1.0000e+00 1.0000e+00 0.0000e+00 1.0000e+00
 0.0000e+00 1.0000e+02 8.2944e+06 9.0000e-01 2.0000e+00]","[1.000e+00 0.000e+00 0.000e+00 0.000e+00 0.000e+00 1.000e+00 0.000e+00
 1.000e+02 3.072e+05 1.000e-01 2.000e+00]","[1.000e+00 1.000e+00 1.000e+00 0.000e+00 0.000e+00 1.000e+00 0.000e+00
 5.000e+01 3.072e+05 1.000e-01 1.000e+00]","[0.000e+00 1.000e+00 1.000e+00 0.000e+00 1.000e+00 1.000e+00 0.000e+00
 4.000e+02 3.072e+05 1.000e-01 1.000e+00]","[1.0000e+00 1.0000e+00 1.0000e+00 0.0000e+00 0.0000e+00 1.0000e+00
 0.0000e+00 4.0000e+02 8.2944e+06 1.0000e-01 4.0000e+00]","[0.000e+00 1.000e+00 0.000e+00 0.000e+00 1.000e+00 1.000e+00 0.000e+00
 5.000e+01 3.072e+05 1.000e-01 1.000e+00]","[1.0000e+00 0.0000e+00 1.0000e+00 0.0000e+00 0.0000e+00 1.0000e+00
 0.0000e+00 5.0000e+01 2.0736e+06 1.0000e-01 4.0000e+00]","[1.000e+00 0.000e+00 0.000e+00 0.000e+00 0.000e+00 1.000e+00 0.000e+00
 5.000e+01 3.072e+05 1.000e-01 8.000e+00]","[0.0000e+00 0.0000e+00 1.0000e+00 1.0000e+00 0.0000e+00 1.0000e+00
 0.0000e+00 4.0000e+02 8.2944e+06 1.0000e-01 2.0000e+00]","[1.000e+00 1.000e+00 0.000e+00 0.000e+00 0.000e+00 1.000e+00 0.000e+00
 1.000e+02 3.072e+05 1.000e-01 1.000e+00]","[0.000e+00 1.000e+00 1.000e+00 0.000e+00 1.000e+00 0.000e+00 0.000e+00
 5.000e+01 3.072e+05 1.000e-01 4.000e+00]","[0.0000e+00 1.0000e+00 0.0000e+00 1.0000e+00 0.0000e+00 1.0000e+00
 0.0000e+00 4.0000e+02 2.0736e+06 9.0000e-01 4.0000e+00]","[0.0000e+00 0.0000e+00 0.0000e+00 0.0000e+00 1.0000e+00 1.0000e+00
 0.0000e+00 2.0000e+02 2.0736e+06 1.0000e-01 4.0000e+00]","[1.0000e+00 1.0000e+00 0.0000e+00 0.0000e+00 0.0000e+00 1.0000e+00
 0.0000e+00 1.0000e+02 8.2944e+06 1.0000e-01 2.0000e+00]","[0.000e+00 0.000e+00 1.000e+00 1.000e+00 0.000e+00 1.000e+00 0.000e+00
 1.000e+02 3.072e+05 9.000e-01 4.000e+00]","[0.0000e+00 1.0000e+00 0.0000e+00 0.0000e+00 1.0000e+00 0.0000e+00
 0.0000e+00 5.0000e+01 2.0736e+06 1.0000e-01 1.0000e+00]","[0.0000e+00 1.0000e+00 0.0000e+00 0.0000e+00 1.0000e+00 1.0000e+00
 0.0000e+00 1.0000e+02 2.0736e+06 1.0000e-01 2.0000e+00]","[0.0000e+00 0.0000e+00 1.0000e+00 1.0000e+00 0.0000e+00 1.0000e+00
 0.0000e+00 1.0000e+02 8.2944e+06 9.0000e-01 1.0000e+00]","[0.0000e+00 1.0000e+00 1.0000e+00 1.0000e+00 0.0000e+00 0.0000e+00
 0.0000e+00 4.0000e+02 8.2944e+06 9.0000e-01 8.0000e+00]","[1.0000e+00 0.0000e+00 1.0000e+00 0.0000e+00 0.0000e+00 1.0000e+00
 0.0000e+00 2.0000e+02 8.2944e+06 1.0000e-01 1.0000e+00]","[0.0000e+00 0.0000e+00 1.0000e+00 1.0000e+00 0.0000e+00 1.0000e+00
 0.0000e+00 4.0000e+02 8.2944e+06 9.0000e-01 1.0000e+00]","[0.0000e+00 1.0000e+00 0.0000e+00 1.0000e+00 0.0000e+00 0.0000e+00
 0.0000e+00 5.0000e+01 8.2944e+06 9.0000e-01 4.0000e+00]","[0.0000e+00 0.0000e+00 0.0000e+00 1.0000e+00 0.0000e+00 1.0000e+00
 0.0000e+00 1.0000e+02 8.2944e+06 1.0000e-01 8.0000e+00]","[0.000e+00 1.000e+00 1.000e+00 0.000e+00 0.000e+00 0.000e+00 1.000e+00
 4.000e+02 3.072e+05 1.000e-01 8.000e+00]","[0.0000e+00 0.0000e+00 0.0000e+00 1.0000e+00 0.0000e+00 0.0000e+00
 0.0000e+00 5.0000e+01 2.0736e+06 1.0000e-01 4.0000e+00]","[0.000e+00 1.000e+00 0.000e+00 1.000e+00 0.000e+00 1.000e+00 0.000e+00
 5.000e+01 3.072e+05 1.000e-01 4.000e+00]","[0.0000e+00 1.0000e+00 1.0000e+00 0.0000e+00 1.0000e+00 1.0000e+00
 0.0000e+00 1.0000e+02 8.2944e+06 1.0000e-01 2.0000e+00]","[0.0000e+00 0.0000e+00 1.0000e+00 1.0000e+00 0.0000e+00 1.0000e+00
 0.0000e+00 2.0000e+02 2.0736e+06 9.0000e-01 4.0000e+00]","[0.000e+00 0.000e+00 0.000e+00 0.000e+00 1.000e+00 1.000e+00 0.000e+00
 1.000e+02 3.072e+05 1.000e-01 4.000e+00]","[0.0000e+00 1.0000e+00 1.0000e+00 1.0000e+00 0.0000e+00 0.0000e+00
 0.0000e+00 5.0000e+01 2.0736e+06 9.0000e-01 2.0000e+00]","[1.0000e+00 0.0000e+00 1.0000e+00 0.0000e+00 0.0000e+00 0.0000e+00
 0.0000e+00 1.0000e+02 2.0736e+06 1.0000e-01 2.0000e+00]","[1.0000e+00 0.0000e+00 1.0000e+00 0.0000e+00 0.0000e+00 1.0000e+00
 0.0000e+00 2.0000e+02 8.2944e+06 1.0000e-01 4.0000e+00]","[1.0000e+00 0.0000e+00 0.0000e+00 0.0000e+00 0.0000e+00 1.0000e+00
 0.0000e+00 2.0000e+02 2.0736e+06 1.0000e-01 4.0000e+00]","[1.000e+00 0.000e+00 0.000e+00 0.000e+00 0.000e+00 0.000e+00 0.000e+00
 2.000e+02 3.072e+05 1.000e-01 1.000e+00]","[0.0000e+00 0.0000e+00 0.0000e+00 1.0000e+00 0.0000e+00 1.0000e+00
 0.0000e+00 4.0000e+02 8.2944e+06 9.0000e-01 8.0000e+00]","[0.000e+00 0.000e+00 0.000e+00 1.000e+00 0.000e+00 0.000e+00 0.000e+00
 5.000e+01 3.072e+05 9.000e-01 8.000e+00]","[0.000e+00 0.000e+00 1.000e+00 1.000e+00 0.000e+00 1.000e+00 0.000e+00
 5.000e+01 3.072e+05 1.000e-01 4.000e+00]","[1.000e+00 0.000e+00 1.000e+00 0.000e+00 0.000e+00 0.000e+00 0.000e+00
 2.000e+02 3.072e+05 1.000e-01 4.000e+00]","[1.0000e+00 0.0000e+00 0.0000e+00 0.0000e+00 0.0000e+00 0.0000e+00
 0.0000e+00 1.0000e+02 8.2944e+06 1.0000e-01 4.0000e+00]","[1.0000e+00 1.0000e+00 0.0000e+00 0.0000e+00 0.0000e+00 1.0000e+00
 0.0000e+00 1.0000e+02 8.2944e+06 1.0000e-01 2.0000e+00]","[0.0000e+00 1.0000e+00 0.0000e+00 0.0000e+00 0.0000e+00 0.0000e+00
 1.0000e+00 4.0000e+02 8.2944e+06 1.0000e-01 8.0000e+00]","[0.0000e+00 0.0000e+00 0.0000e+00 0.0000e+00 1.0000e+00 0.0000e+00
 0.0000e+00 5.0000e+01 2.0736e+06 1.0000e-01 8.0000e+00]","[1.0000e+00 0.0000e+00 1.0000e+00 0.0000e+00 0.0000e+00 0.0000e+00
 0.0000e+00 2.0000e+02 8.2944e+06 1.0000e-01 8.0000e+00]","[1.0000e+00 1.0000e+00 0.0000e+00 0.0000e+00 0.0000e+00 1.0000e+00
 0.0000e+00 2.0000e+02 8.2944e+06 1.0000e-01 2.0000e+00]","[1.0000e+00 0.0000e+00 1.0000e+00 0.0000e+00 0.0000e+00 1.0000e+00
 0.0000e+00 2.0000e+02 2.0736e+06 1.0000e-01 1.0000e+00]","[0.0000e+00 0.0000e+00 0.0000e+00 1.0000e+00 0.0000e+00 1.0000e+00
 0.0000e+00 5.0000e+01 8.2944e+06 9.0000e-01 1.0000e+00]","[1.0000e+00 1.0000e+00 1.0000e+00 0.0000e+00 0.0000e+00 0.0000e+00
 0.0000e+00 4.0000e+02 8.2944e+06 1.0000e-01 1.0000e+00]","[0.000e+00 0.000e+00 1.000e+00 1.000e+00 0.000e+00 0.000e+00 0.000e+00
 2.000e+02 3.072e+05 9.000e-01 1.000e+00]","[1.0000e+00 0.0000e+00 0.0000e+00 0.0000e+00 0.0000e+00 1.0000e+00
 0.0000e+00 2.0000e+02 2.0736e+06 1.0000e-01 4.0000e+00]","[0.000e+00 0.000e+00 1.000e+00 0.000e+00 1.000e+00 1.000e+00 0.000e+00
 2.000e+02 3.072e+05 1.000e-01 4.000e+00]","[1.0000e+00 0.0000e+00 1.0000e+00 0.0000e+00 0.0000e+00 0.0000e+00
 0.0000e+00 2.0000e+02 8.2944e+06 1.0000e-01 2.0000e+00]","[0.0000e+00 1.0000e+00 1.0000e+00 1.0000e+00 0.0000e+00 0.0000e+00
 0.0000e+00 4.0000e+02 8.2944e+06 1.0000e-01 8.0000e+00]","[1.0000e+00 1.0000e+00 0.0000e+00 0.0000e+00 0.0000e+00 0.0000e+00
 0.0000e+00 2.0000e+02 8.2944e+06 1.0000e-01 1.0000e+00]","[1.000e+00 1.000e+00 0.000e+00 0.000e+00 0.000e+00 1.000e+00 0.000e+00
 1.000e+02 3.072e+05 1.000e-01 4.000e+00]","[0.0000e+00 1.0000e+00 0.0000e+00 1.0000e+00 0.0000e+00 0.0000e+00
 0.0000e+00 4.0000e+02 2.0736e+06 9.0000e-01 8.0000e+00]","[0.0000e+00 0.0000e+00 1.0000e+00 1.0000e+00 0.0000e+00 1.0000e+00
 0.0000e+00 2.0000e+02 2.0736e+06 9.0000e-01 8.0000e+00]","[0.000e+00 1.000e+00 0.000e+00 1.000e+00 0.000e+00 1.000e+00 0.000e+00
 4.000e+02 3.072e+05 9.000e-01 4.000e+00]","[1.0000e+00 0.0000e+00 1.0000e+00 0.0000e+00 0.0000e+00 1.0000e+00
 0.0000e+00 1.0000e+02 2.0736e+06 1.0000e-01 2.0000e+00]","[0.0000e+00 1.0000e+00 1.0000e+00 1.0000e+00 0.0000e+00 0.0000e+00
 0.0000e+00 5.0000e+01 8.2944e+06 9.0000e-01 2.0000e+00]","[0.0000e+00 1.0000e+00 0.0000e+00 1.0000e+00 0.0000e+00 1.0000e+00
 0.0000e+00 4.0000e+02 2.0736e+06 9.0000e-01 1.0000e+00]","[0.0000e+00 0.0000e+00 0.0000e+00 0.0000e+00 1.0000e+00 0.0000e+00
 0.0000e+00 1.0000e+02 8.2944e+06 1.0000e-01 4.0000e+00]","[1.000e+00 1.000e+00 0.000e+00 0.000e+00 0.000e+00 0.000e+00 0.000e+00
 2.000e+02 3.072e+05 1.000e-01 4.000e+00]","[1.000e+00 1.000e+00 1.000e+00 0.000e+00 0.000e+00 1.000e+00 0.000e+00
 2.000e+02 3.072e+05 1.000e-01 4.000e+00]","[0.000e+00 1.000e+00 0.000e+00 0.000e+00 0.000e+00 0.000e+00 1.000e+00
 2.000e+02 3.072e+05 1.000e-01 4.000e+00]","[0.000e+00 1.000e+00 1.000e+00 1.000e+00 0.000e+00 0.000e+00 0.000e+00
 2.000e+02 3.072e+05 1.000e-01 1.000e+00]","[0.0000e+00 1.0000e+00 0.0000e+00 0.0000e+00 0.0000e+00 0.0000e+00
 1.0000e+00 2.0000e+02 2.0736e+06 1.0000e-01 1.0000e+00]","[0.000e+00 0.000e+00 0.000e+00 1.000e+00 0.000e+00 0.000e+00 0.000e+00
 1.000e+02 3.072e+05 9.000e-01 8.000e+00]","[0.000e+00 0.000e+00 1.000e+00 0.000e+00 1.000e+00 0.000e+00 0.000e+00
 4.000e+02 3.072e+05 1.000e-01 2.000e+00]","[1.000e+00 1.000e+00 1.000e+00 0.000e+00 0.000e+00 0.000e+00 0.000e+00
 4.000e+02 3.072e+05 1.000e-01 4.000e+00]","[0.000e+00 0.000e+00 0.000e+00 0.000e+00 0.000e+00 0.000e+00 1.000e+00
 2.000e+02 3.072e+05 1.000e-01 1.000e+00]","[0.000e+00 0.000e+00 0.000e+00 0.000e+00 1.000e+00 0.000e+00 0.000e+00
 4.000e+02 3.072e+05 1.000e-01 4.000e+00]","[0.0000e+00 0.0000e+00 1.0000e+00 1.0000e+00 0.0000e+00 0.0000e+00
 0.0000e+00 5.0000e+01 8.2944e+06 9.0000e-01 4.0000e+00]","[0.0000e+00 1.0000e+00 0.0000e+00 1.0000e+00 0.0000e+00 0.0000e+00
 0.0000e+00 1.0000e+02 2.0736e+06 9.0000e-01 8.0000e+00]","[0.0000e+00 1.0000e+00 0.0000e+00 0.0000e+00 1.0000e+00 1.0000e+00
 0.0000e+00 1.0000e+02 2.0736e+06 1.0000e-01 1.0000e+00]","[1.0000e+00 1.0000e+00 0.0000e+00 0.0000e+00 0.0000e+00 0.0000e+00
 0.0000e+00 1.0000e+02 2.0736e+06 1.0000e-01 1.0000e+00]","[1.0000e+00 0.0000e+00 1.0000e+00 0.0000e+00 0.0000e+00 0.0000e+00
 0.0000e+00 1.0000e+02 2.0736e+06 1.0000e-01 4.0000e+00]","[0.000e+00 1.000e+00 1.000e+00 0.000e+00 1.000e+00 0.000e+00 0.000e+00
 4.000e+02 3.072e+05 1.000e-01 1.000e+00]","[1.0000e+00 0.0000e+00 0.0000e+00 0.0000e+00 0.0000e+00 0.0000e+00
 0.0000e+00 1.0000e+02 2.0736e+06 1.0000e-01 2.0000e+00]","[0.0000e+00 0.0000e+00 1.0000e+00 1.0000e+00 0.0000e+00 0.0000e+00
 0.0000e+00 1.0000e+02 8.2944e+06 9.0000e-01 4.0000e+00]","[1.000e+00 0.000e+00 1.000e+00 0.000e+00 0.000e+00 0.000e+00 0.000e+00
 5.000e+01 3.072e+05 1.000e-01 4.000e+00]","[0.000e+00 0.000e+00 1.000e+00 1.000e+00 0.000e+00 0.000e+00 0.000e+00
 1.000e+02 3.072e+05 1.000e-01 4.000e+00]","[0.0000e+00 0.0000e+00 1.0000e+00 0.0000e+00 1.0000e+00 1.0000e+00
 0.0000e+00 2.0000e+02 8.2944e+06 1.0000e-01 8.0000e+00]","[0.0000e+00 0.0000e+00 0.0000e+00 1.0000e+00 0.0000e+00 1.0000e+00
 0.0000e+00 5.0000e+01 2.0736e+06 1.0000e-01 1.0000e+00]","[0.0000e+00 1.0000e+00 0.0000e+00 0.0000e+00 0.0000e+00 0.0000e+00
 1.0000e+00 4.0000e+02 8.2944e+06 1.0000e-01 8.0000e+00]","[0.0000e+00 0.0000e+00 1.0000e+00 1.0000e+00 0.0000e+00 1.0000e+00
 0.0000e+00 2.0000e+02 2.0736e+06 9.0000e-01 8.0000e+00]","[0.0000e+00 1.0000e+00 0.0000e+00 1.0000e+00 0.0000e+00 1.0000e+00
 0.0000e+00 4.0000e+02 2.0736e+06 9.0000e-01 8.0000e+00]","[0.000e+00 0.000e+00 1.000e+00 1.000e+00 0.000e+00 1.000e+00 0.000e+00
 4.000e+02 3.072e+05 9.000e-01 4.000e+00]","[0.0000e+00 0.0000e+00 1.0000e+00 1.0000e+00 0.0000e+00 1.0000e+00
 0.0000e+00 5.0000e+01 8.2944e+06 9.0000e-01 8.0000e+00]","[1.000e+00 1.000e+00 1.000e+00 0.000e+00 0.000e+00 1.000e+00 0.000e+00
 4.000e+02 3.072e+05 1.000e-01 1.000e+00]","[1.000e+00 1.000e+00 0.000e+00 0.000e+00 0.000e+00 0.000e+00 0.000e+00
 4.000e+02 3.072e+05 1.000e-01 2.000e+00]","[0.0000e+00 1.0000e+00 1.0000e+00 0.0000e+00 0.0000e+00 1.0000e+00
 1.0000e+00 1.0000e+02 2.0736e+06 1.0000e-01 4.0000e+00]","[0.000e+00 0.000e+00 1.000e+00 1.000e+00 0.000e+00 0.000e+00 0.000e+00
 2.000e+02 3.072e+05 1.000e-01 8.000e+00]","[1.0000e+00 0.0000e+00 0.0000e+00 0.0000e+00 0.0000e+00 1.0000e+00
 0.0000e+00 5.0000e+01 8.2944e+06 1.0000e-01 1.0000e+00]","[1.0000e+00 1.0000e+00 1.0000e+00 0.0000e+00 0.0000e+00 0.0000e+00
 0.0000e+00 1.0000e+02 8.2944e+06 1.0000e-01 8.0000e+00]","[0.0000e+00 1.0000e+00 0.0000e+00 1.0000e+00 0.0000e+00 1.0000e+00
 0.0000e+00 4.0000e+02 8.2944e+06 9.0000e-01 1.0000e+00]","[0.0000e+00 0.0000e+00 1.0000e+00 1.0000e+00 0.0000e+00 0.0000e+00
 0.0000e+00 4.0000e+02 2.0736e+06 9.0000e-01 4.0000e+00]","[0.0000e+00 0.0000e+00 1.0000e+00 0.0000e+00 1.0000e+00 1.0000e+00
 0.0000e+00 5.0000e+01 2.0736e+06 1.0000e-01 8.0000e+00]","[0.000e+00 1.000e+00 0.000e+00 1.000e+00 0.000e+00 1.000e+00 0.000e+00
 5.000e+01 3.072e+05 1.000e-01 8.000e+00]","[0.000e+00 1.000e+00 0.000e+00 1.000e+00 0.000e+00 1.000e+00 0.000e+00
 4.000e+02 3.072e+05 9.000e-01 1.000e+00]","[1.000e+00 1.000e+00 1.000e+00 0.000e+00 0.000e+00 0.000e+00 0.000e+00
 5.000e+01 3.072e+05 1.000e-01 8.000e+00]","[1.000e+00 1.000e+00 1.000e+00 0.000e+00 0.000e+00 0.000e+00 0.000e+00
 1.000e+02 3.072e+05 1.000e-01 2.000e+00]","[1.000e+00 1.000e+00 1.000e+00 0.000e+00 0.000e+00 1.000e+00 0.000e+00
 4.000e+02 3.072e+05 1.000e-01 2.000e+00]","[1.0000e+00 0.0000e+00 0.0000e+00 0.0000e+00 0.0000e+00 1.0000e+00
 0.0000e+00 1.0000e+02 2.0736e+06 1.0000e-01 2.0000e+00]","[1.0000e+00 0.0000e+00 1.0000e+00 0.0000e+00 0.0000e+00 0.0000e+00
 0.0000e+00 5.0000e+01 8.2944e+06 1.0000e-01 8.0000e+00]","[0.0000e+00 1.0000e+00 0.0000e+00 1.0000e+00 0.0000e+00 0.0000e+00
 0.0000e+00 1.0000e+02 8.2944e+06 9.0000e-01 4.0000e+00]","[0.0000e+00 1.0000e+00 1.0000e+00 0.0000e+00 0.0000e+00 1.0000e+00
 1.0000e+00 1.0000e+02 2.0736e+06 1.0000e-01 1.0000e+00]","[1.0000e+00 1.0000e+00 0.0000e+00 0.0000e+00 0.0000e+00 0.0000e+00
 0.0000e+00 4.0000e+02 2.0736e+06 1.0000e-01 1.0000e+00]","[1.0000e+00 1.0000e+00 0.0000e+00 0.0000e+00 0.0000e+00 1.0000e+00
 0.0000e+00 4.0000e+02 8.2944e+06 1.0000e-01 2.0000e+00]","[0.0000e+00 0.0000e+00 1.0000e+00 1.0000e+00 0.0000e+00 1.0000e+00
 0.0000e+00 5.0000e+01 8.2944e+06 9.0000e-01 8.0000e+00]","[0.0000e+00 1.0000e+00 1.0000e+00 1.0000e+00 0.0000e+00 0.0000e+00
 0.0000e+00 1.0000e+02 2.0736e+06 9.0000e-01 2.0000e+00]","[1.0000e+00 0.0000e+00 1.0000e+00 0.0000e+00 0.0000e+00 1.0000e+00
 0.0000e+00 2.0000e+02 8.2944e+06 1.0000e-01 8.0000e+00]","[1.0000e+00 1.0000e+00 1.0000e+00 0.0000e+00 0.0000e+00 0.0000e+00
 0.0000e+00 5.0000e+01 2.0736e+06 1.0000e-01 8.0000e+00]","[1.0000e+00 0.0000e+00 1.0000e+00 0.0000e+00 0.0000e+00 1.0000e+00
 0.0000e+00 5.0000e+01 8.2944e+06 1.0000e-01 8.0000e+00]","[0.000e+00 1.000e+00 0.000e+00 1.000e+00 0.000e+00 1.000e+00 0.000e+00
 5.000e+01 3.072e+05 9.000e-01 2.000e+00]","[0.0000e+00 0.0000e+00 1.0000e+00 1.0000e+00 0.0000e+00 1.0000e+00
 0.0000e+00 2.0000e+02 2.0736e+06 9.0000e-01 2.0000e+00]","[1.0000e+00 0.0000e+00 0.0000e+00 0.0000e+00 0.0000e+00 0.0000e+00
 0.0000e+00 5.0000e+01 8.2944e+06 1.0000e-01 4.0000e+00]","[0.0000e+00 1.0000e+00 0.0000e+00 0.0000e+00 1.0000e+00 1.0000e+00
 0.0000e+00 2.0000e+02 8.2944e+06 1.0000e-01 4.0000e+00]","[0.0000e+00 1.0000e+00 1.0000e+00 0.0000e+00 1.0000e+00 1.0000e+00
 0.0000e+00 1.0000e+02 8.2944e+06 1.0000e-01 4.0000e+00]","[0.0000e+00 1.0000e+00 1.0000e+00 1.0000e+00 0.0000e+00 0.0000e+00
 0.0000e+00 4.0000e+02 2.0736e+06 9.0000e-01 2.0000e+00]","[1.0000e+00 0.0000e+00 1.0000e+00 0.0000e+00 0.0000e+00 0.0000e+00
 0.0000e+00 5.0000e+01 8.2944e+06 1.0000e-01 1.0000e+00]","[0.0000e+00 1.0000e+00 0.0000e+00 1.0000e+00 0.0000e+00 1.0000e+00
 0.0000e+00 5.0000e+01 2.0736e+06 1.0000e-01 2.0000e+00]","[1.0000e+00 0.0000e+00 0.0000e+00 0.0000e+00 0.0000e+00 1.0000e+00
 0.0000e+00 1.0000e+02 8.2944e+06 1.0000e-01 4.0000e+00]","[0.000e+00 1.000e+00 0.000e+00 0.000e+00 1.000e+00 1.000e+00 0.000e+00
 5.000e+01 3.072e+05 1.000e-01 4.000e+00]","[1.0000e+00 0.0000e+00 1.0000e+00 0.0000e+00 0.0000e+00 0.0000e+00
 0.0000e+00 4.0000e+02 8.2944e+06 1.0000e-01 4.0000e+00]","[1.0000e+00 0.0000e+00 1.0000e+00 0.0000e+00 0.0000e+00 1.0000e+00
 0.0000e+00 4.0000e+02 8.2944e+06 1.0000e-01 4.0000e+00]","[0.0000e+00 1.0000e+00 1.0000e+00 1.0000e+00 0.0000e+00 0.0000e+00
 0.0000e+00 2.0000e+02 8.2944e+06 1.0000e-01 4.0000e+00]","[1.000e+00 1.000e+00 1.000e+00 0.000e+00 0.000e+00 0.000e+00 0.000e+00
 5.000e+01 3.072e+05 1.000e-01 4.000e+00]","[0.000e+00 1.000e+00 0.000e+00 1.000e+00 0.000e+00 0.000e+00 0.000e+00
 5.000e+01 3.072e+05 9.000e-01 1.000e+00]","[1.000e+00 1.000e+00 0.000e+00 0.000e+00 0.000e+00 1.000e+00 0.000e+00
 4.000e+02 3.072e+05 1.000e-01 4.000e+00]","[0.000e+00 0.000e+00 0.000e+00 0.000e+00 0.000e+00 0.000e+00 1.000e+00
 2.000e+02 3.072e+05 1.000e-01 2.000e+00]","[1.000e+00 0.000e+00 0.000e+00 0.000e+00 0.000e+00 1.000e+00 0.000e+00
 1.000e+02 3.072e+05 1.000e-01 2.000e+00]","[1.0000e+00 1.0000e+00 1.0000e+00 0.0000e+00 0.0000e+00 0.0000e+00
 0.0000e+00 5.0000e+01 8.2944e+06 1.0000e-01 8.0000e+00]","[1.0000e+00 1.0000e+00 0.0000e+00 0.0000e+00 0.0000e+00 0.0000e+00
 0.0000e+00 2.0000e+02 2.0736e+06 1.0000e-01 1.0000e+00]","[0.0000e+00 1.0000e+00 0.0000e+00 0.0000e+00 1.0000e+00 1.0000e+00
 0.0000e+00 4.0000e+02 8.2944e+06 1.0000e-01 8.0000e+00]","[0.000e+00 0.000e+00 1.000e+00 1.000e+00 0.000e+00 0.000e+00 0.000e+00
 5.000e+01 3.072e+05 1.000e-01 4.000e+00]","[1.0000e+00 1.0000e+00 1.0000e+00 0.0000e+00 0.0000e+00 0.0000e+00
 0.0000e+00 4.0000e+02 8.2944e+06 1.0000e-01 8.0000e+00]","[0.0000e+00 1.0000e+00 0.0000e+00 0.0000e+00 0.0000e+00 0.0000e+00
 1.0000e+00 4.0000e+02 2.0736e+06 1.0000e-01 8.0000e+00]","[1.000e+00 0.000e+00 1.000e+00 0.000e+00 0.000e+00 0.000e+00 0.000e+00
 2.000e+02 3.072e+05 1.000e-01 1.000e+00]","[0.0000e+00 1.0000e+00 0.0000e+00 0.0000e+00 0.0000e+00 0.0000e+00
 1.0000e+00 5.0000e+01 8.2944e+06 1.0000e-01 2.0000e+00]","[1.0000e+00 0.0000e+00 0.0000e+00 0.0000e+00 0.0000e+00 1.0000e+00
 0.0000e+00 5.0000e+01 8.2944e+06 1.0000e-01 1.0000e+00]","[0.0000e+00 1.0000e+00 1.0000e+00 0.0000e+00 1.0000e+00 0.0000e+00
 0.0000e+00 5.0000e+01 2.0736e+06 1.0000e-01 1.0000e+00]","[0.0000e+00 0.0000e+00 1.0000e+00 0.0000e+00 1.0000e+00 1.0000e+00
 0.0000e+00 2.0000e+02 8.2944e+06 1.0000e-01 2.0000e+00]","[1.000e+00 1.000e+00 0.000e+00 0.000e+00 0.000e+00 1.000e+00 0.000e+00
 2.000e+02 3.072e+05 1.000e-01 2.000e+00]","[1.000e+00 1.000e+00 1.000e+00 0.000e+00 0.000e+00 1.000e+00 0.000e+00
 2.000e+02 3.072e+05 1.000e-01 4.000e+00]","[0.0000e+00 1.0000e+00 1.0000e+00 1.0000e+00 0.0000e+00 0.0000e+00
 0.0000e+00 4.0000e+02 8.2944e+06 9.0000e-01 2.0000e+00]","[1.0000e+00 1.0000e+00 0.0000e+00 0.0000e+00 0.0000e+00 0.0000e+00
 0.0000e+00 1.0000e+02 2.0736e+06 1.0000e-01 4.0000e+00]","[0.0000e+00 1.0000e+00 1.0000e+00 1.0000e+00 0.0000e+00 0.0000e+00
 0.0000e+00 2.0000e+02 8.2944e+06 9.0000e-01 8.0000e+00]","[0.0000e+00 0.0000e+00 1.0000e+00 0.0000e+00 1.0000e+00 0.0000e+00
 0.0000e+00 4.0000e+02 8.2944e+06 1.0000e-01 4.0000e+00]","[1.0000e+00 1.0000e+00 0.0000e+00 0.0000e+00 0.0000e+00 0.0000e+00
 0.0000e+00 1.0000e+02 8.2944e+06 1.0000e-01 1.0000e+00]","[1.000e+00 1.000e+00 0.000e+00 0.000e+00 0.000e+00 0.000e+00 0.000e+00
 5.000e+01 3.072e+05 1.000e-01 8.000e+00]","[1.000e+00 1.000e+00 1.000e+00 0.000e+00 0.000e+00 0.000e+00 0.000e+00
 4.000e+02 3.072e+05 1.000e-01 1.000e+00]","[0.0000e+00 0.0000e+00 0.0000e+00 1.0000e+00 0.0000e+00 0.0000e+00
 0.0000e+00 5.0000e+01 2.0736e+06 9.0000e-01 8.0000e+00]","[0.000e+00 0.000e+00 1.000e+00 1.000e+00 0.000e+00 1.000e+00 0.000e+00
 4.000e+02 3.072e+05 1.000e-01 8.000e+00]","[1.0000e+00 1.0000e+00 1.0000e+00 0.0000e+00 0.0000e+00 0.0000e+00
 0.0000e+00 2.0000e+02 8.2944e+06 1.0000e-01 1.0000e+00]","[0.0000e+00 0.0000e+00 1.0000e+00 1.0000e+00 0.0000e+00 1.0000e+00
 0.0000e+00 4.0000e+02 8.2944e+06 9.0000e-01 4.0000e+00]","[0.0000e+00 0.0000e+00 0.0000e+00 1.0000e+00 0.0000e+00 0.0000e+00
 0.0000e+00 1.0000e+02 8.2944e+06 9.0000e-01 1.0000e+00]","[0.0000e+00 0.0000e+00 1.0000e+00 1.0000e+00 0.0000e+00 1.0000e+00
 0.0000e+00 1.0000e+02 8.2944e+06 1.0000e-01 1.0000e+00]","[0.0000e+00 1.0000e+00 0.0000e+00 0.0000e+00 0.0000e+00 0.0000e+00
 1.0000e+00 5.0000e+01 8.2944e+06 1.0000e-01 2.0000e+00]","[1.0000e+00 1.0000e+00 0.0000e+00 0.0000e+00 0.0000e+00 0.0000e+00
 0.0000e+00 1.0000e+02 2.0736e+06 1.0000e-01 1.0000e+00]","[0.0000e+00 1.0000e+00 1.0000e+00 1.0000e+00 0.0000e+00 0.0000e+00
 0.0000e+00 4.0000e+02 2.0736e+06 9.0000e-01 4.0000e+00]","[0.000e+00 0.000e+00 0.000e+00 1.000e+00 0.000e+00 1.000e+00 0.000e+00
 2.000e+02 3.072e+05 9.000e-01 1.000e+00]","[0.000e+00 0.000e+00 1.000e+00 1.000e+00 0.000e+00 1.000e+00 0.000e+00
 2.000e+02 3.072e+05 9.000e-01 8.000e+00]","[0.0000e+00 1.0000e+00 0.0000e+00 1.0000e+00 0.0000e+00 0.0000e+00
 0.0000e+00 1.0000e+02 2.0736e+06 9.0000e-01 8.0000e+00]","[1.000e+00 0.000e+00 1.000e+00 0.000e+00 0.000e+00 0.000e+00 0.000e+00
 1.000e+02 3.072e+05 1.000e-01 8.000e+00]","[0.0000e+00 1.0000e+00 1.0000e+00 1.0000e+00 0.0000e+00 1.0000e+00
 0.0000e+00 4.0000e+02 2.0736e+06 9.0000e-01 2.0000e+00]","[0.0000e+00 1.0000e+00 0.0000e+00 1.0000e+00 0.0000e+00 1.0000e+00
 0.0000e+00 1.0000e+02 2.0736e+06 9.0000e-01 1.0000e+00]","[0.0000e+00 0.0000e+00 1.0000e+00 1.0000e+00 0.0000e+00 0.0000e+00
 0.0000e+00 2.0000e+02 8.2944e+06 9.0000e-01 2.0000e+00]","[1.0000e+00 1.0000e+00 1.0000e+00 0.0000e+00 0.0000e+00 0.0000e+00
 0.0000e+00 2.0000e+02 2.0736e+06 1.0000e-01 1.0000e+00]","[0.0000e+00 1.0000e+00 0.0000e+00 0.0000e+00 0.0000e+00 0.0000e+00
 1.0000e+00 4.0000e+02 8.2944e+06 1.0000e-01 4.0000e+00]","[1.0000e+00 0.0000e+00 1.0000e+00 0.0000e+00 0.0000e+00 1.0000e+00
 0.0000e+00 2.0000e+02 8.2944e+06 1.0000e-01 2.0000e+00]","[1.0000e+00 0.0000e+00 0.0000e+00 0.0000e+00 0.0000e+00 0.0000e+00
 0.0000e+00 1.0000e+02 2.0736e+06 1.0000e-01 4.0000e+00]","[1.000e+00 0.000e+00 1.000e+00 0.000e+00 0.000e+00 0.000e+00 0.000e+00
 5.000e+01 3.072e+05 1.000e-01 8.000e+00]","[0.0000e+00 0.0000e+00 0.0000e+00 0.0000e+00 1.0000e+00 0.0000e+00
 0.0000e+00 1.0000e+02 2.0736e+06 1.0000e-01 4.0000e+00]","[1.000e+00 0.000e+00 1.000e+00 0.000e+00 0.000e+00 1.000e+00 0.000e+00
 5.000e+01 3.072e+05 1.000e-01 4.000e+00]","[1.0000e+00 0.0000e+00 1.0000e+00 0.0000e+00 0.0000e+00 1.0000e+00
 0.0000e+00 5.0000e+01 2.0736e+06 1.0000e-01 8.0000e+00]","[0.0000e+00 0.0000e+00 0.0000e+00 1.0000e+00 0.0000e+00 0.0000e+00
 0.0000e+00 1.0000e+02 2.0736e+06 9.0000e-01 2.0000e+00]","[0.000e+00 0.000e+00 0.000e+00 1.000e+00 0.000e+00 1.000e+00 0.000e+00
 5.000e+01 3.072e+05 9.000e-01 2.000e+00]","[0.0000e+00 0.0000e+00 0.0000e+00 1.0000e+00 0.0000e+00 1.0000e+00
 0.0000e+00 5.0000e+01 2.0736e+06 9.0000e-01 8.0000e+00]","[1.0000e+00 0.0000e+00 0.0000e+00 0.0000e+00 0.0000e+00 1.0000e+00
 0.0000e+00 5.0000e+01 2.0736e+06 1.0000e-01 4.0000e+00]","[0.000e+00 0.000e+00 1.000e+00 0.000e+00 1.000e+00 0.000e+00 0.000e+00
 1.000e+02 3.072e+05 1.000e-01 4.000e+00]","[0.0000e+00 0.0000e+00 0.0000e+00 1.0000e+00 0.0000e+00 1.0000e+00
 0.0000e+00 1.0000e+02 8.2944e+06 1.0000e-01 2.0000e+00]","[0.0000e+00 1.0000e+00 1.0000e+00 1.0000e+00 0.0000e+00 1.0000e+00
 0.0000e+00 4.0000e+02 2.0736e+06 9.0000e-01 1.0000e+00]","[1.0000e+00 0.0000e+00 1.0000e+00 0.0000e+00 0.0000e+00 1.0000e+00
 0.0000e+00 1.0000e+02 2.0736e+06 1.0000e-01 2.0000e+00]","[0.0000e+00 1.0000e+00 1.0000e+00 1.0000e+00 0.0000e+00 1.0000e+00
 0.0000e+00 5.0000e+01 2.0736e+06 1.0000e-01 1.0000e+00]","[1.0000e+00 1.0000e+00 1.0000e+00 0.0000e+00 0.0000e+00 0.0000e+00
 0.0000e+00 5.0000e+01 2.0736e+06 1.0000e-01 8.0000e+00]","[0.0000e+00 1.0000e+00 0.0000e+00 1.0000e+00 0.0000e+00 0.0000e+00
 0.0000e+00 4.0000e+02 2.0736e+06 9.0000e-01 8.0000e+00]","[0.000e+00 1.000e+00 0.000e+00 1.000e+00 0.000e+00 1.000e+00 0.000e+00
 4.000e+02 3.072e+05 9.000e-01 1.000e+00]","[0.0000e+00 1.0000e+00 1.0000e+00 0.0000e+00 0.0000e+00 0.0000e+00
 1.0000e+00 4.0000e+02 8.2944e+06 1.0000e-01 1.0000e+00]","[1.0000e+00 0.0000e+00 1.0000e+00 0.0000e+00 0.0000e+00 1.0000e+00
 0.0000e+00 4.0000e+02 8.2944e+06 1.0000e-01 1.0000e+00]","[1.0000e+00 1.0000e+00 1.0000e+00 0.0000e+00 0.0000e+00 1.0000e+00
 0.0000e+00 5.0000e+01 8.2944e+06 1.0000e-01 8.0000e+00]","[0.0000e+00 1.0000e+00 0.0000e+00 0.0000e+00 1.0000e+00 0.0000e+00
 0.0000e+00 5.0000e+01 8.2944e+06 1.0000e-01 8.0000e+00]","[0.0000e+00 1.0000e+00 0.0000e+00 1.0000e+00 0.0000e+00 0.0000e+00
 0.0000e+00 4.0000e+02 8.2944e+06 1.0000e-01 1.0000e+00]","[0.0000e+00 1.0000e+00 1.0000e+00 0.0000e+00 1.0000e+00 0.0000e+00
 0.0000e+00 4.0000e+02 2.0736e+06 1.0000e-01 8.0000e+00]","[0.0000e+00 1.0000e+00 0.0000e+00 0.0000e+00 1.0000e+00 1.0000e+00
 0.0000e+00 4.0000e+02 8.2944e+06 1.0000e-01 2.0000e+00]","[1.0000e+00 0.0000e+00 0.0000e+00 0.0000e+00 0.0000e+00 1.0000e+00
 0.0000e+00 2.0000e+02 8.2944e+06 1.0000e-01 4.0000e+00]","[0.000e+00 0.000e+00 0.000e+00 0.000e+00 0.000e+00 0.000e+00 1.000e+00
 1.000e+02 3.072e+05 1.000e-01 4.000e+00]","[0.0000e+00 1.0000e+00 1.0000e+00 1.0000e+00 0.0000e+00 1.0000e+00
 0.0000e+00 2.0000e+02 8.2944e+06 1.0000e-01 2.0000e+00]","[1.0000e+00 0.0000e+00 0.0000e+00 0.0000e+00 0.0000e+00 0.0000e+00
 0.0000e+00 2.0000e+02 8.2944e+06 1.0000e-01 1.0000e+00]","[0.0000e+00 1.0000e+00 0.0000e+00 1.0000e+00 0.0000e+00 1.0000e+00
 0.0000e+00 2.0000e+02 8.2944e+06 9.0000e-01 4.0000e+00]","[0.0000e+00 0.0000e+00 1.0000e+00 1.0000e+00 0.0000e+00 0.0000e+00
 0.0000e+00 4.0000e+02 2.0736e+06 1.0000e-01 2.0000e+00]","[0.0000e+00 1.0000e+00 0.0000e+00 0.0000e+00 0.0000e+00 0.0000e+00
 1.0000e+00 1.0000e+02 8.2944e+06 1.0000e-01 2.0000e+00]","[1.0000e+00 0.0000e+00 1.0000e+00 0.0000e+00 0.0000e+00 0.0000e+00
 0.0000e+00 5.0000e+01 8.2944e+06 1.0000e-01 8.0000e+00]","[1.000e+00 0.000e+00 1.000e+00 0.000e+00 0.000e+00 0.000e+00 0.000e+00
 2.000e+02 3.072e+05 1.000e-01 4.000e+00]","[1.0000e+00 1.0000e+00 0.0000e+00 0.0000e+00 0.0000e+00 1.0000e+00
 0.0000e+00 5.0000e+01 8.2944e+06 1.0000e-01 4.0000e+00]","[0.0000e+00 1.0000e+00 1.0000e+00 1.0000e+00 0.0000e+00 0.0000e+00
 0.0000e+00 4.0000e+02 8.2944e+06 1.0000e-01 1.0000e+00]","[0.000e+00 1.000e+00 0.000e+00 1.000e+00 0.000e+00 1.000e+00 0.000e+00
 2.000e+02 3.072e+05 9.000e-01 8.000e+00]","[1.0000e+00 1.0000e+00 1.0000e+00 0.0000e+00 0.0000e+00 0.0000e+00
 0.0000e+00 2.0000e+02 2.0736e+06 1.0000e-01 4.0000e+00]"
1.32,1.15,1.82,1.13,1.29,0.95,1.75,1.27,1.16,1.38,1.75,1.06,1.19,1.26,1.86,1.13,1.42,1.08,1.91,1.03,1.15,1.23,1.56,1.72,1.15,1.46,1.48,1.7,1.73,1.88,1.8,1.57,1.68,1.34,1.22,1.07,3.01,1.44,1.07,1.3,1.38,1.93,1.24,1.05,1.71,0.92,1.11,1.19,1.81,1.72,1.16,1.56,2.02,1.78,1.48,1.72,1.91,1.2,1.24,1.29,2.03,1.79,1.7,1.01,1.17,1.47,0.99,1.41,1.8,1.18,3.33,1.0,1.17,1.17,1.14,1.22,0.92,1.13,1.16,1.18,1.09,1.74,1.18,1.43,1.19,1.41,1.21,1.27,1.63,1.12,1.05,3.01,1.38,1.16,1.47,1.26,1.17,1.84,1.15,0.92,1.42,1.14,1.93,1.97,1.68,1.33,1.82,1.05,1.02,1.16,1.11,1.19,1.27,1.83,1.62,1.36,1.28,1.8,1.84,1.36,1.82,1.33,1.85,1.0,1.39,1.67,3.19,3.23,1.3,1.79,1.29,1.76,1.1,1.87,1.94,1.91,1.1,0.98,1.05,1.14,1.06,1.7,1.28,3.0,1.07,1.91,1.22,1.22,1.19,1.93,1.61,2.99,1.12,1.17,1.78,1.26,1.75,3.17,1.57,0.94,1.14,1.19,1.14,1.92,1.67,1.68,1.71,1.19,1.19,1.31,1.21,1.18,1.18,1.08,1.39,1.23,1.8,1.33,1.19,1.87,1.17,1.14,1.56,1.14,1.46,1.2,1.03,1.28,1.27,1.15,1.8,1.37,1.41,1.32,1.33,1.17,1.02,1.31,1.93,1.99,2.9,1.63,1.75,2.92,1.69,1.18,1.7,1.82,1.69,1.34,1.16,1.83,1.19,1.8,1.83,1.04,1.34
200
