1,2,3,4,5,6,7,8,9,10,11,12,13,14,15,16,17,18,19,20,21,22,23,24,25,26,27,28,29,30,31,32,33,34,35,36,37,38,39,40,41,42,43,44,45,46,47,48,49,50,51,52,53,54,55,56,57,58,59,60,61,62,63,64,65,66,67,68,69,70,71,72,73,74,75,76,77,78,79,80,81,82,83,84,85,86,87,88,89,90,91,92,93,94,95,96,97,98,99,100,101,102,103,104,105,106,107,108,109,110,111,112,113,114,115,116,117,118,119,120,121,122,123,124,125,126,127,128,129,130,131,132,133,134,135,136,137,138,139,140,141,142,143,144,145,146,147,148,149,150,151,152,153,154,155,156,157,158,159,160,161,162,163,164,165,166,167,168,169,170,171,172,173,174,175,176,177,178,179,180,181,182,183,184,185,186,187,188,189,190,191,192,193,194,195,196,197,198,199,200,201,202,203,204,205,206,207,208,209,210
"[1. 0. 0. 0. 0. 1. 0. 0. 1. 0. 0. 0. 1. 1. 0. 0. 0. 0. 0. 1. 0. 0. 0. 0.
 0. 0. 0. 1. 0. 0. 1. 0. 0. 0. 0. 0. 0.]","[1. 1. 0. 0. 0. 0. 0. 1. 0. 0. 0. 0. 1. 0. 1. 0. 0. 0. 0. 0. 0. 1. 0. 0.
 0. 0. 1. 0. 1. 0. 0. 1. 0. 0. 0. 0. 0.]","[1. 0. 0. 0. 0. 0. 0. 0. 1. 0. 1. 0. 1. 0. 0. 0. 0. 1. 0. 0. 0. 0. 0. 0.
 0. 0. 0. 0. 0. 0. 1. 0. 0. 0. 0. 0. 0.]","[1. 1. 1. 1. 0. 0. 1. 0. 1. 0. 1. 1. 0. 0. 0. 0. 0. 0. 0. 1. 0. 0. 0. 0.
 1. 0. 0. 0. 1. 0. 0. 0. 0. 1. 0. 0. 0.]","[1. 1. 1. 0. 0. 1. 0. 0. 0. 0. 0. 1. 0. 1. 0. 0. 1. 0. 1. 1. 1. 0. 0. 0.
 0. 0. 0. 0. 1. 0. 0. 0. 1. 0. 0. 0. 0.]","[1. 1. 0. 1. 0. 0. 1. 1. 1. 0. 1. 1. 1. 0. 0. 0. 0. 0. 0. 1. 1. 0. 1. 0.
 0. 0. 0. 0. 1. 0. 0. 0. 1. 0. 0. 0. 0.]","[1. 1. 0. 0. 0. 0. 0. 0. 0. 0. 0. 0. 0. 1. 0. 1. 0. 0. 0. 0. 0. 0. 0. 0.
 0. 0. 0. 1. 0. 0. 1. 1. 0. 0. 1. 0. 0.]","[1. 1. 0. 0. 0. 0. 1. 0. 0. 0. 0. 0. 0. 0. 0. 0. 1. 0. 1. 1. 1. 1. 0. 0.
 0. 0. 0. 0. 1. 0. 1. 0. 0. 0. 0. 1. 0.]","[1. 1. 0. 0. 0. 0. 1. 1. 1. 0. 0. 0. 0. 0. 0. 0. 0. 0. 0. 1. 1. 1. 1. 0.
 0. 0. 0. 0. 1. 0. 0. 0. 1. 1. 0. 0. 1.]","[1. 1. 0. 1. 0. 0. 0. 1. 0. 0. 0. 0. 0. 0. 1. 0. 0. 0. 1. 0. 0. 0. 0. 0.
 0. 0. 0. 0. 0. 0. 0. 0. 0. 0. 0. 0. 0.]","[1. 0. 0. 0. 1. 0. 0. 0. 0. 0. 0. 1. 0. 0. 0. 0. 0. 0. 1. 0. 1. 0. 1. 1.
 0. 0. 0. 1. 1. 0. 1. 0. 0. 0. 0. 0. 0.]","[1. 1. 1. 0. 0. 1. 1. 0. 0. 0. 0. 1. 1. 1. 0. 0. 1. 0. 0. 1. 0. 0. 0. 0.
 0. 0. 1. 0. 1. 1. 0. 0. 0. 0. 0. 0. 0.]","[1. 0. 0. 0. 0. 0. 0. 1. 0. 1. 0. 1. 1. 1. 0. 0. 0. 0. 0. 0. 0. 0. 0. 1.
 0. 0. 1. 0. 0. 0. 0. 0. 1. 0. 0. 0. 0.]","[1. 1. 1. 1. 0. 0. 1. 0. 0. 0. 1. 1. 1. 1. 0. 0. 0. 0. 0. 0. 0. 0. 0. 1.
 1. 0. 0. 0. 1. 1. 0. 0. 0. 0. 0. 0. 0.]","[1. 1. 0. 1. 0. 0. 1. 1. 0. 0. 1. 0. 1. 1. 0. 0. 0. 0. 0. 1. 0. 0. 0. 1.
 0. 0. 0. 0. 1. 0. 0. 0. 1. 0. 0. 0. 0.]","[1. 1. 1. 0. 0. 1. 1. 0. 0. 0. 0. 1. 1. 0. 0. 0. 0. 0. 0. 1. 0. 0. 0. 1.
 0. 0. 1. 0. 1. 0. 0. 0. 0. 0. 0. 0. 0.]","[1. 1. 1. 1. 0. 0. 1. 0. 0. 0. 0. 1. 1. 1. 0. 0. 0. 0. 0. 1. 0. 0. 0. 1.
 0. 0. 1. 1. 1. 0. 0. 0. 0. 0. 0. 0. 0.]","[1. 0. 0. 0. 1. 0. 0. 1. 0. 0. 0. 0. 1. 0. 0. 0. 0. 0. 0. 0. 1. 1. 0. 1.
 0. 0. 0. 0. 0. 0. 0. 0. 0. 0. 0. 0. 0.]","[1. 0. 1. 0. 0. 0. 0. 0. 0. 0. 1. 1. 0. 0. 1. 0. 0. 1. 0. 0. 1. 0. 1. 0.
 0. 0. 0. 1. 1. 0. 0. 0. 0. 1. 0. 0. 0.]","[1. 1. 1. 0. 0. 0. 0. 0. 0. 0. 1. 1. 1. 0. 0. 0. 1. 0. 0. 1. 1. 0. 0. 0.
 0. 1. 0. 0. 1. 0. 0. 0. 0. 0. 0. 0. 0.]","[1. 0. 1. 0. 0. 0. 0. 0. 0. 0. 0. 0. 1. 1. 0. 0. 0. 1. 0. 0. 0. 0. 0. 1.
 0. 0. 0. 0. 0. 1. 0. 0. 0. 0. 0. 0. 0.]","[1. 0. 0. 0. 0. 0. 0. 1. 0. 0. 0. 0. 1. 0. 1. 0. 0. 0. 0. 1. 0. 1. 0. 0.
 0. 0. 1. 0. 1. 0. 0. 1. 0. 0. 0. 0. 0.]","[1. 1. 1. 0. 0. 1. 0. 0. 1. 0. 0. 1. 1. 0. 0. 0. 0. 0. 0. 1. 0. 0. 1. 0.
 0. 0. 1. 0. 1. 0. 0. 0. 1. 0. 0. 0. 0.]","[1. 1. 1. 1. 0. 0. 1. 0. 1. 0. 1. 1. 1. 1. 0. 0. 0. 0. 0. 0. 0. 0. 0. 0.
 0. 0. 1. 1. 1. 0. 0. 0. 0. 0. 0. 0. 0.]","[1. 1. 0. 0. 0. 0. 1. 0. 1. 0. 1. 1. 1. 0. 0. 0. 0. 0. 0. 1. 0. 0. 1. 0.
 1. 1. 0. 1. 1. 0. 1. 0. 0. 0. 0. 0. 0.]","[1. 0. 1. 1. 0. 0. 0. 0. 0. 0. 0. 1. 0. 0. 0. 0. 1. 0. 0. 0. 0. 0. 0. 0.
 0. 0. 1. 0. 0. 0. 0. 0. 0. 0. 1. 0. 0.]","[1. 0. 0. 1. 0. 0. 0. 1. 1. 0. 0. 0. 1. 0. 0. 0. 0. 0. 0. 0. 0. 1. 0. 0.
 0. 0. 1. 0. 0. 0. 0. 0. 0. 0. 0. 0. 0.]","[1. 0. 0. 0. 0. 0. 0. 1. 0. 0. 0. 0. 1. 0. 0. 1. 0. 0. 0. 0. 0. 0. 1. 0.
 0. 0. 0. 0. 0. 1. 0. 0. 0. 0. 0. 1. 0.]","[1. 1. 0. 0. 0. 0. 1. 1. 1. 0. 1. 1. 0. 0. 0. 0. 0. 1. 1. 1. 1. 0. 0. 0.
 0. 0. 0. 0. 1. 0. 0. 0. 0. 0. 0. 0. 0.]","[1. 1. 1. 0. 0. 0. 1. 0. 0. 0. 0. 0. 1. 0. 0. 1. 0. 0. 0. 1. 0. 1. 0. 0.
 0. 0. 1. 0. 1. 0. 0. 1. 0. 0. 0. 0. 0.]","[1. 0. 1. 0. 1. 0. 0. 0. 0. 0. 0. 1. 0. 1. 0. 0. 0. 0. 0. 0. 1. 0. 0. 1.
 0. 0. 0. 0. 0. 0. 0. 0. 1. 0. 1. 0. 0.]","[1. 1. 0. 1. 0. 0. 1. 1. 0. 0. 1. 0. 1. 0. 0. 0. 0. 0. 0. 1. 0. 1. 0. 1.
 0. 0. 1. 0. 1. 0. 0. 0. 0. 0. 0. 0. 0.]","[1. 1. 0. 1. 0. 0. 0. 1. 1. 0. 1. 0. 0. 0. 0. 0. 0. 0. 1. 1. 1. 1. 1. 0.
 0. 0. 0. 0. 1. 0. 0. 0. 1. 0. 0. 0. 0.]","[1. 0. 0. 0. 0. 0. 0. 1. 0. 0. 0. 0. 1. 0. 1. 0. 0. 0. 0. 0. 0. 0. 1. 0.
 0. 1. 0. 0. 0. 1. 0. 0. 0. 0. 0. 0. 0.]","[1. 1. 0. 0. 0. 0. 1. 1. 0. 0. 0. 0. 1. 0. 0. 0. 0. 0. 0. 1. 0. 1. 0. 1.
 0. 0. 1. 0. 1. 0. 0. 0. 0. 0. 0. 0. 1.]","[1. 0. 0. 0. 1. 0. 0. 1. 0. 0. 0. 0. 1. 0. 0. 0. 1. 0. 0. 0. 0. 0. 0. 0.
 0. 0. 0. 0. 0. 0. 0. 0. 0. 0. 0. 0. 0.]","[1. 0. 0. 0. 0. 0. 0. 1. 0. 0. 1. 0. 1. 0. 1. 0. 0. 1. 0. 0. 0. 1. 0. 0.
 0. 0. 1. 0. 0. 0. 0. 0. 0. 0. 0. 0. 0.]","[1. 0. 0. 0. 0. 0. 0. 1. 1. 1. 0. 1. 1. 0. 0. 0. 0. 0. 0. 0. 0. 0. 0. 0.
 0. 0. 1. 0. 0. 0. 0. 0. 0. 0. 0. 0. 0.]","[1. 1. 0. 0. 0. 0. 0. 0. 0. 0. 0. 0. 1. 0. 1. 0. 0. 0. 0. 1. 0. 1. 1. 0.
 0. 0. 1. 0. 1. 0. 1. 1. 1. 0. 0. 0. 0.]","[1. 0. 0. 0. 0. 0. 0. 0. 0. 0. 0. 0. 0. 0. 0. 1. 0. 0. 0. 0. 0. 0. 1. 0.
 0. 1. 0. 0. 0. 0. 1. 0. 1. 1. 0. 0. 0.]","[1. 1. 1. 1. 0. 0. 1. 0. 0. 0. 1. 1. 1. 1. 0. 1. 0. 0. 0. 1. 0. 0. 0. 0.
 0. 0. 1. 1. 1. 0. 0. 0. 0. 0. 0. 0. 0.]","[1. 1. 1. 0. 0. 0. 1. 0. 0. 0. 1. 1. 0. 0. 0. 0. 0. 1. 1. 1. 0. 0. 0. 1.
 1. 0. 0. 0. 0. 0. 0. 0. 0. 0. 0. 0. 0.]","[1. 1. 1. 0. 0. 0. 1. 0. 0. 1. 0. 0. 1. 0. 0. 0. 0. 0. 0. 1. 0. 1. 0. 1.
 0. 0. 1. 0. 1. 0. 0. 0. 0. 0. 0. 0. 0.]","[1. 0. 1. 0. 0. 0. 1. 0. 0. 0. 1. 1. 1. 1. 0. 0. 0. 0. 0. 1. 0. 0. 0. 1.
 1. 1. 0. 0. 1. 1. 0. 0. 0. 0. 0. 0. 0.]","[1. 1. 0. 0. 0. 0. 0. 0. 1. 0. 0. 0. 0. 0. 0. 0. 0. 0. 1. 0. 0. 1. 1. 0.
 0. 0. 1. 0. 0. 0. 1. 1. 1. 0. 0. 0. 0.]","[1. 1. 0. 1. 0. 0. 0. 0. 0. 0. 1. 0. 1. 0. 0. 0. 1. 0. 0. 1. 1. 1. 1. 0.
 0. 0. 0. 1. 1. 0. 1. 0. 0. 0. 0. 0. 0.]","[1. 1. 1. 0. 1. 0. 1. 0. 0. 0. 0. 1. 0. 1. 0. 0. 1. 0. 0. 1. 0. 0. 0. 0.
 1. 0. 0. 0. 0. 1. 0. 0. 0. 1. 0. 0. 0.]","[1. 1. 0. 0. 0. 0. 0. 0. 1. 0. 1. 0. 0. 0. 0. 0. 0. 1. 0. 1. 0. 0. 0. 0.
 0. 0. 0. 0. 1. 0. 1. 0. 0. 1. 0. 0. 0.]","[1. 1. 1. 0. 0. 0. 0. 0. 1. 1. 0. 0. 0. 0. 0. 0. 0. 0. 0. 1. 0. 0. 1. 0.
 0. 0. 0. 0. 1. 1. 0. 0. 0. 0. 1. 0. 0.]","[1. 0. 1. 1. 0. 0. 0. 0. 1. 0. 0. 0. 1. 0. 0. 0. 0. 0. 0. 0. 0. 1. 1. 0.
 0. 0. 1. 1. 0. 0. 0. 0. 0. 0. 0. 0. 0.]","[1. 0. 1. 1. 0. 0. 0. 0. 1. 0. 1. 1. 1. 1. 0. 0. 0. 0. 0. 1. 0. 0. 0. 0.
 1. 0. 0. 0. 1. 1. 0. 0. 0. 0. 0. 0. 0.]","[1. 1. 0. 1. 0. 0. 1. 1. 0. 0. 1. 1. 1. 1. 0. 0. 1. 0. 0. 1. 0. 0. 0. 0.
 1. 0. 0. 1. 1. 0. 0. 0. 0. 0. 0. 0. 0.]","[1. 1. 0. 0. 0. 0. 1. 1. 0. 0. 0. 1. 1. 1. 0. 1. 0. 0. 0. 1. 0. 0. 0. 0.
 1. 0. 0. 0. 1. 1. 0. 0. 0. 0. 0. 0. 1.]","[1. 1. 1. 0. 0. 0. 1. 0. 0. 0. 1. 0. 1. 0. 0. 0. 1. 0. 0. 1. 0. 1. 0. 0.
 1. 1. 0. 0. 1. 0. 0. 0. 0. 0. 0. 0. 0.]","[1. 1. 1. 0. 0. 0. 1. 0. 1. 0. 1. 0. 1. 1. 0. 0. 0. 0. 0. 1. 1. 1. 0. 0.
 0. 1. 0. 0. 1. 0. 0. 0. 1. 0. 0. 0. 0.]","[1. 0. 1. 1. 0. 0. 0. 0. 1. 0. 0. 0. 1. 0. 0. 0. 0. 0. 0. 0. 0. 1. 1. 0.
 0. 0. 1. 1. 0. 0. 0. 0. 0. 0. 0. 0. 0.]","[1. 0. 0. 1. 0. 0. 1. 1. 0. 0. 1. 1. 1. 0. 1. 0. 0. 0. 0. 1. 0. 0. 1. 0.
 1. 0. 0. 0. 1. 1. 0. 0. 0. 0. 0. 0. 0.]","[1. 0. 1. 1. 0. 0. 0. 0. 0. 0. 0. 0. 1. 0. 1. 0. 0. 0. 0. 0. 0. 0. 1. 0.
 0. 0. 0. 0. 0. 0. 0. 0. 1. 0. 0. 0. 0.]","[1. 1. 1. 1. 0. 0. 0. 0. 1. 0. 1. 1. 0. 1. 0. 0. 0. 0. 0. 1. 0. 0. 0. 0.
 0. 0. 1. 0. 1. 1. 0. 0. 0. 1. 0. 0. 0.]","[1. 1. 0. 1. 0. 0. 1. 1. 1. 0. 1. 0. 1. 1. 0. 0. 0. 0. 0. 1. 0. 1. 0. 0.
 1. 0. 0. 1. 0. 0. 0. 0. 0. 0. 0. 0. 0.]","[1. 0. 1. 0. 0. 0. 0. 0. 0. 0. 1. 0. 0. 1. 1. 0. 0. 1. 1. 0. 0. 0. 0. 0.
 0. 0. 0. 1. 0. 0. 0. 0. 0. 0. 0. 0. 0.]","[1. 0. 1. 0. 0. 0. 0. 0. 0. 0. 1. 0. 1. 0. 0. 0. 0. 0. 0. 0. 0. 1. 0. 1.
 1. 1. 0. 0. 0. 0. 0. 0. 0. 0. 0. 0. 0.]","[1. 1. 0. 1. 0. 0. 1. 1. 1. 0. 1. 0. 1. 0. 0. 0. 0. 0. 0. 1. 0. 1. 1. 0.
 0. 0. 1. 1. 1. 0. 0. 0. 0. 0. 0. 0. 0.]","[1. 1. 1. 1. 0. 0. 0. 0. 1. 0. 1. 1. 0. 1. 0. 0. 0. 0. 0. 1. 0. 0. 0. 0.
 0. 0. 1. 0. 1. 1. 0. 0. 0. 1. 0. 0. 0.]","[1. 1. 1. 1. 0. 0. 1. 0. 1. 0. 1. 1. 1. 1. 0. 0. 0. 0. 0. 0. 0. 0. 0. 0.
 0. 0. 1. 1. 1. 0. 0. 0. 0. 0. 0. 0. 0.]","[1. 1. 1. 1. 0. 0. 1. 0. 1. 0. 1. 0. 1. 1. 0. 0. 0. 0. 0. 1. 0. 1. 0. 0.
 1. 0. 0. 0. 1. 1. 0. 0. 0. 0. 0. 0. 0.]","[1. 0. 1. 1. 0. 0. 0. 0. 0. 0. 0. 1. 0. 0. 0. 0. 0. 0. 0. 0. 0. 0. 1. 1.
 0. 0. 1. 1. 0. 0. 0. 0. 0. 1. 0. 0. 0.]","[1. 1. 1. 0. 0. 0. 1. 0. 1. 0. 1. 1. 1. 1. 0. 0. 0. 1. 0. 1. 1. 0. 0. 0.
 0. 0. 0. 0. 1. 1. 0. 0. 0. 0. 0. 0. 0.]","[1. 1. 0. 1. 0. 0. 1. 1. 0. 0. 1. 1. 1. 1. 1. 0. 0. 0. 0. 0. 0. 0. 0. 0.
 1. 0. 0. 0. 1. 0. 0. 0. 1. 0. 0. 0. 0.]","[1. 0. 1. 0. 0. 0. 0. 0. 0. 0. 0. 1. 0. 0. 1. 0. 0. 0. 1. 0. 0. 0. 1. 0.
 0. 0. 1. 0. 0. 1. 0. 1. 0. 0. 0. 0. 0.]","[1. 0. 1. 1. 0. 0. 1. 0. 1. 0. 0. 0. 1. 0. 0. 0. 0. 0. 0. 0. 0. 1. 0. 0.
 0. 0. 1. 0. 0. 0. 0. 0. 0. 0. 0. 0. 0.]","[1. 0. 1. 1. 0. 0. 0. 0. 0. 0. 0. 1. 0. 0. 0. 0. 1. 0. 0. 0. 0. 0. 0. 0.
 0. 0. 1. 0. 0. 0. 0. 0. 0. 0. 1. 0. 0.]","[1. 1. 0. 0. 0. 1. 1. 1. 1. 0. 0. 0. 0. 1. 0. 0. 0. 0. 0. 1. 0. 1. 0. 0.
 1. 0. 0. 0. 1. 1. 0. 0. 0. 1. 0. 0. 0.]","[1. 1. 0. 1. 0. 0. 1. 1. 0. 0. 1. 1. 1. 1. 1. 0. 0. 0. 0. 0. 0. 0. 0. 0.
 1. 0. 0. 0. 1. 0. 0. 0. 1. 0. 0. 0. 0.]","[1. 0. 1. 0. 1. 0. 0. 0. 1. 0. 0. 1. 0. 1. 0. 0. 0. 0. 0. 0. 1. 0. 0. 0.
 0. 0. 0. 0. 0. 1. 0. 0. 0. 0. 1. 0. 0.]","[1. 1. 0. 0. 0. 0. 1. 1. 0. 0. 1. 0. 1. 1. 1. 0. 0. 0. 0. 1. 1. 1. 0. 0.
 0. 1. 0. 0. 1. 1. 0. 0. 0. 0. 0. 0. 0.]","[1. 0. 1. 1. 0. 0. 1. 0. 1. 0. 0. 0. 1. 0. 0. 0. 0. 0. 0. 0. 0. 1. 0. 0.
 0. 0. 1. 0. 0. 0. 0. 0. 0. 0. 0. 0. 0.]","[1. 1. 1. 0. 0. 0. 0. 0. 0. 0. 1. 1. 1. 1. 0. 1. 0. 1. 0. 0. 0. 0. 0. 0.
 1. 0. 0. 0. 1. 0. 0. 0. 1. 0. 0. 0. 0.]","[1. 0. 0. 0. 0. 1. 0. 1. 1. 0. 0. 0. 1. 0. 0. 0. 0. 0. 0. 0. 0. 0. 1. 0.
 0. 0. 0. 0. 0. 1. 0. 0. 0. 0. 0. 0. 0.]","[1. 1. 0. 0. 0. 0. 0. 1. 0. 1. 0. 0. 0. 0. 0. 1. 0. 0. 0. 1. 0. 0. 1. 0.
 0. 0. 0. 0. 1. 1. 0. 0. 0. 0. 1. 0. 0.]","[1. 1. 1. 1. 0. 0. 0. 0. 1. 0. 1. 1. 0. 1. 0. 0. 0. 0. 0. 1. 0. 0. 0. 0.
 0. 0. 1. 0. 1. 1. 0. 0. 0. 1. 0. 0. 0.]","[1. 0. 1. 0. 0. 0. 0. 0. 0. 0. 1. 1. 0. 0. 1. 0. 0. 1. 1. 0. 1. 0. 1. 0.
 0. 0. 0. 0. 1. 1. 0. 0. 0. 0. 0. 0. 0.]","[1. 0. 0. 0. 0. 0. 0. 1. 0. 1. 0. 1. 1. 1. 0. 0. 0. 0. 0. 0. 0. 0. 0. 1.
 0. 0. 1. 0. 0. 0. 0. 0. 1. 0. 0. 0. 0.]","[1. 0. 0. 0. 1. 0. 1. 1. 0. 0. 0. 0. 0. 0. 0. 1. 0. 0. 0. 0. 0. 0. 0. 0.
 0. 0. 0. 0. 0. 0. 0. 0. 0. 1. 0. 0. 0.]","[1. 0. 1. 0. 0. 0. 0. 0. 1. 0. 0. 1. 1. 1. 0. 0. 0. 0. 0. 0. 1. 0. 0. 0.
 0. 1. 0. 0. 0. 0. 0. 0. 1. 0. 0. 0. 0.]","[1. 1. 0. 1. 0. 0. 0. 0. 0. 0. 0. 0. 0. 0. 1. 0. 0. 0. 0. 0. 0. 0. 0. 0.
 0. 0. 0. 0. 0. 0. 1. 0. 0. 1. 0. 0. 0.]","[1. 1. 1. 1. 0. 0. 1. 0. 0. 0. 1. 1. 1. 0. 1. 0. 0. 0. 0. 1. 1. 0. 1. 0.
 0. 0. 0. 0. 1. 1. 0. 0. 0. 0. 0. 0. 0.]","[1. 1. 0. 1. 0. 0. 1. 1. 0. 0. 1. 1. 1. 0. 0. 1. 0. 0. 0. 1. 0. 0. 0. 0.
 0. 0. 1. 0. 0. 0. 0. 0. 0. 0. 0. 0. 0.]","[1. 1. 1. 0. 0. 0. 1. 0. 1. 0. 1. 1. 1. 0. 0. 0. 0. 0. 0. 0. 0. 0. 1. 0.
 0. 1. 1. 1. 1. 0. 0. 0. 0. 0. 0. 0. 0.]","[1. 1. 1. 0. 0. 0. 1. 0. 0. 0. 1. 1. 0. 0. 1. 0. 0. 0. 0. 0. 0. 0. 1. 0.
 0. 1. 1. 1. 1. 0. 0. 0. 0. 1. 0. 0. 0.]","[1. 1. 1. 0. 0. 0. 1. 0. 0. 0. 1. 1. 1. 1. 0. 0. 1. 0. 0. 1. 1. 0. 0. 0.
 0. 1. 0. 0. 1. 1. 0. 0. 0. 0. 0. 0. 0.]","[1. 1. 0. 1. 0. 0. 1. 1. 0. 0. 1. 1. 1. 1. 0. 0. 0. 0. 0. 1. 0. 0. 0. 1.
 1. 0. 0. 0. 1. 1. 0. 0. 0. 0. 0. 0. 0.]","[1. 1. 1. 1. 0. 0. 1. 0. 0. 0. 1. 1. 1. 1. 1. 0. 0. 0. 0. 1. 0. 0. 0. 0.
 0. 0. 1. 1. 1. 0. 0. 0. 0. 0. 0. 0. 0.]","[1. 0. 1. 0. 0. 0. 1. 0. 0. 0. 1. 1. 0. 0. 0. 0. 0. 1. 1. 0. 1. 0. 1. 1.
 0. 0. 0. 1. 0. 0. 0. 0. 0. 0. 0. 0. 0.]","[1. 1. 1. 1. 0. 0. 1. 0. 0. 0. 1. 1. 1. 1. 0. 0. 0. 0. 0. 0. 0. 0. 0. 1.
 1. 0. 0. 0. 1. 1. 0. 0. 0. 0. 0. 0. 0.]","[1. 1. 1. 1. 0. 0. 1. 0. 0. 0. 1. 1. 1. 0. 0. 1. 0. 0. 0. 1. 0. 0. 1. 0.
 1. 0. 0. 1. 1. 0. 0. 0. 0. 0. 0. 0. 0.]","[1. 0. 1. 0. 0. 1. 0. 0. 0. 0. 0. 1. 1. 0. 0. 0. 0. 0. 0. 0. 0. 0. 1. 1.
 0. 0. 1. 0. 0. 1. 0. 0. 0. 0. 0. 0. 0.]","[1. 0. 1. 0. 0. 0. 0. 0. 0. 0. 1. 1. 0. 0. 0. 0. 1. 1. 0. 0. 1. 0. 1. 0.
 0. 0. 0. 0. 1. 1. 0. 0. 0. 1. 0. 0. 0.]","[1. 0. 0. 0. 0. 1. 0. 1. 1. 0. 0. 1. 1. 1. 0. 0. 0. 0. 0. 0. 0. 0. 0. 0.
 1. 0. 0. 0. 0. 0. 0. 0. 1. 0. 0. 0. 0.]","[1. 0. 1. 0. 0. 0. 0. 0. 0. 0. 0. 1. 0. 0. 1. 0. 0. 0. 1. 0. 0. 0. 1. 0.
 0. 0. 1. 0. 0. 1. 0. 1. 0. 0. 0. 0. 0.]","[1. 0. 0. 0. 0. 0. 1. 1. 0. 0. 0. 1. 0. 0. 0. 0. 0. 1. 1. 0. 1. 0. 1. 1.
 0. 0. 0. 0. 1. 1. 0. 0. 0. 0. 0. 0. 0.]","[1. 1. 0. 1. 0. 0. 0. 0. 0. 0. 1. 0. 0. 0. 0. 1. 0. 0. 0. 1. 0. 0. 1. 0.
 0. 0. 0. 1. 1. 0. 1. 0. 0. 1. 0. 0. 0.]","[1. 1. 0. 0. 0. 0. 0. 1. 0. 0. 0. 0. 0. 0. 1. 0. 0. 1. 0. 0. 1. 1. 1. 0.
 0. 0. 0. 1. 1. 0. 0. 0. 0. 1. 0. 0. 0.]","[1. 1. 1. 0. 0. 0. 0. 0. 0. 0. 1. 1. 0. 0. 1. 0. 0. 1. 1. 0. 1. 0. 1. 0.
 0. 0. 0. 1. 0. 0. 0. 0. 0. 0. 0. 0. 0.]","[1. 1. 0. 1. 0. 0. 1. 1. 0. 0. 1. 1. 1. 0. 0. 1. 0. 0. 0. 1. 0. 0. 0. 0.
 0. 0. 1. 0. 0. 0. 0. 0. 0. 0. 0. 0. 0.]","[1. 0. 1. 1. 0. 0. 0. 0. 0. 0. 0. 0. 1. 0. 1. 0. 0. 0. 0. 0. 0. 0. 1. 0.
 0. 0. 0. 0. 0. 0. 0. 0. 1. 0. 0. 0. 0.]","[1. 1. 1. 1. 0. 0. 1. 0. 0. 0. 1. 0. 1. 0. 0. 0. 0. 0. 0. 1. 0. 1. 1. 1.
 1. 0. 0. 1. 1. 0. 0. 0. 0. 0. 0. 0. 0.]","[1. 1. 1. 0. 0. 0. 1. 0. 0. 0. 1. 1. 1. 0. 1. 0. 0. 0. 0. 1. 0. 0. 1. 0.
 0. 1. 1. 0. 1. 0. 0. 0. 1. 0. 0. 0. 0.]","[1. 0. 1. 0. 0. 0. 0. 0. 0. 0. 1. 0. 1. 0. 0. 0. 0. 0. 0. 0. 0. 1. 0. 1.
 1. 1. 0. 0. 0. 0. 0. 0. 0. 0. 0. 0. 0.]","[1. 1. 1. 0. 0. 0. 1. 0. 0. 0. 1. 0. 1. 1. 1. 0. 0. 1. 0. 1. 0. 1. 0. 0.
 1. 0. 0. 0. 1. 0. 0. 0. 1. 0. 0. 0. 0.]","[1. 1. 0. 1. 0. 0. 1. 1. 0. 0. 1. 1. 1. 0. 0. 1. 0. 0. 0. 1. 0. 0. 0. 0.
 0. 0. 1. 0. 0. 0. 0. 0. 0. 0. 0. 0. 0.]","[1. 0. 0. 1. 0. 0. 1. 0. 1. 0. 1. 0. 1. 1. 0. 0. 0. 0. 0. 1. 0. 1. 0. 0.
 0. 0. 1. 1. 1. 0. 1. 0. 0. 0. 0. 0. 0.]","[1. 0. 0. 0. 1. 0. 0. 0. 0. 0. 0. 1. 0. 1. 0. 1. 0. 0. 1. 0. 0. 0. 0. 0.
 1. 0. 0. 0. 0. 0. 1. 0. 1. 0. 0. 0. 0.]","[1. 1. 0. 0. 0. 0. 0. 0. 0. 0. 0. 0. 1. 0. 1. 0. 0. 0. 0. 1. 0. 1. 1. 0.
 0. 0. 1. 0. 1. 0. 1. 1. 1. 0. 0. 0. 0.]","[1. 1. 1. 1. 0. 0. 1. 0. 1. 0. 1. 1. 1. 1. 0. 0. 0. 0. 0. 1. 0. 0. 0. 0.
 1. 0. 0. 0. 1. 1. 0. 0. 0. 0. 0. 0. 0.]","[1. 1. 1. 1. 0. 0. 1. 0. 0. 0. 1. 0. 1. 0. 0. 1. 0. 0. 0. 1. 0. 1. 1. 0.
 1. 0. 0. 1. 1. 0. 0. 0. 0. 0. 0. 0. 0.]","[1. 0. 0. 1. 0. 0. 0. 0. 0. 0. 0. 1. 0. 0. 0. 1. 0. 0. 1. 0. 0. 0. 0. 0.
 1. 0. 0. 0. 0. 0. 1. 0. 0. 0. 0. 0. 0.]","[1. 1. 0. 1. 0. 0. 1. 1. 1. 0. 1. 0. 1. 1. 0. 0. 0. 0. 0. 1. 0. 1. 0. 0.
 1. 0. 0. 1. 0. 0. 0. 0. 0. 0. 0. 0. 0.]","[1. 0. 0. 0. 1. 0. 0. 0. 0. 0. 0. 1. 0. 1. 0. 1. 0. 0. 1. 0. 0. 0. 0. 0.
 1. 0. 0. 0. 0. 0. 1. 0. 1. 0. 0. 0. 0.]","[1. 0. 1. 0. 0. 0. 1. 0. 0. 0. 1. 0. 0. 0. 0. 1. 0. 1. 1. 1. 0. 0. 1. 0.
 0. 0. 0. 1. 1. 0. 0. 0. 0. 0. 0. 0. 0.]","[1. 1. 1. 1. 0. 0. 1. 0. 0. 0. 1. 0. 1. 0. 1. 0. 0. 0. 0. 1. 1. 1. 1. 0.
 0. 0. 0. 0. 1. 0. 0. 0. 1. 0. 0. 0. 0.]","[1. 1. 0. 1. 0. 0. 1. 1. 1. 0. 1. 0. 1. 1. 0. 0. 0. 0. 0. 1. 0. 1. 0. 0.
 1. 0. 0. 1. 0. 0. 0. 0. 0. 0. 0. 0. 0.]","[1. 1. 0. 1. 0. 0. 0. 0. 0. 0. 1. 0. 1. 0. 0. 0. 1. 0. 0. 1. 1. 1. 1. 0.
 0. 0. 0. 1. 1. 0. 1. 0. 0. 0. 0. 0. 0.]","[1. 1. 1. 1. 0. 0. 1. 0. 1. 0. 1. 1. 1. 1. 0. 0. 0. 0. 0. 1. 1. 0. 0. 0.
 0. 0. 0. 0. 0. 0. 0. 0. 1. 0. 0. 0. 0.]","[1. 0. 0. 0. 0. 0. 1. 0. 0. 0. 1. 0. 1. 0. 0. 0. 0. 1. 0. 1. 0. 1. 1. 1.
 1. 0. 0. 0. 1. 0. 1. 0. 1. 0. 0. 0. 0.]","[1. 1. 1. 1. 0. 0. 1. 0. 1. 0. 1. 0. 1. 1. 0. 0. 0. 0. 0. 1. 0. 1. 0. 0.
 1. 0. 0. 0. 1. 1. 0. 0. 0. 0. 0. 0. 0.]","[1. 1. 0. 1. 0. 0. 1. 0. 0. 0. 1. 0. 0. 0. 1. 0. 0. 0. 1. 1. 0. 0. 1. 0.
 0. 0. 0. 0. 0. 0. 1. 0. 1. 0. 0. 0. 0.]","[1. 1. 1. 0. 1. 0. 1. 0. 0. 0. 0. 1. 0. 1. 0. 0. 1. 0. 0. 0. 0. 0. 0. 0.
 1. 0. 0. 1. 1. 0. 0. 0. 0. 1. 0. 0. 0.]","[1. 1. 0. 0. 0. 0. 0. 0. 0. 0. 0. 0. 1. 0. 1. 0. 0. 0. 0. 1. 0. 1. 1. 0.
 0. 0. 1. 0. 1. 0. 1. 1. 1. 0. 0. 0. 0.]","[1. 1. 0. 1. 0. 0. 1. 1. 1. 0. 1. 0. 1. 1. 0. 0. 0. 0. 0. 1. 0. 1. 0. 0.
 1. 0. 0. 1. 0. 0. 0. 0. 0. 0. 0. 0. 0.]","[1. 1. 0. 0. 0. 0. 0. 1. 0. 0. 1. 0. 1. 0. 0. 1. 0. 1. 0. 1. 0. 0. 1. 0.
 0. 0. 0. 0. 1. 0. 0. 0. 1. 0. 0. 0. 0.]","[1. 1. 0. 0. 0. 0. 1. 1. 0. 0. 1. 0. 1. 0. 0. 0. 1. 0. 0. 1. 0. 0. 1. 0.
 0. 1. 0. 1. 1. 0. 0. 0. 0. 0. 0. 0. 0.]","[1. 1. 0. 0. 0. 0. 1. 1. 0. 0. 1. 0. 0. 0. 0. 1. 0. 0. 0. 1. 0. 0. 1. 0.
 0. 1. 0. 1. 0. 0. 0. 0. 0. 1. 0. 0. 0.]","[1. 1. 0. 0. 0. 0. 1. 1. 0. 0. 0. 0. 1. 1. 0. 0. 1. 0. 0. 1. 0. 1. 0. 0.
 0. 0. 1. 0. 1. 0. 0. 1. 1. 0. 0. 0. 0.]","[1. 1. 0. 1. 0. 0. 0. 0. 0. 0. 1. 0. 1. 0. 0. 0. 1. 0. 0. 1. 1. 1. 1. 0.
 0. 0. 0. 1. 1. 0. 1. 0. 0. 0. 0. 0. 0.]","[1. 1. 1. 0. 0. 1. 1. 0. 1. 0. 0. 1. 1. 1. 0. 0. 0. 0. 0. 1. 1. 0. 0. 0.
 0. 0. 0. 0. 0. 1. 0. 0. 0. 0. 0. 0. 0.]","[1. 0. 0. 0. 0. 0. 1. 1. 0. 0. 0. 0. 1. 1. 0. 0. 1. 0. 0. 0. 0. 0. 0. 0.
 0. 0. 0. 1. 0. 0. 0. 1. 0. 0. 0. 0. 0.]","[1. 1. 0. 0. 0. 0. 0. 0. 0. 0. 0. 0. 1. 0. 1. 0. 0. 0. 0. 1. 0. 1. 1. 0.
 0. 0. 1. 0. 1. 0. 1. 1. 1. 0. 0. 0. 0.]","[1. 1. 0. 1. 0. 0. 1. 1. 0. 0. 1. 0. 1. 1. 0. 0. 0. 0. 0. 1. 0. 1. 0. 1.
 0. 0. 1. 0. 1. 0. 0. 0. 1. 0. 0. 0. 0.]","[1. 0. 0. 0. 0. 0. 1. 1. 0. 0. 0. 0. 1. 1. 1. 0. 0. 0. 0. 1. 0. 0. 0. 0.
 0. 0. 0. 1. 1. 0. 0. 1. 0. 0. 0. 0. 0.]","[1. 1. 0. 0. 0. 0. 1. 0. 0. 0. 1. 1. 1. 1. 1. 0. 0. 0. 0. 1. 1. 0. 0. 0.
 0. 1. 0. 1. 1. 0. 1. 0. 0. 0. 0. 0. 0.]","[1. 0. 1. 0. 0. 0. 0. 0. 0. 0. 1. 0. 1. 1. 0. 0. 0. 0. 0. 0. 0. 0. 0. 1.
 0. 1. 0. 0. 0. 0. 0. 0. 1. 0. 0. 0. 0.]","[1. 0. 0. 1. 0. 0. 0. 0. 1. 0. 1. 0. 1. 1. 0. 0. 0. 0. 0. 0. 0. 0. 0. 0.
 0. 0. 0. 0. 0. 0. 1. 0. 1. 0. 0. 0. 0.]","[1. 1. 1. 0. 0. 0. 1. 0. 0. 0. 0. 1. 1. 1. 1. 0. 0. 0. 0. 1. 0. 0. 0. 0.
 1. 0. 0. 0. 1. 0. 0. 0. 1. 0. 0. 1. 0.]","[1. 0. 0. 0. 0. 0. 0. 1. 1. 0. 0. 0. 1. 1. 0. 0. 0. 0. 0. 1. 0. 0. 0. 0.
 0. 0. 0. 1. 0. 0. 0. 0. 0. 0. 0. 0. 1.]","[1. 1. 0. 0. 0. 0. 0. 0. 0. 0. 0. 0. 1. 0. 1. 0. 0. 0. 0. 1. 0. 1. 1. 0.
 0. 0. 1. 0. 1. 0. 1. 1. 1. 0. 0. 0. 0.]","[1. 0. 1. 0. 1. 0. 0. 0. 0. 0. 0. 1. 1. 0. 0. 0. 1. 0. 0. 0. 1. 0. 1. 0.
 0. 0. 0. 0. 0. 0. 0. 0. 1. 0. 0. 0. 0.]","[1. 0. 0. 0. 0. 0. 0. 0. 0. 0. 1. 1. 0. 0. 0. 0. 1. 0. 1. 0. 0. 0. 1. 0.
 0. 1. 1. 1. 0. 0. 1. 0. 0. 0. 0. 0. 0.]","[1. 1. 1. 1. 0. 0. 1. 0. 0. 0. 1. 1. 1. 0. 1. 0. 0. 0. 0. 1. 0. 0. 0. 0.
 0. 0. 1. 0. 1. 0. 0. 0. 0. 0. 0. 0. 0.]","[1. 1. 0. 0. 0. 0. 0. 0. 0. 0. 0. 0. 1. 0. 1. 0. 0. 0. 0. 1. 0. 1. 1. 0.
 0. 0. 1. 0. 1. 0. 1. 1. 1. 0. 0. 0. 0.]","[1. 0. 0. 1. 0. 0. 1. 0. 0. 0. 1. 1. 1. 0. 0. 0. 0. 0. 0. 1. 1. 0. 1. 1.
 0. 0. 0. 0. 1. 0. 1. 0. 1. 0. 0. 0. 0.]","[1. 0. 1. 1. 0. 0. 0. 0. 0. 0. 0. 0. 1. 1. 0. 1. 0. 0. 0. 0. 0. 0. 0. 0.
 0. 0. 0. 1. 0. 0. 0. 0. 0. 0. 0. 0. 0.]","[1. 1. 0. 1. 0. 0. 1. 1. 0. 0. 1. 1. 1. 1. 1. 0. 0. 0. 0. 0. 0. 0. 0. 0.
 1. 0. 0. 0. 1. 0. 0. 0. 1. 0. 0. 0. 0.]","[1. 1. 0. 1. 0. 0. 1. 0. 0. 0. 1. 0. 1. 1. 1. 0. 0. 0. 0. 1. 0. 1. 0. 0.
 1. 0. 0. 1. 1. 0. 1. 0. 0. 0. 0. 0. 0.]","[1. 0. 0. 1. 0. 0. 0. 1. 0. 0. 0. 1. 1. 0. 1. 0. 0. 0. 0. 0. 0. 0. 0. 0.
 1. 0. 0. 0. 0. 0. 0. 0. 0. 0. 0. 0. 0.]","[1. 1. 0. 1. 0. 0. 1. 0. 0. 0. 1. 1. 1. 1. 1. 0. 0. 0. 0. 1. 0. 0. 0. 0.
 1. 0. 0. 0. 1. 0. 1. 0. 1. 0. 0. 0. 0.]","[1. 1. 0. 1. 0. 0. 0. 0. 0. 0. 1. 1. 0. 0. 0. 0. 1. 0. 0. 1. 0. 0. 1. 0.
 0. 0. 1. 1. 1. 0. 1. 0. 0. 0. 1. 0. 0.]","[1. 0. 0. 0. 0. 0. 0. 0. 0. 0. 0. 1. 0. 1. 0. 0. 0. 0. 0. 0. 0. 0. 0. 1.
 1. 0. 0. 0. 0. 0. 1. 1. 1. 1. 0. 0. 0.]","[1. 1. 0. 1. 0. 0. 1. 0. 0. 0. 0. 0. 0. 0. 0. 1. 0. 0. 1. 1. 0. 0. 0. 0.
 0. 0. 0. 0. 1. 0. 1. 0. 0. 0. 0. 0. 0.]","[1. 1. 0. 0. 0. 0. 1. 1. 0. 0. 1. 0. 0. 0. 0. 1. 0. 0. 0. 1. 0. 0. 1. 0.
 0. 1. 0. 1. 0. 0. 0. 0. 0. 1. 0. 0. 0.]","[1. 1. 0. 1. 0. 0. 0. 0. 0. 0. 1. 0. 0. 0. 0. 1. 0. 0. 0. 1. 0. 0. 1. 0.
 0. 0. 0. 1. 1. 0. 1. 0. 0. 1. 0. 0. 0.]","[1. 0. 0. 0. 1. 0. 0. 0. 0. 0. 0. 1. 0. 0. 0. 0. 0. 0. 1. 0. 1. 0. 1. 1.
 0. 0. 0. 1. 1. 0. 1. 0. 0. 0. 0. 0. 0.]","[1. 0. 0. 0. 0. 1. 0. 0. 0. 0. 0. 1. 0. 1. 0. 1. 0. 0. 1. 0. 0. 0. 0. 0.
 1. 0. 0. 0. 0. 0. 1. 0. 1. 0. 0. 0. 0.]","[1. 1. 0. 1. 0. 0. 0. 0. 1. 0. 1. 1. 1. 1. 0. 0. 0. 0. 0. 1. 0. 0. 0. 0.
 1. 0. 0. 1. 0. 0. 1. 0. 0. 0. 0. 0. 0.]","[1. 0. 0. 0. 0. 0. 0. 0. 0. 0. 0. 1. 0. 0. 0. 0. 1. 0. 1. 1. 0. 0. 1. 0.
 0. 0. 1. 1. 0. 0. 1. 0. 0. 0. 0. 1. 0.]","[1. 1. 0. 0. 0. 0. 1. 1. 0. 0. 1. 0. 0. 0. 1. 0. 0. 0. 1. 1. 1. 1. 1. 0.
 0. 1. 0. 0. 0. 1. 0. 0. 0. 0. 0. 0. 0.]","[1. 1. 0. 0. 0. 0. 1. 0. 1. 0. 0. 0. 1. 0. 0. 0. 0. 0. 0. 1. 0. 0. 1. 0.
 0. 0. 0. 1. 1. 0. 1. 1. 0. 0. 0. 0. 0.]","[1. 1. 0. 0. 1. 0. 1. 1. 0. 0. 0. 1. 0. 1. 0. 0. 1. 0. 1. 1. 0. 0. 0. 0.
 0. 0. 1. 0. 1. 0. 0. 0. 1. 0. 0. 0. 0.]","[1. 0. 0. 1. 0. 0. 0. 1. 0. 0. 0. 0. 0. 1. 1. 0. 0. 0. 1. 1. 0. 0. 0. 0.
 0. 0. 0. 1. 0. 0. 0. 0. 0. 0. 0. 0. 0.]","[1. 1. 0. 0. 0. 0. 0. 1. 0. 1. 0. 0. 0. 0. 0. 0. 1. 0. 0. 0. 1. 1. 1. 0.
 0. 0. 0. 1. 0. 0. 0. 0. 0. 1. 0. 0. 0.]","[1. 1. 0. 0. 0. 0. 0. 1. 0. 0. 1. 0. 1. 0. 0. 1. 0. 1. 0. 1. 0. 0. 1. 0.
 0. 0. 0. 0. 1. 0. 0. 0. 1. 0. 0. 0. 0.]","[1. 1. 0. 1. 0. 0. 1. 1. 1. 0. 1. 0. 1. 1. 0. 0. 0. 0. 0. 1. 0. 1. 0. 0.
 1. 0. 0. 1. 0. 0. 0. 0. 0. 0. 0. 0. 0.]","[1. 0. 0. 1. 0. 0. 1. 1. 0. 0. 1. 0. 0. 1. 0. 0. 0. 0. 0. 1. 0. 0. 0. 1.
 0. 0. 0. 0. 1. 0. 0. 0. 1. 1. 0. 0. 0.]","[1. 0. 1. 1. 0. 0. 0. 0. 0. 0. 0. 0. 1. 1. 0. 1. 0. 0. 0. 0. 0. 0. 0. 0.
 0. 0. 0. 0. 0. 1. 0. 0. 0. 0. 0. 0. 0.]","[1. 1. 1. 1. 0. 0. 1. 0. 1. 0. 1. 1. 1. 1. 0. 0. 0. 0. 0. 0. 0. 0. 0. 0.
 0. 0. 1. 1. 1. 0. 0. 0. 0. 0. 0. 0. 0.]","[1. 1. 0. 1. 0. 0. 1. 0. 0. 0. 1. 0. 1. 1. 0. 0. 1. 0. 0. 1. 1. 1. 0. 0.
 0. 0. 0. 1. 1. 0. 1. 0. 0. 0. 0. 0. 0.]","[1. 1. 1. 1. 0. 0. 1. 0. 0. 0. 0. 1. 0. 0. 1. 0. 0. 0. 1. 1. 0. 0. 1. 0.
 0. 0. 1. 1. 1. 0. 0. 0. 0. 0. 0. 0. 0.]","[1. 1. 0. 1. 0. 0. 0. 1. 0. 0. 1. 1. 1. 0. 0. 1. 0. 0. 0. 1. 1. 0. 1. 0.
 0. 0. 0. 1. 1. 0. 0. 0. 0. 0. 0. 0. 0.]","[1. 1. 1. 0. 0. 1. 0. 0. 0. 0. 0. 1. 0. 1. 1. 0. 0. 0. 1. 1. 0. 0. 0. 0.
 0. 0. 1. 0. 1. 0. 0. 0. 1. 0. 0. 0. 0.]","[1. 1. 0. 0. 0. 0. 0. 1. 0. 0. 0. 0. 0. 0. 1. 0. 0. 1. 1. 1. 1. 1. 1. 0.
 0. 0. 0. 1. 0. 0. 0. 0. 0. 0. 0. 0. 0.]","[1. 1. 1. 0. 0. 0. 1. 0. 1. 0. 1. 0. 1. 0. 0. 0. 0. 1. 0. 1. 0. 0. 1. 0.
 0. 0. 0. 0. 1. 1. 0. 0. 0. 0. 0. 0. 0.]","[1. 0. 0. 0. 1. 0. 0. 1. 0. 0. 0. 0. 1. 0. 0. 0. 1. 0. 0. 0. 0. 0. 1. 0.
 0. 0. 0. 0. 0. 0. 0. 0. 1. 0. 0. 0. 0.]","[1. 0. 0. 0. 0. 0. 1. 0. 0. 0. 0. 0. 0. 0. 1. 0. 0. 0. 1. 0. 0. 1. 1. 0.
 0. 0. 1. 0. 0. 0. 1. 1. 1. 0. 0. 0. 0.]","[1. 0. 0. 0. 0. 1. 0. 0. 1. 0. 0. 0. 1. 0. 0. 0. 0. 0. 0. 1. 0. 0. 1. 0.
 0. 0. 0. 1. 0. 0. 1. 0. 0. 0. 0. 0. 0.]","[1. 1. 0. 1. 0. 0. 1. 1. 1. 0. 1. 0. 1. 1. 0. 0. 0. 0. 0. 1. 0. 1. 0. 0.
 1. 0. 0. 1. 0. 0. 0. 0. 0. 0. 0. 0. 0.]","[1. 0. 1. 0. 0. 0. 0. 0. 1. 0. 1. 0. 0. 0. 0. 0. 0. 1. 0. 1. 1. 1. 1. 0.
 0. 0. 0. 0. 0. 1. 0. 0. 0. 1. 0. 0. 0.]","[1. 1. 0. 1. 0. 0. 1. 0. 0. 0. 1. 0. 0. 0. 0. 1. 0. 0. 1. 1. 1. 1. 1. 0.
 0. 0. 0. 1. 0. 0. 1. 0. 0. 0. 0. 0. 0.]","[1. 0. 1. 0. 0. 0. 0. 0. 0. 1. 0. 0. 0. 1. 0. 1. 0. 0. 1. 0. 0. 1. 0. 0.
 0. 0. 1. 1. 0. 0. 0. 0. 0. 0. 0. 0. 0.]","[1. 1. 0. 1. 0. 0. 1. 1. 0. 0. 1. 1. 1. 1. 1. 0. 0. 0. 0. 1. 0. 0. 0. 0.
 0. 0. 1. 1. 1. 0. 0. 0. 0. 0. 0. 0. 0.]","[1. 0. 0. 0. 0. 1. 0. 1. 0. 0. 0. 1. 0. 0. 0. 1. 0. 0. 0. 0. 0. 0. 0. 0.
 0. 0. 1. 0. 0. 0. 0. 0. 0. 1. 0. 0. 0.]","[1. 0. 0. 1. 0. 0. 0. 0. 1. 0. 1. 0. 1. 1. 0. 0. 0. 0. 0. 0. 0. 0. 0. 0.
 0. 0. 0. 0. 0. 0. 1. 0. 1. 0. 0. 0. 0.]","[1. 1. 0. 1. 0. 0. 1. 0. 0. 0. 1. 1. 1. 1. 0. 0. 0. 0. 0. 1. 0. 0. 0. 1.
 1. 0. 0. 0. 0. 0. 1. 0. 1. 0. 0. 0. 0.]","[1. 0. 1. 1. 0. 0. 0. 0. 1. 0. 0. 0. 0. 1. 0. 0. 0. 0. 0. 0. 0. 0. 0. 0.
 0. 0. 0. 1. 0. 0. 0. 0. 0. 1. 0. 0. 0.]","[1. 0. 0. 1. 0. 0. 0. 1. 0. 0. 0. 0. 1. 0. 0. 1. 0. 0. 0. 0. 0. 0. 1. 0.
 0. 0. 0. 0. 0. 0. 0. 0. 1. 0. 0. 0. 0.]","[1. 1. 1. 0. 0. 0. 1. 0. 0. 0. 0. 1. 0. 1. 0. 0. 1. 0. 1. 1. 0. 0. 0. 0.
 1. 0. 0. 1. 0. 0. 0. 1. 0. 0. 0. 0. 0.]","[1. 1. 1. 0. 1. 0. 0. 0. 0. 0. 0. 1. 0. 1. 0. 0. 1. 0. 0. 1. 0. 0. 0. 0.
 1. 0. 0. 1. 1. 0. 0. 0. 0. 1. 0. 0. 0.]","[1. 1. 0. 1. 0. 0. 1. 0. 0. 0. 1. 0. 1. 1. 0. 1. 0. 0. 0. 1. 0. 1. 0. 0.
 1. 0. 0. 1. 1. 0. 1. 0. 0. 0. 0. 0. 0.]","[1. 1. 0. 0. 0. 0. 0. 0. 1. 0. 0. 0. 1. 0. 0. 0. 0. 0. 0. 1. 0. 0. 0. 0.
 0. 0. 0. 0. 0. 0. 1. 1. 0. 0. 0. 0. 0.]","[1. 0. 0. 0. 0. 0. 0. 1. 0. 1. 0. 0. 0. 0. 1. 0. 0. 0. 1. 1. 0. 1. 0. 0.
 0. 0. 1. 0. 1. 0. 0. 0. 0. 0. 0. 0. 0.]","[1. 1. 1. 0. 1. 0. 1. 0. 0. 0. 0. 0. 0. 1. 0. 0. 1. 0. 1. 1. 1. 1. 0. 0.
 0. 0. 0. 1. 1. 0. 0. 0. 0. 0. 0. 0. 0.]","[1. 1. 0. 1. 0. 0. 0. 0. 0. 0. 1. 0. 0. 0. 0. 1. 0. 0. 0. 1. 0. 0. 1. 0.
 0. 0. 0. 1. 1. 0. 1. 0. 0. 1. 0. 0. 0.]","[1. 0. 0. 1. 0. 0. 0. 1. 0. 0. 0. 0. 1. 0. 0. 1. 0. 0. 0. 0. 0. 0. 1. 0.
 0. 0. 0. 0. 0. 0. 0. 0. 1. 0. 0. 0. 0.]","[1. 0. 0. 0. 0. 0. 0. 1. 0. 0. 0. 0. 0. 0. 0. 0. 1. 0. 0. 1. 1. 1. 1. 0.
 0. 0. 0. 1. 0. 0. 0. 1. 0. 1. 0. 0. 0.]","[1. 1. 0. 1. 0. 0. 1. 1. 0. 0. 1. 1. 1. 0. 0. 1. 0. 0. 0. 1. 0. 0. 0. 0.
 0. 0. 1. 0. 0. 0. 0. 0. 0. 0. 0. 0. 0.]","[1. 0. 1. 1. 0. 0. 0. 0. 1. 0. 0. 0. 1. 0. 0. 0. 0. 0. 0. 0. 0. 1. 1. 0.
 0. 0. 1. 1. 0. 0. 0. 0. 0. 0. 0. 0. 0.]","[1. 1. 1. 1. 0. 0. 1. 0. 0. 0. 1. 0. 1. 0. 0. 1. 0. 0. 0. 1. 0. 1. 1. 0.
 1. 0. 0. 1. 1. 0. 0. 0. 0. 0. 0. 0. 0.]","[1. 1. 0. 0. 0. 0. 1. 0. 0. 0. 1. 0. 1. 1. 0. 1. 0. 0. 0. 1. 0. 1. 0. 0.
 0. 1. 1. 0. 1. 1. 1. 0. 0. 0. 0. 0. 0.]","[1. 1. 0. 0. 0. 0. 1. 0. 0. 0. 1. 0. 1. 0. 0. 0. 0. 1. 0. 1. 0. 1. 1. 1.
 1. 0. 0. 0. 0. 1. 1. 0. 0. 0. 0. 0. 0.]","[1. 0. 0. 0. 0. 0. 0. 0. 0. 0. 0. 1. 1. 0. 1. 0. 0. 1. 0. 0. 0. 0. 0. 0.
 0. 0. 1. 0. 0. 0. 1. 0. 0. 0. 0. 0. 0.]","[1. 1. 1. 0. 0. 0. 0. 0. 0. 0. 1. 1. 0. 0. 0. 0. 0. 1. 1. 1. 0. 0. 1. 1.
 1. 0. 0. 0. 1. 1. 0. 0. 0. 0. 0. 0. 0.]"
2.282,0.672,2.25,10.448,1.852,1.45,5.346,2.608,3.5,2.074,2.274,0.974,0.976,1.222,1.682,1.298,1.286,0.986,1.682,1.134,1.91,0.676,1.248,1.254,1.756,3.534,1.31,1.732,2.638,0.758,2.988,1.46,2.528,1.184,1.42,1.37,0.83,0.962,0.84,5.34,0.958,2.426,0.896,1.344,2.346,1.386,1.524,5.952,5.818,1.406,1.28,1.13,1.06,1.04,1.376,1.406,0.816,1.126,10.622,1.544,1.892,1.454,1.442,10.622,1.254,1.272,3.318,1.302,0.792,1.036,1.468,3.534,3.414,0.792,2.994,0.904,1.468,1.14,1.794,5.806,10.622,1.26,0.976,4.028,1.2,2.974,0.762,1.098,1.384,1.606,1.108,1.312,0.674,2.488,1.222,0.982,1.522,2.262,1.47,1.036,2.638,1404.52,1.95,1.372,1.098,1.126,1.266,0.868,1.454,0.712,1.098,1.64,2.08,0.84,1.292,0.876,2.73,1.544,2.08,2.684,0.712,1.544,1.386,1.19,1.594,1.272,2.492,1.532,0.84,1.544,1.56,1.706,3.54,0.862,1.386,1.318,1.348,0.84,1.454,0.94,1.026,1.866,2.142,0.764,1.812,0.84,0.796,2.89,0.738,0.84,1.654,1.62,0.792,0.936,0.834,0.932,662.67,3.044,2.54,3.54,1404.52,2.274,2.704,1.716,2.792,1.654,1.82,1.616,2.388,1.966,1.56,1.544,11.776,1.454,1.254,1.406,1.19,1.02,1.148,1.634,1.738,1.366,1.506,2.158,1.544,3.492,2.468,1.436,0.796,2.924,2.142,1.604,4.796,1.688,1.44,1.576,1.198,1.806,1.226,1.388,1404.52,1.688,2.062,1.098,1.406,0.876,1.348,1.722,0.952,2.282
170
