1,2,3,4,5,6,7,8,9,10,11,12,13,14,15,16,17,18,19,20,21,22,23,24,25,26,27,28,29,30,31,32,33,34,35,36,37,38,39,40,41,42,43,44,45,46,47,48,49,50,51,52,53,54,55,56,57,58,59,60,61,62,63,64,65,66,67,68,69,70,71,72,73,74,75,76,77,78,79,80,81,82,83,84,85,86,87,88,89,90,91,92,93,94,95,96,97,98,99,100,101,102,103,104,105,106,107,108,109,110,111,112,113,114,115,116,117,118,119,120,121,122,123,124,125,126,127,128,129,130,131,132,133,134,135,136,137,138,139,140,141,142,143,144,145,146,147,148,149,150,151,152,153,154,155,156,157,158,159,160,161,162,163,164,165,166,167,168,169,170,171,172,173,174,175,176,177,178,179,180,181,182,183,184,185,186,187,188,189,190,191,192,193,194,195,196,197,198,199,200,201,202,203,204,205,206,207,208,209,210,211,212,213,214,215,216,217,218,219,220,221,222,223,224,225,226,227,228,229,230,231,232,233,234,235,236,237,238,239,240,241,242,243,244,245,246,247,248,249,250,251,252
"[1. 1. 0. 0. 1. 0. 0. 1. 0. 1. 1. 0. 0. 0. 0. 1. 1. 0. 0. 1. 0. 0. 1. 0.
 0. 1. 0. 1. 0. 0. 0. 1. 0. 0. 1. 0. 0. 1. 0. 0. 1.]","[1. 0. 1. 0. 1. 0. 0. 1. 0. 1. 1. 0. 0. 1. 1. 1. 1. 0. 0. 1. 0. 0. 1. 0.
 0. 1. 0. 0. 1. 0. 0. 1. 0. 1. 0. 0. 0. 1. 0. 1. 0.]","[1. 0. 1. 0. 1. 1. 0. 0. 0. 1. 0. 0. 1. 1. 0. 1. 1. 0. 0. 1. 1. 0. 0. 0.
 0. 1. 1. 0. 0. 0. 0. 1. 1. 0. 0. 0. 0. 1. 0. 0. 1.]","[1. 0. 1. 1. 1. 0. 0. 1. 0. 1. 1. 0. 0. 0. 1. 1. 0. 0. 1. 1. 0. 0. 1. 0.
 0. 1. 0. 0. 0. 1. 0. 1. 0. 0. 0. 0. 1. 1. 1. 0. 0.]","[1. 0. 1. 1. 1. 0. 0. 1. 0. 1. 0. 0. 1. 1. 0. 1. 0. 0. 1. 1. 1. 0. 0. 0.
 0. 1. 0. 0. 0. 1. 0. 1. 1. 0. 0. 0. 0. 1. 1. 0. 0.]","[1. 1. 0. 0. 1. 1. 0. 0. 0. 1. 0. 0. 1. 1. 0. 1. 1. 0. 0. 1. 0. 0. 1. 0.
 0. 1. 0. 0. 0. 0. 1. 1. 0. 0. 1. 0. 0. 1. 0. 0. 1.]","[1. 1. 0. 0. 1. 0. 0. 1. 0. 1. 0. 1. 0. 1. 1. 1. 0. 0. 1. 1. 1. 0. 0. 0.
 0. 1. 1. 0. 0. 0. 0. 1. 0. 0. 0. 1. 0. 1. 0. 0. 1.]","[1. 0. 1. 0. 1. 0. 0. 1. 0. 1. 0. 1. 0. 0. 0. 1. 0. 1. 0. 1. 0. 0. 1. 0.
 0. 1. 0. 0. 1. 0. 0. 1. 1. 0. 0. 0. 0. 1. 0. 1. 0.]","[1. 1. 0. 0. 1. 0. 1. 0. 0. 1. 0. 1. 0. 1. 0. 1. 1. 0. 0. 1. 0. 1. 0. 0.
 0. 1. 1. 0. 0. 0. 0. 1. 0. 0. 0. 0. 1. 1. 1. 0. 0.]","[1. 0. 1. 0. 1. 0. 0. 0. 1. 1. 0. 1. 0. 0. 1. 1. 0. 1. 0. 1. 0. 0. 0. 0.
 1. 1. 1. 0. 0. 0. 0. 1. 0. 0. 1. 0. 0. 1. 1. 0. 0.]","[1. 0. 1. 1. 1. 0. 0. 1. 0. 1. 0. 0. 1. 0. 1. 1. 1. 0. 0. 1. 0. 0. 1. 0.
 0. 1. 1. 0. 0. 0. 0. 1. 0. 0. 0. 0. 1. 1. 0. 0. 1.]","[1. 1. 0. 1. 1. 1. 0. 0. 0. 1. 0. 0. 1. 0. 0. 1. 1. 0. 0. 1. 1. 0. 0. 0.
 0. 1. 1. 0. 0. 0. 0. 1. 1. 0. 0. 0. 0. 1. 0. 0. 1.]","[1. 1. 0. 1. 1. 0. 0. 0. 1. 1. 1. 0. 0. 0. 1. 1. 1. 0. 0. 1. 1. 0. 0. 0.
 0. 1. 1. 0. 0. 0. 0. 1. 0. 1. 0. 0. 0. 1. 1. 0. 0.]","[1. 0. 1. 1. 1. 1. 0. 0. 0. 1. 1. 0. 0. 0. 1. 1. 1. 0. 0. 1. 1. 0. 0. 0.
 0. 1. 1. 0. 0. 0. 0. 1. 0. 0. 1. 0. 0. 1. 1. 0. 0.]","[1. 0. 1. 1. 1. 0. 0. 0. 1. 1. 1. 0. 0. 0. 1. 1. 1. 0. 0. 1. 0. 1. 0. 0.
 0. 1. 0. 1. 0. 0. 0. 1. 0. 0. 0. 1. 0. 1. 1. 0. 0.]","[1. 0. 1. 0. 1. 1. 0. 0. 0. 1. 1. 0. 0. 0. 0. 1. 1. 0. 0. 1. 1. 0. 0. 0.
 0. 1. 0. 1. 0. 0. 0. 1. 0. 0. 0. 1. 0. 1. 1. 0. 0.]","[1. 1. 0. 1. 1. 0. 1. 0. 0. 1. 1. 0. 0. 1. 0. 1. 1. 0. 0. 1. 1. 0. 0. 0.
 0. 1. 0. 0. 1. 0. 0. 1. 1. 0. 0. 0. 0. 1. 1. 0. 0.]","[1. 0. 1. 1. 1. 1. 0. 0. 0. 1. 1. 0. 0. 0. 1. 1. 0. 0. 1. 1. 1. 0. 0. 0.
 0. 1. 0. 1. 0. 0. 0. 1. 1. 0. 0. 0. 0. 1. 0. 0. 1.]","[1. 0. 1. 0. 1. 1. 0. 0. 0. 1. 0. 0. 1. 0. 0. 1. 1. 0. 0. 1. 0. 1. 0. 0.
 0. 1. 0. 0. 0. 1. 0. 1. 1. 0. 0. 0. 0. 1. 1. 0. 0.]","[1. 0. 1. 0. 1. 0. 1. 0. 0. 1. 1. 0. 0. 0. 1. 1. 1. 0. 0. 1. 0. 0. 1. 0.
 0. 1. 0. 1. 0. 0. 0. 1. 1. 0. 0. 0. 0. 1. 1. 0. 0.]","[1. 1. 0. 0. 1. 1. 0. 0. 0. 1. 1. 0. 0. 0. 0. 1. 0. 1. 0. 1. 1. 0. 0. 0.
 0. 1. 1. 0. 0. 0. 0. 1. 0. 0. 0. 1. 0. 1. 1. 0. 0.]","[1. 0. 1. 0. 1. 0. 1. 0. 0. 1. 0. 0. 1. 0. 0. 1. 1. 0. 0. 1. 1. 0. 0. 0.
 0. 1. 0. 1. 0. 0. 0. 1. 0. 1. 0. 0. 0. 1. 1. 0. 0.]","[1. 1. 0. 0. 1. 0. 0. 1. 0. 1. 1. 0. 0. 0. 1. 1. 1. 0. 0. 1. 0. 1. 0. 0.
 0. 1. 0. 1. 0. 0. 0. 1. 0. 1. 0. 0. 0. 1. 1. 0. 0.]","[1. 0. 1. 0. 1. 1. 0. 0. 0. 1. 1. 0. 0. 0. 0. 1. 1. 0. 0. 1. 0. 1. 0. 0.
 0. 1. 0. 1. 0. 0. 0. 1. 1. 0. 0. 0. 0. 1. 1. 0. 0.]","[1. 0. 1. 0. 1. 1. 0. 0. 0. 1. 0. 0. 1. 0. 1. 1. 0. 0. 1. 1. 1. 0. 0. 0.
 0. 1. 0. 1. 0. 0. 0. 1. 0. 0. 1. 0. 0. 1. 0. 1. 0.]","[1. 0. 1. 1. 1. 0. 0. 0. 1. 1. 1. 0. 0. 0. 0. 1. 1. 0. 0. 1. 1. 0. 0. 0.
 0. 1. 1. 0. 0. 0. 0. 1. 1. 0. 0. 0. 0. 1. 0. 1. 0.]","[1. 0. 1. 0. 1. 1. 0. 0. 0. 1. 0. 0. 1. 0. 0. 1. 1. 0. 0. 1. 0. 1. 0. 0.
 0. 1. 0. 0. 0. 0. 1. 1. 0. 1. 0. 0. 0. 1. 0. 0. 1.]","[1. 0. 1. 1. 1. 1. 0. 0. 0. 1. 1. 0. 0. 0. 0. 1. 1. 0. 0. 1. 1. 0. 0. 0.
 0. 1. 1. 0. 0. 0. 0. 1. 1. 0. 0. 0. 0. 1. 1. 0. 0.]","[1. 1. 0. 0. 1. 1. 0. 0. 0. 1. 1. 0. 0. 0. 0. 1. 0. 0. 1. 1. 0. 0. 0. 1.
 0. 1. 0. 1. 0. 0. 0. 1. 0. 0. 1. 0. 0. 1. 0. 1. 0.]","[1. 0. 1. 0. 1. 0. 0. 1. 0. 1. 1. 0. 0. 0. 0. 1. 1. 0. 0. 1. 1. 0. 0. 0.
 0. 1. 0. 1. 0. 0. 0. 1. 0. 1. 0. 0. 0. 1. 0. 1. 0.]","[1. 0. 1. 0. 1. 1. 0. 0. 0. 1. 0. 0. 1. 0. 1. 1. 0. 0. 1. 1. 0. 0. 0. 1.
 0. 1. 1. 0. 0. 0. 0. 1. 1. 0. 0. 0. 0. 1. 1. 0. 0.]","[1. 1. 0. 0. 1. 1. 0. 0. 0. 1. 1. 0. 0. 0. 0. 1. 1. 0. 0. 1. 1. 0. 0. 0.
 0. 1. 0. 0. 1. 0. 0. 1. 0. 0. 0. 0. 1. 1. 0. 1. 0.]","[1. 1. 0. 1. 1. 0. 0. 0. 1. 1. 1. 0. 0. 0. 0. 1. 1. 0. 0. 1. 0. 1. 0. 0.
 0. 1. 1. 0. 0. 0. 0. 1. 0. 1. 0. 0. 0. 1. 0. 1. 0.]","[1. 0. 1. 1. 1. 1. 0. 0. 0. 1. 0. 0. 1. 0. 1. 1. 1. 0. 0. 1. 1. 0. 0. 0.
 0. 1. 0. 1. 0. 0. 0. 1. 0. 0. 0. 0. 1. 1. 0. 1. 0.]","[1. 0. 1. 0. 1. 1. 0. 0. 0. 1. 0. 0. 1. 0. 1. 1. 1. 0. 0. 1. 1. 0. 0. 0.
 0. 1. 0. 1. 0. 0. 0. 1. 0. 0. 0. 0. 1. 1. 0. 1. 0.]","[1. 0. 1. 1. 1. 1. 0. 0. 0. 1. 0. 1. 0. 0. 1. 1. 0. 0. 1. 1. 1. 0. 0. 0.
 0. 1. 0. 1. 0. 0. 0. 1. 0. 0. 0. 0. 1. 1. 0. 1. 0.]","[1. 0. 1. 1. 1. 1. 0. 0. 0. 1. 0. 0. 1. 0. 1. 1. 1. 0. 0. 1. 1. 0. 0. 0.
 0. 1. 1. 0. 0. 0. 0. 1. 1. 0. 0. 0. 0. 1. 0. 0. 1.]","[1. 1. 0. 0. 1. 1. 0. 0. 0. 1. 0. 0. 1. 0. 1. 1. 1. 0. 0. 1. 1. 0. 0. 0.
 0. 1. 0. 0. 0. 0. 1. 1. 1. 0. 0. 0. 0. 1. 0. 1. 0.]","[1. 0. 1. 1. 1. 0. 1. 0. 0. 1. 0. 1. 0. 0. 1. 1. 0. 1. 0. 1. 1. 0. 0. 0.
 0. 1. 0. 1. 0. 0. 0. 1. 0. 0. 0. 1. 0. 1. 0. 1. 0.]","[1. 0. 1. 0. 1. 0. 1. 0. 0. 1. 1. 0. 0. 0. 1. 1. 1. 0. 0. 1. 1. 0. 0. 0.
 0. 1. 0. 1. 0. 0. 0. 1. 0. 1. 0. 0. 0. 1. 0. 1. 0.]","[1. 0. 1. 1. 1. 0. 1. 0. 0. 1. 0. 0. 1. 0. 0. 1. 1. 0. 0. 1. 1. 0. 0. 0.
 0. 1. 0. 1. 0. 0. 0. 1. 0. 0. 0. 0. 1. 1. 0. 1. 0.]","[1. 0. 1. 1. 1. 0. 0. 1. 0. 1. 0. 0. 1. 0. 0. 1. 0. 1. 0. 1. 1. 0. 0. 0.
 0. 1. 0. 1. 0. 0. 0. 1. 0. 0. 0. 0. 1. 1. 1. 0. 0.]","[1. 0. 1. 1. 1. 1. 0. 0. 0. 1. 0. 0. 1. 0. 1. 1. 1. 0. 0. 1. 1. 0. 0. 0.
 0. 1. 0. 1. 0. 0. 0. 1. 0. 1. 0. 0. 0. 1. 0. 0. 1.]","[1. 1. 0. 1. 1. 1. 0. 0. 0. 1. 0. 0. 1. 0. 1. 1. 0. 0. 1. 1. 1. 0. 0. 0.
 0. 1. 0. 1. 0. 0. 0. 1. 0. 0. 0. 0. 1. 1. 0. 0. 1.]","[1. 0. 1. 1. 1. 0. 1. 0. 0. 1. 1. 0. 0. 0. 0. 1. 1. 0. 0. 1. 1. 0. 0. 0.
 0. 1. 0. 1. 0. 0. 0. 1. 0. 0. 0. 1. 0. 1. 1. 0. 0.]","[1. 0. 1. 1. 1. 0. 0. 0. 1. 1. 0. 1. 0. 0. 0. 1. 1. 0. 0. 1. 1. 0. 0. 0.
 0. 1. 0. 1. 0. 0. 0. 1. 0. 1. 0. 0. 0. 1. 1. 0. 0.]","[1. 0. 1. 0. 1. 0. 1. 0. 0. 1. 1. 0. 0. 0. 0. 1. 1. 0. 0. 1. 1. 0. 0. 0.
 0. 1. 1. 0. 0. 0. 0. 1. 0. 0. 1. 0. 0. 1. 1. 0. 0.]","[1. 0. 1. 1. 1. 0. 1. 0. 0. 1. 1. 0. 0. 0. 0. 1. 1. 0. 0. 1. 1. 0. 0. 0.
 0. 1. 0. 0. 1. 0. 0. 1. 0. 0. 1. 0. 0. 1. 0. 0. 1.]","[1. 0. 1. 1. 1. 1. 0. 0. 0. 1. 0. 1. 0. 0. 0. 1. 0. 0. 1. 1. 1. 0. 0. 0.
 0. 1. 0. 1. 0. 0. 0. 1. 0. 0. 0. 1. 0. 1. 0. 1. 0.]","[1. 0. 1. 1. 1. 0. 1. 0. 0. 1. 0. 0. 1. 0. 0. 1. 1. 0. 0. 1. 1. 0. 0. 0.
 0. 1. 0. 1. 0. 0. 0. 1. 0. 0. 1. 0. 0. 1. 0. 0. 1.]","[1. 0. 1. 1. 1. 0. 0. 1. 0. 1. 0. 1. 0. 0. 0. 1. 0. 0. 1. 1. 1. 0. 0. 0.
 0. 1. 0. 1. 0. 0. 0. 1. 1. 0. 0. 0. 0. 1. 0. 1. 0.]","[1. 1. 0. 1. 1. 0. 1. 0. 0. 1. 0. 0. 1. 0. 1. 1. 1. 0. 0. 1. 1. 0. 0. 0.
 0. 1. 0. 1. 0. 0. 0. 1. 0. 0. 1. 0. 0. 1. 1. 0. 0.]","[1. 0. 1. 1. 1. 0. 0. 0. 1. 1. 1. 0. 0. 0. 0. 1. 1. 0. 0. 1. 0. 0. 0. 0.
 1. 1. 0. 1. 0. 0. 0. 1. 0. 0. 0. 1. 0. 1. 0. 1. 0.]","[1. 0. 1. 1. 1. 0. 1. 0. 0. 1. 0. 1. 0. 0. 1. 1. 1. 0. 0. 1. 1. 0. 0. 0.
 0. 1. 0. 1. 0. 0. 0. 1. 0. 0. 1. 0. 0. 1. 0. 1. 0.]","[1. 0. 1. 1. 1. 0. 1. 0. 0. 1. 0. 0. 1. 0. 1. 1. 1. 0. 0. 1. 1. 0. 0. 0.
 0. 1. 0. 1. 0. 0. 0. 1. 1. 0. 0. 0. 0. 1. 0. 1. 0.]","[1. 0. 1. 1. 1. 0. 0. 1. 0. 1. 0. 0. 1. 0. 1. 1. 0. 0. 1. 1. 1. 0. 0. 0.
 0. 1. 1. 0. 0. 0. 0. 1. 0. 0. 0. 1. 0. 1. 1. 0. 0.]","[1. 0. 1. 1. 1. 0. 1. 0. 0. 1. 1. 0. 0. 0. 1. 1. 1. 0. 0. 1. 1. 0. 0. 0.
 0. 1. 0. 1. 0. 0. 0. 1. 0. 0. 1. 0. 0. 1. 0. 1. 0.]","[1. 0. 1. 0. 1. 0. 1. 0. 0. 1. 1. 0. 0. 0. 0. 1. 0. 1. 0. 1. 1. 0. 0. 0.
 0. 1. 0. 0. 0. 0. 1. 1. 0. 0. 0. 0. 1. 1. 0. 0. 1.]","[1. 0. 1. 0. 1. 0. 0. 0. 1. 1. 0. 0. 1. 0. 0. 1. 1. 0. 0. 1. 1. 0. 0. 0.
 0. 1. 0. 1. 0. 0. 0. 1. 0. 0. 0. 1. 0. 1. 0. 0. 1.]","[1. 0. 1. 0. 1. 0. 1. 0. 0. 1. 0. 0. 1. 0. 0. 1. 0. 1. 0. 1. 1. 0. 0. 0.
 0. 1. 0. 0. 1. 0. 0. 1. 0. 0. 0. 1. 0. 1. 0. 0. 1.]","[1. 0. 1. 1. 1. 0. 1. 0. 0. 1. 0. 0. 1. 0. 0. 1. 0. 1. 0. 1. 1. 0. 0. 0.
 0. 1. 0. 1. 0. 0. 0. 1. 0. 0. 0. 1. 0. 1. 0. 1. 0.]","[1. 0. 1. 0. 1. 1. 0. 0. 0. 1. 0. 0. 1. 0. 0. 1. 0. 0. 1. 1. 1. 0. 0. 0.
 0. 1. 0. 1. 0. 0. 0. 1. 0. 0. 0. 1. 0. 1. 0. 0. 1.]","[1. 0. 1. 0. 1. 0. 1. 0. 0. 1. 1. 0. 0. 0. 0. 1. 1. 0. 0. 1. 1. 0. 0. 0.
 0. 1. 0. 1. 0. 0. 0. 1. 0. 0. 1. 0. 0. 1. 0. 0. 1.]","[1. 0. 1. 1. 1. 0. 1. 0. 0. 1. 1. 0. 0. 0. 0. 1. 0. 1. 0. 1. 1. 0. 0. 0.
 0. 1. 0. 1. 0. 0. 0. 1. 0. 0. 0. 1. 0. 1. 0. 1. 0.]","[1. 0. 1. 0. 1. 0. 1. 0. 0. 1. 0. 0. 1. 0. 1. 1. 0. 1. 0. 1. 1. 0. 0. 0.
 0. 1. 1. 0. 0. 0. 0. 1. 0. 0. 1. 0. 0. 1. 1. 0. 0.]","[1. 0. 1. 1. 1. 0. 1. 0. 0. 1. 1. 0. 0. 0. 0. 1. 0. 0. 1. 1. 1. 0. 0. 0.
 0. 1. 0. 1. 0. 0. 0. 1. 0. 0. 0. 1. 0. 1. 0. 1. 0.]","[1. 0. 1. 1. 1. 0. 1. 0. 0. 1. 1. 0. 0. 0. 0. 1. 0. 1. 0. 1. 1. 0. 0. 0.
 0. 1. 0. 1. 0. 0. 0. 1. 0. 0. 0. 1. 0. 1. 0. 1. 0.]","[1. 0. 1. 1. 1. 0. 0. 1. 0. 1. 1. 0. 0. 0. 0. 1. 1. 0. 0. 1. 1. 0. 0. 0.
 0. 1. 0. 1. 0. 0. 0. 1. 0. 0. 1. 0. 0. 1. 0. 1. 0.]","[1. 0. 1. 0. 1. 0. 1. 0. 0. 1. 1. 0. 0. 0. 0. 1. 0. 1. 0. 1. 1. 0. 0. 0.
 0. 1. 1. 0. 0. 0. 0. 1. 0. 0. 1. 0. 0. 1. 1. 0. 0.]","[1. 0. 1. 1. 1. 1. 0. 0. 0. 1. 1. 0. 0. 0. 1. 1. 1. 0. 0. 1. 1. 0. 0. 0.
 0. 1. 0. 1. 0. 0. 0. 1. 0. 0. 0. 0. 1. 1. 1. 0. 0.]","[1. 0. 1. 0. 1. 0. 1. 0. 0. 1. 0. 1. 0. 0. 0. 1. 0. 1. 0. 1. 1. 0. 0. 0.
 0. 1. 0. 0. 1. 0. 0. 1. 0. 0. 0. 0. 1. 1. 0. 0. 1.]","[1. 0. 1. 0. 1. 1. 0. 0. 0. 1. 1. 0. 0. 0. 1. 1. 0. 1. 0. 1. 1. 0. 0. 0.
 0. 1. 0. 0. 1. 0. 0. 1. 0. 0. 0. 1. 0. 1. 0. 0. 1.]","[1. 0. 1. 0. 1. 1. 0. 0. 0. 1. 1. 0. 0. 0. 1. 1. 0. 0. 1. 1. 1. 0. 0. 0.
 0. 1. 0. 1. 0. 0. 0. 1. 0. 0. 0. 0. 1. 1. 0. 1. 0.]","[1. 0. 1. 1. 1. 0. 1. 0. 0. 1. 1. 0. 0. 0. 1. 1. 0. 0. 1. 1. 1. 0. 0. 0.
 0. 1. 0. 1. 0. 0. 0. 1. 0. 0. 0. 0. 1. 1. 0. 0. 1.]","[1. 0. 1. 0. 1. 0. 1. 0. 0. 1. 1. 0. 0. 0. 0. 1. 0. 1. 0. 1. 1. 0. 0. 0.
 0. 1. 0. 1. 0. 0. 0. 1. 0. 0. 0. 1. 0. 1. 0. 1. 0.]","[1. 0. 1. 0. 1. 0. 1. 0. 0. 1. 1. 0. 0. 0. 0. 1. 0. 1. 0. 1. 1. 0. 0. 0.
 0. 1. 0. 0. 1. 0. 0. 1. 1. 0. 0. 0. 0. 1. 0. 1. 0.]","[1. 0. 1. 0. 1. 0. 0. 1. 0. 1. 1. 0. 0. 0. 1. 1. 0. 0. 1. 1. 1. 0. 0. 0.
 0. 1. 0. 1. 0. 0. 0. 1. 0. 0. 0. 0. 1. 1. 1. 0. 0.]","[1. 0. 1. 1. 1. 0. 1. 0. 0. 1. 1. 0. 0. 0. 0. 1. 0. 0. 1. 1. 1. 0. 0. 0.
 0. 1. 0. 1. 0. 0. 0. 1. 0. 0. 1. 0. 0. 1. 1. 0. 0.]","[1. 0. 1. 1. 1. 0. 0. 1. 0. 1. 1. 0. 0. 0. 0. 1. 0. 1. 0. 1. 1. 0. 0. 0.
 0. 1. 0. 1. 0. 0. 0. 1. 0. 0. 1. 0. 0. 1. 0. 0. 1.]","[1. 0. 1. 1. 1. 0. 1. 0. 0. 1. 1. 0. 0. 0. 1. 1. 0. 0. 1. 1. 1. 0. 0. 0.
 0. 1. 0. 1. 0. 0. 0. 1. 0. 0. 0. 1. 0. 1. 0. 1. 0.]","[1. 0. 1. 0. 1. 1. 0. 0. 0. 1. 0. 0. 1. 0. 0. 1. 0. 1. 0. 1. 1. 0. 0. 0.
 0. 1. 1. 0. 0. 0. 0. 1. 0. 0. 1. 0. 0. 1. 0. 1. 0.]","[1. 0. 1. 1. 1. 0. 1. 0. 0. 1. 0. 0. 1. 0. 1. 1. 1. 0. 0. 1. 1. 0. 0. 0.
 0. 1. 0. 0. 0. 1. 0. 1. 0. 0. 0. 0. 1. 1. 0. 1. 0.]","[1. 0. 1. 0. 1. 0. 1. 0. 0. 1. 1. 0. 0. 0. 1. 1. 0. 0. 1. 1. 1. 0. 0. 0.
 0. 1. 0. 0. 0. 0. 1. 1. 0. 0. 0. 1. 0. 1. 0. 0. 1.]","[1. 0. 1. 0. 1. 0. 1. 0. 0. 1. 0. 0. 1. 0. 1. 1. 1. 0. 0. 1. 1. 0. 0. 0.
 0. 1. 0. 0. 0. 1. 0. 1. 0. 0. 0. 1. 0. 1. 1. 0. 0.]","[1. 0. 1. 1. 1. 0. 1. 0. 0. 1. 0. 0. 1. 0. 1. 1. 1. 0. 0. 1. 1. 0. 0. 0.
 0. 1. 0. 1. 0. 0. 0. 1. 0. 0. 0. 0. 1. 1. 1. 0. 0.]","[1. 0. 1. 0. 1. 0. 1. 0. 0. 1. 0. 0. 1. 0. 0. 1. 1. 0. 0. 1. 1. 0. 0. 0.
 0. 1. 0. 1. 0. 0. 0. 1. 0. 0. 0. 0. 1. 1. 0. 1. 0.]","[1. 0. 1. 0. 1. 0. 1. 0. 0. 1. 0. 0. 1. 0. 1. 1. 0. 0. 1. 1. 1. 0. 0. 0.
 0. 1. 0. 0. 1. 0. 0. 1. 0. 0. 1. 0. 0. 1. 0. 1. 0.]","[1. 0. 1. 1. 1. 0. 1. 0. 0. 1. 1. 0. 0. 0. 0. 1. 1. 0. 0. 1. 1. 0. 0. 0.
 0. 1. 0. 1. 0. 0. 0. 1. 0. 0. 0. 1. 0. 1. 1. 0. 0.]","[1. 0. 1. 0. 1. 0. 1. 0. 0. 1. 0. 0. 1. 0. 1. 1. 0. 0. 1. 1. 1. 0. 0. 0.
 0. 1. 0. 0. 0. 0. 1. 1. 0. 0. 0. 0. 1. 1. 1. 0. 0.]","[1. 0. 1. 0. 1. 0. 1. 0. 0. 1. 1. 0. 0. 0. 0. 1. 0. 1. 0. 1. 1. 0. 0. 0.
 0. 1. 0. 1. 0. 0. 0. 1. 0. 0. 0. 0. 1. 1. 1. 0. 0.]","[1. 0. 1. 1. 1. 0. 1. 0. 0. 1. 0. 1. 0. 0. 1. 1. 0. 0. 1. 1. 1. 0. 0. 0.
 0. 1. 0. 1. 0. 0. 0. 1. 0. 0. 1. 0. 0. 1. 0. 1. 0.]","[1. 0. 1. 0. 1. 0. 1. 0. 0. 1. 0. 0. 1. 0. 0. 1. 1. 0. 0. 1. 1. 0. 0. 0.
 0. 1. 0. 0. 0. 1. 0. 1. 0. 0. 0. 0. 1. 1. 0. 0. 1.]","[1. 0. 1. 0. 1. 0. 1. 0. 0. 1. 0. 0. 1. 0. 0. 1. 1. 0. 0. 1. 1. 0. 0. 0.
 0. 1. 0. 1. 0. 0. 0. 1. 0. 0. 0. 0. 1. 1. 0. 1. 0.]","[1. 0. 1. 1. 1. 1. 0. 0. 0. 1. 0. 1. 0. 0. 0. 1. 0. 0. 1. 1. 1. 0. 0. 0.
 0. 1. 0. 1. 0. 0. 0. 1. 0. 0. 1. 0. 0. 1. 1. 0. 0.]","[1. 0. 1. 0. 1. 0. 1. 0. 0. 1. 0. 1. 0. 0. 1. 1. 1. 0. 0. 1. 1. 0. 0. 0.
 0. 1. 0. 0. 0. 1. 0. 1. 0. 0. 1. 0. 0. 1. 0. 1. 0.]","[1. 0. 1. 0. 1. 0. 1. 0. 0. 1. 0. 1. 0. 0. 1. 1. 0. 0. 1. 1. 1. 0. 0. 0.
 0. 1. 0. 1. 0. 0. 0. 1. 0. 0. 0. 1. 0. 1. 0. 0. 1.]","[1. 0. 1. 1. 1. 0. 0. 1. 0. 1. 0. 0. 1. 0. 0. 1. 1. 0. 0. 1. 1. 0. 0. 0.
 0. 1. 0. 0. 0. 0. 1. 1. 0. 0. 0. 0. 1. 1. 0. 1. 0.]","[1. 0. 1. 1. 1. 0. 1. 0. 0. 1. 0. 0. 1. 0. 0. 1. 0. 1. 0. 1. 1. 0. 0. 0.
 0. 1. 0. 1. 0. 0. 0. 1. 0. 0. 1. 0. 0. 1. 0. 0. 1.]","[1. 1. 0. 0. 1. 0. 1. 0. 0. 1. 1. 0. 0. 0. 1. 1. 0. 0. 1. 1. 1. 0. 0. 0.
 0. 1. 0. 1. 0. 0. 0. 1. 0. 0. 1. 0. 0. 1. 0. 1. 0.]","[1. 0. 1. 1. 1. 0. 1. 0. 0. 1. 0. 0. 1. 0. 0. 1. 0. 0. 1. 1. 1. 0. 0. 0.
 0. 1. 0. 1. 0. 0. 0. 1. 0. 0. 0. 0. 1. 1. 0. 0. 1.]","[1. 0. 1. 0. 1. 0. 1. 0. 0. 1. 0. 0. 1. 0. 0. 1. 0. 0. 1. 1. 1. 0. 0. 0.
 0. 1. 0. 0. 1. 0. 0. 1. 0. 0. 0. 1. 0. 1. 0. 0. 1.]","[1. 0. 1. 0. 1. 0. 1. 0. 0. 1. 0. 0. 1. 0. 1. 1. 0. 1. 0. 1. 1. 0. 0. 0.
 0. 1. 0. 1. 0. 0. 0. 1. 0. 0. 0. 1. 0. 1. 1. 0. 0.]","[1. 0. 1. 1. 1. 0. 1. 0. 0. 1. 1. 0. 0. 0. 0. 1. 0. 0. 1. 1. 1. 0. 0. 0.
 0. 1. 0. 1. 0. 0. 0. 1. 0. 0. 1. 0. 0. 1. 0. 0. 1.]","[1. 0. 1. 1. 1. 0. 1. 0. 0. 1. 1. 0. 0. 0. 0. 1. 1. 0. 0. 1. 1. 0. 0. 0.
 0. 1. 0. 1. 0. 0. 0. 1. 0. 0. 0. 0. 1. 1. 0. 0. 1.]","[1. 0. 1. 0. 1. 1. 0. 0. 0. 1. 0. 0. 1. 0. 0. 1. 1. 0. 0. 1. 1. 0. 0. 0.
 0. 1. 0. 0. 0. 0. 1. 1. 0. 0. 1. 0. 0. 1. 0. 1. 0.]","[1. 0. 1. 0. 1. 0. 1. 0. 0. 1. 0. 0. 1. 0. 0. 1. 1. 0. 0. 1. 1. 0. 0. 0.
 0. 1. 0. 1. 0. 0. 0. 1. 0. 0. 0. 1. 0. 1. 1. 0. 0.]","[1. 0. 1. 0. 1. 0. 0. 0. 1. 1. 1. 0. 0. 0. 0. 1. 1. 0. 0. 1. 1. 0. 0. 0.
 0. 1. 0. 1. 0. 0. 0. 1. 0. 0. 0. 1. 0. 1. 1. 0. 0.]","[1. 0. 1. 1. 1. 0. 1. 0. 0. 1. 0. 0. 1. 0. 0. 1. 1. 0. 0. 1. 1. 0. 0. 0.
 0. 1. 0. 1. 0. 0. 0. 1. 0. 0. 0. 1. 0. 1. 0. 0. 1.]","[1. 0. 1. 0. 1. 0. 1. 0. 0. 1. 1. 0. 0. 0. 0. 1. 1. 0. 0. 1. 1. 0. 0. 0.
 0. 1. 0. 0. 0. 1. 0. 1. 0. 0. 1. 0. 0. 1. 0. 0. 1.]","[1. 0. 1. 1. 1. 0. 1. 0. 0. 1. 1. 0. 0. 0. 0. 1. 1. 0. 0. 1. 1. 0. 0. 0.
 0. 1. 0. 1. 0. 0. 0. 1. 0. 0. 0. 1. 0. 1. 0. 1. 0.]","[1. 0. 1. 0. 1. 0. 1. 0. 0. 1. 0. 1. 0. 0. 0. 1. 0. 0. 1. 1. 1. 0. 0. 0.
 0. 1. 0. 0. 0. 0. 1. 1. 0. 0. 0. 0. 1. 1. 1. 0. 0.]","[1. 0. 1. 1. 1. 0. 1. 0. 0. 1. 1. 0. 0. 0. 0. 1. 0. 1. 0. 1. 1. 0. 0. 0.
 0. 1. 0. 1. 0. 0. 0. 1. 0. 0. 0. 0. 1. 1. 0. 0. 1.]","[1. 0. 1. 0. 1. 0. 1. 0. 0. 1. 1. 0. 0. 0. 1. 1. 0. 0. 1. 1. 1. 0. 0. 0.
 0. 1. 0. 1. 0. 0. 0. 1. 0. 0. 0. 1. 0. 1. 1. 0. 0.]","[1. 0. 1. 1. 1. 0. 1. 0. 0. 1. 1. 0. 0. 0. 0. 1. 1. 0. 0. 1. 1. 0. 0. 0.
 0. 1. 0. 0. 0. 0. 1. 1. 0. 0. 0. 1. 0. 1. 1. 0. 0.]","[1. 0. 1. 1. 1. 1. 0. 0. 0. 1. 1. 0. 0. 0. 0. 1. 1. 0. 0. 1. 1. 0. 0. 0.
 0. 1. 0. 0. 0. 1. 0. 1. 0. 0. 0. 0. 1. 1. 0. 0. 1.]","[1. 0. 1. 1. 1. 0. 1. 0. 0. 1. 0. 0. 1. 0. 0. 1. 1. 0. 0. 1. 1. 0. 0. 0.
 0. 1. 0. 1. 0. 0. 0. 1. 0. 0. 0. 0. 1. 1. 0. 1. 0.]","[1. 0. 1. 0. 1. 0. 1. 0. 0. 1. 1. 0. 0. 0. 0. 1. 0. 0. 1. 1. 1. 0. 0. 0.
 0. 1. 0. 0. 1. 0. 0. 1. 0. 0. 0. 0. 1. 1. 0. 0. 1.]","[1. 0. 1. 1. 1. 0. 1. 0. 0. 1. 1. 0. 0. 0. 0. 1. 0. 1. 0. 1. 1. 0. 0. 0.
 0. 1. 0. 1. 0. 0. 0. 1. 0. 0. 0. 1. 0. 1. 0. 1. 0.]","[1. 0. 1. 0. 1. 0. 1. 0. 0. 1. 1. 0. 0. 0. 0. 1. 1. 0. 0. 1. 1. 0. 0. 0.
 0. 1. 0. 0. 1. 0. 0. 1. 0. 0. 0. 1. 0. 1. 0. 0. 1.]","[1. 0. 1. 1. 1. 0. 1. 0. 0. 1. 1. 0. 0. 0. 0. 1. 0. 0. 1. 1. 1. 0. 0. 0.
 0. 1. 0. 0. 0. 1. 0. 1. 0. 0. 0. 1. 0. 1. 0. 1. 0.]","[1. 0. 1. 0. 1. 0. 1. 0. 0. 1. 1. 0. 0. 0. 0. 1. 0. 1. 0. 1. 1. 0. 0. 0.
 0. 1. 0. 1. 0. 0. 0. 1. 0. 0. 0. 1. 0. 1. 0. 1. 0.]","[1. 0. 1. 0. 1. 0. 1. 0. 0. 1. 1. 0. 0. 0. 0. 1. 0. 0. 1. 1. 1. 0. 0. 0.
 0. 1. 0. 0. 1. 0. 0. 1. 0. 0. 0. 0. 1. 1. 0. 1. 0.]","[1. 0. 1. 0. 1. 0. 1. 0. 0. 1. 1. 0. 0. 0. 0. 1. 0. 1. 0. 1. 1. 0. 0. 0.
 0. 1. 0. 1. 0. 0. 0. 1. 0. 0. 0. 0. 1. 1. 1. 0. 0.]","[1. 0. 1. 1. 1. 0. 1. 0. 0. 1. 1. 0. 0. 0. 0. 1. 1. 0. 0. 1. 1. 0. 0. 0.
 0. 1. 1. 0. 0. 0. 0. 1. 0. 0. 0. 1. 0. 1. 0. 1. 0.]","[1. 0. 1. 1. 1. 1. 0. 0. 0. 1. 0. 0. 1. 0. 0. 1. 0. 1. 0. 1. 1. 0. 0. 0.
 0. 1. 0. 1. 0. 0. 0. 1. 0. 0. 0. 0. 1. 1. 1. 0. 0.]","[1. 0. 1. 0. 1. 0. 1. 0. 0. 1. 1. 0. 0. 0. 0. 1. 0. 1. 0. 1. 1. 0. 0. 0.
 0. 1. 0. 1. 0. 0. 0. 1. 0. 0. 0. 0. 1. 1. 1. 0. 0.]","[1. 0. 1. 1. 1. 0. 1. 0. 0. 1. 1. 0. 0. 0. 0. 1. 1. 0. 0. 1. 1. 0. 0. 0.
 0. 1. 1. 0. 0. 0. 0. 1. 0. 0. 0. 0. 1. 1. 0. 0. 1.]","[1. 0. 1. 0. 1. 0. 1. 0. 0. 1. 0. 0. 1. 0. 0. 1. 1. 0. 0. 1. 1. 0. 0. 0.
 0. 1. 1. 0. 0. 0. 0. 1. 0. 0. 0. 0. 1. 1. 0. 1. 0.]","[1. 0. 1. 0. 1. 0. 1. 0. 0. 1. 0. 0. 1. 0. 0. 1. 1. 0. 0. 1. 1. 0. 0. 0.
 0. 1. 1. 0. 0. 0. 0. 1. 0. 0. 0. 0. 1. 1. 0. 1. 0.]","[1. 0. 1. 1. 1. 0. 1. 0. 0. 1. 0. 0. 1. 0. 0. 1. 1. 0. 0. 1. 1. 0. 0. 0.
 0. 1. 0. 0. 0. 0. 1. 1. 0. 0. 0. 0. 1. 1. 0. 1. 0.]","[1. 0. 1. 0. 1. 0. 1. 0. 0. 1. 1. 0. 0. 0. 0. 1. 0. 0. 1. 1. 1. 0. 0. 0.
 0. 1. 0. 0. 0. 1. 0. 1. 0. 0. 0. 0. 1. 1. 0. 0. 1.]","[1. 0. 1. 1. 1. 0. 1. 0. 0. 1. 1. 0. 0. 0. 0. 1. 1. 0. 0. 1. 1. 0. 0. 0.
 0. 1. 0. 1. 0. 0. 0. 1. 0. 0. 0. 0. 1. 1. 0. 0. 1.]","[1. 0. 1. 1. 1. 0. 1. 0. 0. 1. 0. 0. 1. 0. 0. 1. 0. 0. 1. 1. 1. 0. 0. 0.
 0. 1. 1. 0. 0. 0. 0. 1. 0. 0. 0. 0. 1. 1. 1. 0. 0.]","[1. 0. 1. 1. 1. 0. 1. 0. 0. 1. 1. 0. 0. 0. 0. 1. 0. 0. 1. 1. 1. 0. 0. 0.
 0. 1. 1. 0. 0. 0. 0. 1. 0. 0. 1. 0. 0. 1. 0. 1. 0.]","[1. 0. 1. 0. 1. 0. 1. 0. 0. 1. 1. 0. 0. 0. 1. 1. 0. 1. 0. 1. 1. 0. 0. 0.
 0. 1. 1. 0. 0. 0. 0. 1. 0. 0. 0. 0. 1. 1. 0. 0. 1.]","[1. 0. 1. 0. 1. 0. 1. 0. 0. 1. 1. 0. 0. 0. 1. 1. 0. 1. 0. 1. 1. 0. 0. 0.
 0. 1. 0. 0. 0. 1. 0. 1. 0. 0. 0. 0. 1. 1. 0. 1. 0.]","[1. 0. 1. 0. 1. 0. 1. 0. 0. 1. 1. 0. 0. 0. 0. 1. 0. 0. 1. 1. 1. 0. 0. 0.
 0. 1. 0. 1. 0. 0. 0. 1. 0. 0. 0. 1. 0. 1. 1. 0. 0.]","[1. 0. 1. 1. 1. 0. 1. 0. 0. 1. 1. 0. 0. 0. 0. 1. 1. 0. 0. 1. 1. 0. 0. 0.
 0. 1. 1. 0. 0. 0. 0. 1. 0. 0. 0. 1. 0. 1. 1. 0. 0.]","[1. 0. 1. 1. 1. 0. 1. 0. 0. 1. 1. 0. 0. 0. 0. 1. 0. 0. 1. 1. 1. 0. 0. 0.
 0. 1. 0. 1. 0. 0. 0. 1. 0. 0. 1. 0. 0. 1. 1. 0. 0.]","[1. 0. 1. 0. 1. 0. 1. 0. 0. 1. 1. 0. 0. 0. 1. 1. 0. 1. 0. 1. 1. 0. 0. 0.
 0. 1. 0. 1. 0. 0. 0. 1. 0. 0. 0. 0. 1. 1. 0. 0. 1.]","[1. 0. 1. 1. 1. 0. 1. 0. 0. 1. 1. 0. 0. 0. 0. 1. 1. 0. 0. 1. 1. 0. 0. 0.
 0. 1. 0. 1. 0. 0. 0. 1. 0. 0. 0. 0. 1. 1. 0. 0. 1.]","[1. 0. 1. 1. 1. 0. 1. 0. 0. 1. 0. 0. 1. 0. 0. 1. 0. 0. 1. 1. 1. 0. 0. 0.
 0. 1. 0. 0. 0. 1. 0. 1. 0. 0. 0. 0. 1. 1. 0. 1. 0.]","[1. 0. 1. 0. 1. 0. 1. 0. 0. 1. 1. 0. 0. 0. 0. 1. 0. 1. 0. 1. 1. 0. 0. 0.
 0. 1. 1. 0. 0. 0. 0. 1. 0. 0. 0. 0. 1. 1. 0. 0. 1.]","[1. 0. 1. 0. 1. 0. 1. 0. 0. 1. 1. 0. 0. 0. 0. 1. 1. 0. 0. 1. 1. 0. 0. 0.
 0. 1. 0. 0. 1. 0. 0. 1. 0. 0. 0. 0. 1. 1. 1. 0. 0.]","[1. 0. 1. 1. 1. 0. 1. 0. 0. 1. 0. 1. 0. 0. 0. 1. 1. 0. 0. 1. 1. 0. 0. 0.
 0. 1. 0. 0. 0. 0. 1. 1. 0. 0. 0. 0. 1. 1. 0. 1. 0.]","[1. 0. 1. 0. 1. 0. 1. 0. 0. 1. 0. 0. 1. 0. 0. 1. 0. 1. 0. 1. 0. 0. 1. 0.
 0. 1. 0. 1. 0. 0. 0. 1. 0. 0. 0. 0. 1. 1. 1. 0. 0.]","[1. 0. 1. 1. 1. 0. 1. 0. 0. 1. 0. 0. 1. 0. 1. 1. 0. 1. 0. 1. 1. 0. 0. 0.
 0. 1. 0. 0. 1. 0. 0. 1. 0. 0. 1. 0. 0. 1. 0. 0. 1.]","[1. 0. 1. 1. 1. 0. 1. 0. 0. 1. 1. 0. 0. 0. 0. 1. 0. 1. 0. 1. 1. 0. 0. 0.
 0. 1. 1. 0. 0. 0. 0. 1. 0. 0. 0. 1. 0. 1. 0. 1. 0.]","[1. 0. 1. 1. 1. 0. 1. 0. 0. 1. 1. 0. 0. 0. 1. 1. 0. 0. 1. 1. 1. 0. 0. 0.
 0. 1. 0. 1. 0. 0. 0. 1. 0. 0. 0. 1. 0. 1. 0. 1. 0.]","[1. 0. 1. 1. 1. 0. 1. 0. 0. 1. 1. 0. 0. 0. 0. 1. 1. 0. 0. 1. 1. 0. 0. 0.
 0. 1. 1. 0. 0. 0. 0. 1. 0. 0. 0. 0. 1. 1. 0. 0. 1.]","[1. 0. 1. 0. 1. 1. 0. 0. 0. 1. 0. 0. 1. 0. 0. 1. 0. 0. 1. 1. 1. 0. 0. 0.
 0. 1. 0. 0. 0. 1. 0. 1. 0. 0. 0. 0. 1. 1. 1. 0. 0.]","[1. 0. 1. 1. 1. 0. 1. 0. 0. 1. 0. 1. 0. 0. 0. 1. 1. 0. 0. 1. 1. 0. 0. 0.
 0. 1. 0. 1. 0. 0. 0. 1. 0. 0. 0. 0. 1. 1. 0. 0. 1.]","[1. 0. 1. 0. 1. 0. 1. 0. 0. 1. 1. 0. 0. 0. 1. 1. 0. 1. 0. 1. 1. 0. 0. 0.
 0. 1. 0. 1. 0. 0. 0. 1. 0. 0. 0. 0. 1. 1. 0. 0. 1.]","[1. 0. 1. 0. 1. 0. 1. 0. 0. 1. 0. 0. 1. 0. 0. 1. 0. 0. 1. 1. 1. 0. 0. 0.
 0. 1. 0. 0. 1. 0. 0. 1. 0. 0. 1. 0. 0. 1. 0. 1. 0.]","[1. 0. 1. 1. 1. 0. 1. 0. 0. 1. 0. 0. 1. 0. 0. 1. 0. 1. 0. 1. 1. 0. 0. 0.
 0. 1. 0. 1. 0. 0. 0. 1. 0. 0. 1. 0. 0. 1. 0. 0. 1.]","[1. 0. 1. 1. 1. 0. 1. 0. 0. 1. 1. 0. 0. 0. 1. 1. 0. 1. 0. 1. 1. 0. 0. 0.
 0. 1. 0. 1. 0. 0. 0. 1. 0. 0. 0. 0. 1. 1. 0. 0. 1.]","[1. 0. 1. 1. 1. 0. 1. 0. 0. 1. 1. 0. 0. 0. 1. 1. 0. 0. 1. 1. 1. 0. 0. 0.
 0. 1. 0. 1. 0. 0. 0. 1. 0. 0. 0. 0. 1. 1. 0. 0. 1.]","[1. 0. 1. 1. 1. 0. 1. 0. 0. 1. 1. 0. 0. 0. 0. 1. 0. 0. 1. 1. 1. 0. 0. 0.
 0. 1. 0. 0. 0. 1. 0. 1. 0. 0. 0. 0. 1. 1. 1. 0. 0.]","[1. 0. 1. 1. 1. 0. 1. 0. 0. 1. 1. 0. 0. 0. 0. 1. 0. 1. 0. 1. 1. 0. 0. 0.
 0. 1. 1. 0. 0. 0. 0. 1. 0. 0. 0. 0. 1. 1. 1. 0. 0.]","[1. 0. 1. 0. 1. 0. 1. 0. 0. 1. 1. 0. 0. 0. 1. 1. 0. 1. 0. 1. 1. 0. 0. 0.
 0. 1. 0. 0. 0. 0. 1. 1. 0. 0. 1. 0. 0. 1. 0. 0. 1.]","[1. 0. 1. 1. 1. 0. 1. 0. 0. 1. 1. 0. 0. 0. 0. 1. 0. 1. 0. 1. 1. 0. 0. 0.
 0. 1. 0. 1. 0. 0. 0. 1. 0. 0. 0. 0. 1. 1. 0. 1. 0.]","[1. 0. 1. 1. 1. 0. 1. 0. 0. 1. 1. 0. 0. 0. 0. 1. 1. 0. 0. 1. 1. 0. 0. 0.
 0. 1. 1. 0. 0. 0. 0. 1. 1. 0. 0. 0. 0. 1. 0. 0. 1.]","[1. 0. 1. 0. 1. 0. 1. 0. 0. 1. 1. 0. 0. 0. 1. 1. 0. 1. 0. 1. 1. 0. 0. 0.
 0. 1. 0. 1. 0. 0. 0. 1. 0. 0. 0. 1. 0. 1. 0. 1. 0.]","[1. 0. 1. 1. 1. 0. 1. 0. 0. 1. 0. 0. 1. 0. 0. 1. 0. 0. 1. 1. 1. 0. 0. 0.
 0. 1. 0. 1. 0. 0. 0. 1. 0. 0. 1. 0. 0. 1. 0. 1. 0.]","[1. 0. 1. 0. 1. 0. 1. 0. 0. 1. 1. 0. 0. 0. 0. 1. 0. 0. 1. 1. 1. 0. 0. 0.
 0. 1. 1. 0. 0. 0. 0. 1. 0. 0. 0. 0. 1. 1. 0. 1. 0.]","[1. 0. 1. 1. 1. 1. 0. 0. 0. 1. 1. 0. 0. 0. 1. 1. 0. 0. 1. 1. 0. 0. 1. 0.
 0. 1. 0. 1. 0. 0. 0. 1. 0. 0. 0. 1. 0. 1. 0. 0. 1.]","[1. 0. 1. 0. 1. 1. 0. 0. 0. 1. 1. 0. 0. 0. 1. 1. 0. 1. 0. 1. 1. 0. 0. 0.
 0. 1. 0. 0. 1. 0. 0. 1. 0. 0. 1. 0. 0. 1. 0. 0. 1.]","[1. 0. 1. 0. 1. 0. 1. 0. 0. 1. 1. 0. 0. 0. 1. 1. 0. 1. 0. 1. 1. 0. 0. 0.
 0. 1. 0. 1. 0. 0. 0. 1. 0. 0. 0. 1. 0. 1. 0. 1. 0.]","[1. 0. 1. 1. 1. 0. 1. 0. 0. 1. 1. 0. 0. 0. 1. 1. 0. 1. 0. 1. 1. 0. 0. 0.
 0. 1. 0. 1. 0. 0. 0. 1. 0. 1. 0. 0. 0. 1. 0. 0. 1.]","[1. 0. 1. 0. 1. 0. 1. 0. 0. 1. 1. 0. 0. 0. 1. 1. 0. 0. 1. 1. 1. 0. 0. 0.
 0. 1. 0. 1. 0. 0. 0. 1. 0. 0. 1. 0. 0. 1. 0. 0. 1.]","[1. 0. 1. 0. 1. 0. 1. 0. 0. 1. 1. 0. 0. 0. 0. 1. 0. 0. 1. 1. 1. 0. 0. 0.
 0. 1. 0. 1. 0. 0. 0. 1. 0. 0. 0. 1. 0. 1. 1. 0. 0.]","[1. 0. 1. 0. 1. 0. 1. 0. 0. 1. 1. 0. 0. 0. 0. 1. 0. 1. 0. 1. 1. 0. 0. 0.
 0. 1. 0. 0. 0. 0. 1. 1. 0. 0. 0. 0. 1. 1. 0. 0. 1.]","[1. 0. 1. 1. 1. 0. 1. 0. 0. 1. 1. 0. 0. 0. 0. 1. 0. 1. 0. 1. 1. 0. 0. 0.
 0. 1. 0. 1. 0. 0. 0. 1. 0. 0. 0. 0. 1. 1. 0. 0. 1.]","[1. 0. 1. 0. 1. 0. 1. 0. 0. 1. 0. 0. 1. 0. 0. 1. 0. 0. 1. 1. 1. 0. 0. 0.
 0. 1. 0. 1. 0. 0. 0. 1. 0. 0. 0. 0. 1. 1. 1. 0. 0.]","[1. 0. 1. 0. 1. 0. 1. 0. 0. 1. 1. 0. 0. 0. 0. 1. 0. 0. 1. 1. 1. 0. 0. 0.
 0. 1. 0. 0. 0. 1. 0. 1. 0. 0. 0. 1. 0. 1. 1. 0. 0.]","[1. 0. 1. 0. 1. 0. 1. 0. 0. 1. 1. 0. 0. 0. 0. 1. 0. 0. 1. 1. 1. 0. 0. 0.
 0. 1. 0. 1. 0. 0. 0. 1. 0. 0. 0. 1. 0. 1. 1. 0. 0.]","[1. 0. 1. 0. 1. 0. 1. 0. 0. 1. 0. 0. 1. 0. 1. 1. 0. 0. 1. 1. 1. 0. 0. 0.
 0. 1. 0. 0. 1. 0. 0. 1. 0. 0. 0. 1. 0. 1. 1. 0. 0.]","[1. 0. 1. 0. 1. 0. 1. 0. 0. 1. 1. 0. 0. 0. 0. 1. 0. 1. 0. 1. 1. 0. 0. 0.
 0. 1. 0. 1. 0. 0. 0. 1. 0. 0. 0. 0. 1. 1. 1. 0. 0.]","[1. 0. 1. 1. 1. 0. 1. 0. 0. 1. 0. 0. 1. 0. 0. 1. 0. 0. 1. 1. 1. 0. 0. 0.
 0. 1. 0. 0. 0. 0. 1. 1. 0. 0. 0. 0. 1. 1. 1. 0. 0.]","[1. 0. 1. 0. 1. 0. 1. 0. 0. 1. 1. 0. 0. 0. 0. 1. 0. 1. 0. 1. 0. 0. 0. 1.
 0. 1. 0. 0. 0. 1. 0. 1. 0. 0. 1. 0. 0. 1. 0. 1. 0.]","[1. 0. 1. 1. 1. 0. 1. 0. 0. 1. 1. 0. 0. 0. 0. 1. 0. 1. 0. 1. 1. 0. 0. 0.
 0. 1. 0. 1. 0. 0. 0. 1. 0. 0. 0. 1. 0. 1. 0. 1. 0.]","[1. 0. 1. 1. 1. 0. 1. 0. 0. 1. 1. 0. 0. 0. 0. 1. 0. 1. 0. 1. 1. 0. 0. 0.
 0. 1. 0. 0. 0. 1. 0. 1. 0. 0. 0. 0. 1. 1. 1. 0. 0.]","[1. 0. 1. 0. 1. 0. 1. 0. 0. 1. 1. 0. 0. 0. 1. 1. 0. 0. 1. 1. 1. 0. 0. 0.
 0. 1. 0. 1. 0. 0. 0. 1. 0. 0. 1. 0. 0. 1. 0. 1. 0.]","[1. 0. 1. 0. 1. 0. 1. 0. 0. 1. 1. 0. 0. 0. 0. 1. 0. 1. 0. 1. 1. 0. 0. 0.
 0. 1. 0. 1. 0. 0. 0. 1. 0. 0. 0. 0. 1. 1. 1. 0. 0.]","[1. 0. 1. 0. 1. 0. 1. 0. 0. 1. 1. 0. 0. 0. 1. 1. 0. 1. 0. 1. 1. 0. 0. 0.
 0. 1. 0. 1. 0. 0. 0. 1. 0. 0. 1. 0. 0. 1. 0. 0. 1.]","[1. 0. 1. 0. 1. 0. 1. 0. 0. 1. 1. 0. 0. 0. 0. 1. 0. 1. 0. 1. 1. 0. 0. 0.
 0. 1. 0. 0. 0. 1. 0. 1. 0. 0. 1. 0. 0. 1. 0. 0. 1.]","[1. 0. 1. 0. 1. 1. 0. 0. 0. 1. 1. 0. 0. 0. 0. 1. 0. 1. 0. 1. 1. 0. 0. 0.
 0. 1. 0. 0. 1. 0. 0. 1. 0. 0. 0. 1. 0. 1. 1. 0. 0.]","[1. 0. 1. 1. 1. 0. 1. 0. 0. 1. 1. 0. 0. 0. 0. 1. 0. 1. 0. 1. 1. 0. 0. 0.
 0. 1. 0. 1. 0. 0. 0. 1. 0. 0. 0. 0. 1. 1. 0. 0. 1.]","[1. 0. 1. 0. 1. 0. 1. 0. 0. 1. 1. 0. 0. 0. 0. 1. 0. 1. 0. 1. 1. 0. 0. 0.
 0. 1. 0. 0. 1. 0. 0. 1. 0. 0. 1. 0. 0. 1. 1. 0. 0.]","[1. 0. 1. 1. 1. 0. 1. 0. 0. 1. 1. 0. 0. 0. 0. 1. 0. 1. 0. 1. 1. 0. 0. 0.
 0. 1. 0. 0. 0. 1. 0. 1. 0. 0. 0. 0. 1. 1. 1. 0. 0.]","[1. 0. 1. 0. 1. 0. 1. 0. 0. 1. 1. 0. 0. 0. 0. 1. 0. 1. 0. 1. 1. 0. 0. 0.
 0. 1. 0. 0. 1. 0. 0. 1. 0. 0. 1. 0. 0. 1. 1. 0. 0.]","[1. 0. 1. 1. 1. 0. 1. 0. 0. 1. 1. 0. 0. 0. 0. 1. 0. 0. 1. 1. 1. 0. 0. 0.
 0. 1. 0. 0. 0. 0. 1. 1. 0. 0. 0. 0. 1. 1. 0. 1. 0.]","[1. 1. 0. 0. 1. 0. 1. 0. 0. 1. 1. 0. 0. 0. 0. 1. 0. 1. 0. 1. 1. 0. 0. 0.
 0. 1. 0. 1. 0. 0. 0. 1. 0. 0. 1. 0. 0. 1. 0. 1. 0.]","[1. 0. 1. 1. 1. 0. 1. 0. 0. 1. 1. 0. 0. 0. 0. 1. 0. 1. 0. 1. 1. 0. 0. 0.
 0. 1. 0. 0. 0. 0. 1. 1. 0. 0. 0. 0. 1. 1. 0. 0. 1.]","[1. 0. 1. 1. 1. 0. 1. 0. 0. 1. 1. 0. 0. 0. 0. 1. 0. 0. 1. 1. 1. 0. 0. 0.
 0. 1. 0. 1. 0. 0. 0. 1. 0. 0. 1. 0. 0. 1. 0. 0. 1.]","[1. 0. 1. 1. 1. 0. 1. 0. 0. 1. 1. 0. 0. 0. 0. 1. 0. 1. 0. 1. 1. 0. 0. 0.
 0. 1. 1. 0. 0. 0. 0. 1. 0. 0. 0. 0. 1. 1. 0. 0. 1.]","[1. 0. 1. 1. 1. 0. 1. 0. 0. 1. 1. 0. 0. 0. 0. 1. 0. 1. 0. 1. 1. 0. 0. 0.
 0. 1. 1. 0. 0. 0. 0. 1. 0. 0. 1. 0. 0. 1. 1. 0. 0.]","[1. 0. 1. 0. 1. 0. 1. 0. 0. 1. 0. 0. 1. 0. 0. 1. 0. 1. 0. 1. 1. 0. 0. 0.
 0. 1. 0. 1. 0. 0. 0. 1. 0. 0. 1. 0. 0. 1. 1. 0. 0.]","[1. 0. 1. 0. 1. 0. 1. 0. 0. 1. 1. 0. 0. 0. 0. 1. 0. 1. 0. 1. 1. 0. 0. 0.
 0. 1. 0. 1. 0. 0. 0. 1. 0. 0. 0. 0. 1. 1. 1. 0. 0.]","[1. 0. 1. 1. 1. 0. 1. 0. 0. 1. 1. 0. 0. 0. 1. 1. 0. 1. 0. 1. 1. 0. 0. 0.
 0. 1. 0. 1. 0. 0. 0. 1. 0. 0. 0. 1. 0. 1. 0. 1. 0.]","[1. 0. 1. 1. 1. 0. 1. 0. 0. 1. 1. 0. 0. 0. 0. 1. 0. 1. 0. 1. 1. 0. 0. 0.
 0. 1. 0. 0. 0. 1. 0. 1. 0. 0. 0. 0. 1. 1. 1. 0. 0.]","[1. 0. 1. 0. 1. 1. 0. 0. 0. 1. 1. 0. 0. 0. 0. 1. 0. 0. 1. 1. 1. 0. 0. 0.
 0. 1. 1. 0. 0. 0. 0. 1. 0. 0. 1. 0. 0. 1. 0. 0. 1.]","[1. 0. 1. 0. 1. 0. 1. 0. 0. 1. 1. 0. 0. 0. 0. 1. 0. 1. 0. 1. 1. 0. 0. 0.
 0. 1. 0. 1. 0. 0. 0. 1. 0. 0. 0. 1. 0. 1. 0. 1. 0.]","[1. 0. 1. 0. 1. 0. 1. 0. 0. 1. 1. 0. 0. 0. 1. 1. 0. 1. 0. 1. 1. 0. 0. 0.
 0. 1. 1. 0. 0. 0. 0. 1. 0. 0. 0. 0. 1. 1. 0. 0. 1.]","[1. 0. 1. 0. 1. 0. 1. 0. 0. 1. 1. 0. 0. 0. 1. 1. 0. 1. 0. 1. 1. 0. 0. 0.
 0. 1. 0. 1. 0. 0. 0. 1. 0. 0. 0. 0. 1. 1. 0. 1. 0.]","[1. 0. 1. 1. 1. 0. 1. 0. 0. 1. 1. 0. 0. 0. 1. 1. 0. 1. 0. 1. 1. 0. 0. 0.
 0. 1. 0. 0. 1. 0. 0. 1. 0. 0. 0. 0. 1. 1. 0. 0. 1.]","[1. 0. 1. 1. 1. 0. 1. 0. 0. 1. 0. 0. 1. 0. 0. 1. 0. 0. 1. 1. 1. 0. 0. 0.
 0. 1. 0. 0. 0. 1. 0. 1. 0. 0. 0. 0. 1. 1. 0. 1. 0.]","[1. 0. 1. 0. 1. 0. 1. 0. 0. 1. 0. 1. 0. 0. 1. 1. 0. 0. 1. 1. 1. 0. 0. 0.
 0. 1. 0. 0. 1. 0. 0. 1. 0. 0. 0. 0. 1. 1. 0. 0. 1.]","[1. 0. 1. 0. 1. 0. 1. 0. 0. 1. 1. 0. 0. 0. 1. 1. 0. 1. 0. 1. 1. 0. 0. 0.
 0. 1. 0. 0. 0. 1. 0. 1. 0. 0. 0. 0. 1. 1. 0. 1. 0.]","[1. 0. 1. 1. 1. 0. 0. 1. 0. 1. 1. 0. 0. 0. 0. 1. 0. 1. 0. 1. 1. 0. 0. 0.
 0. 1. 0. 1. 0. 0. 0. 1. 0. 0. 0. 0. 1. 1. 0. 1. 0.]","[1. 0. 1. 0. 1. 0. 1. 0. 0. 1. 1. 0. 0. 0. 0. 1. 0. 0. 1. 1. 1. 0. 0. 0.
 0. 1. 0. 0. 0. 1. 0. 1. 0. 0. 0. 0. 1. 1. 0. 0. 1.]","[1. 0. 1. 1. 1. 0. 1. 0. 0. 1. 1. 0. 0. 0. 1. 1. 0. 0. 1. 1. 1. 0. 0. 0.
 0. 1. 0. 1. 0. 0. 0. 1. 0. 0. 0. 0. 1. 1. 0. 0. 1.]","[1. 0. 1. 1. 1. 0. 1. 0. 0. 1. 1. 0. 0. 0. 1. 1. 0. 1. 0. 1. 1. 0. 0. 0.
 0. 1. 0. 0. 1. 0. 0. 1. 0. 0. 0. 0. 1. 1. 0. 0. 1.]","[1. 0. 1. 0. 1. 0. 1. 0. 0. 1. 1. 0. 0. 0. 1. 1. 0. 0. 1. 1. 1. 0. 0. 0.
 0. 1. 1. 0. 0. 0. 0. 1. 0. 0. 0. 1. 0. 1. 0. 1. 0.]","[1. 0. 1. 1. 1. 0. 1. 0. 0. 1. 0. 0. 1. 0. 0. 1. 0. 1. 0. 1. 1. 0. 0. 0.
 0. 1. 0. 0. 0. 0. 1. 1. 0. 0. 0. 0. 1. 1. 0. 0. 1.]","[1. 0. 1. 0. 1. 0. 1. 0. 0. 1. 1. 0. 0. 0. 0. 1. 0. 0. 1. 1. 1. 0. 0. 0.
 0. 1. 0. 0. 0. 0. 1. 1. 0. 0. 0. 0. 1. 1. 0. 1. 0.]","[1. 0. 1. 1. 1. 0. 1. 0. 0. 1. 1. 0. 0. 0. 0. 1. 0. 1. 0. 1. 1. 0. 0. 0.
 0. 1. 0. 0. 0. 1. 0. 1. 0. 0. 0. 0. 1. 1. 1. 0. 0.]","[1. 0. 1. 0. 1. 0. 1. 0. 0. 1. 1. 0. 0. 0. 0. 1. 0. 1. 0. 1. 1. 0. 0. 0.
 0. 1. 0. 1. 0. 0. 0. 1. 0. 0. 0. 0. 1. 1. 1. 0. 0.]","[1. 0. 1. 1. 1. 0. 1. 0. 0. 1. 1. 0. 0. 0. 1. 1. 0. 1. 0. 1. 1. 0. 0. 0.
 0. 1. 0. 1. 0. 0. 0. 1. 0. 0. 0. 0. 1. 1. 1. 0. 0.]","[1. 0. 1. 0. 1. 0. 1. 0. 0. 1. 0. 0. 1. 0. 1. 1. 0. 0. 1. 1. 1. 0. 0. 0.
 0. 1. 1. 0. 0. 0. 0. 1. 0. 0. 1. 0. 0. 1. 1. 0. 0.]","[1. 0. 1. 0. 1. 0. 1. 0. 0. 1. 1. 0. 0. 0. 0. 1. 0. 1. 0. 1. 1. 0. 0. 0.
 0. 1. 0. 1. 0. 0. 0. 1. 0. 0. 0. 1. 0. 1. 0. 1. 0.]","[1. 0. 1. 1. 1. 0. 1. 0. 0. 1. 0. 0. 1. 0. 0. 1. 0. 0. 1. 1. 1. 0. 0. 0.
 0. 1. 0. 0. 0. 1. 0. 1. 0. 0. 0. 0. 1. 1. 1. 0. 0.]","[1. 0. 1. 1. 1. 0. 1. 0. 0. 1. 1. 0. 0. 0. 0. 1. 0. 0. 1. 1. 1. 0. 0. 0.
 0. 1. 0. 1. 0. 0. 0. 1. 0. 0. 0. 1. 0. 1. 0. 1. 0.]","[1. 0. 1. 1. 1. 0. 1. 0. 0. 1. 1. 0. 0. 0. 0. 1. 0. 1. 0. 1. 1. 0. 0. 0.
 0. 1. 0. 0. 0. 1. 0. 1. 0. 0. 0. 0. 1. 1. 0. 0. 1.]","[1. 0. 1. 0. 1. 0. 1. 0. 0. 1. 0. 1. 0. 0. 0. 1. 0. 1. 0. 1. 1. 0. 0. 0.
 0. 1. 0. 1. 0. 0. 0. 1. 0. 0. 0. 0. 1. 1. 1. 0. 0.]","[1. 0. 1. 0. 1. 0. 1. 0. 0. 1. 1. 0. 0. 0. 0. 1. 0. 1. 0. 1. 1. 0. 0. 0.
 0. 1. 0. 1. 0. 0. 0. 1. 0. 0. 0. 0. 1. 1. 1. 0. 0.]","[1. 0. 1. 1. 1. 0. 1. 0. 0. 1. 1. 0. 0. 0. 0. 1. 0. 1. 0. 1. 1. 0. 0. 0.
 0. 1. 0. 0. 1. 0. 0. 1. 0. 0. 1. 0. 0. 1. 1. 0. 0.]","[1. 0. 1. 1. 1. 0. 1. 0. 0. 1. 1. 0. 0. 0. 0. 1. 0. 1. 0. 1. 1. 0. 0. 0.
 0. 1. 0. 0. 0. 0. 1. 1. 0. 0. 0. 0. 1. 1. 0. 0. 1.]","[1. 0. 1. 1. 1. 0. 1. 0. 0. 1. 1. 0. 0. 0. 0. 1. 0. 1. 0. 1. 1. 0. 0. 0.
 0. 1. 1. 0. 0. 0. 0. 1. 0. 0. 1. 0. 0. 1. 1. 0. 0.]","[1. 0. 1. 0. 1. 0. 1. 0. 0. 1. 1. 0. 0. 0. 0. 1. 0. 0. 1. 1. 1. 0. 0. 0.
 0. 1. 0. 1. 0. 0. 0. 1. 0. 0. 0. 0. 1. 1. 1. 0. 0.]","[1. 0. 1. 1. 1. 0. 1. 0. 0. 1. 1. 0. 0. 0. 1. 1. 0. 0. 1. 1. 1. 0. 0. 0.
 0. 1. 0. 0. 0. 0. 1. 1. 0. 0. 1. 0. 0. 1. 0. 0. 1.]","[1. 0. 1. 0. 1. 0. 1. 0. 0. 1. 1. 0. 0. 0. 1. 1. 0. 1. 0. 1. 1. 0. 0. 0.
 0. 1. 0. 0. 1. 0. 0. 1. 0. 0. 0. 1. 0. 1. 0. 0. 1.]","[1. 0. 1. 1. 1. 0. 1. 0. 0. 1. 1. 0. 0. 0. 0. 1. 0. 0. 1. 1. 1. 0. 0. 0.
 0. 1. 0. 1. 0. 0. 0. 1. 0. 0. 1. 0. 0. 1. 1. 0. 0.]","[1. 0. 1. 1. 1. 0. 1. 0. 0. 1. 1. 0. 0. 0. 0. 1. 0. 1. 0. 1. 1. 0. 0. 0.
 0. 1. 0. 1. 0. 0. 0. 1. 0. 0. 0. 0. 1. 1. 0. 0. 1.]","[1. 0. 1. 1. 1. 0. 1. 0. 0. 1. 1. 0. 0. 0. 0. 1. 0. 1. 0. 1. 1. 0. 0. 0.
 0. 1. 0. 0. 1. 0. 0. 1. 0. 0. 0. 0. 1. 1. 0. 0. 1.]","[1. 0. 1. 1. 1. 0. 1. 0. 0. 1. 1. 0. 0. 0. 0. 1. 0. 1. 0. 1. 1. 0. 0. 0.
 0. 1. 0. 0. 0. 1. 0. 1. 0. 0. 0. 1. 0. 1. 1. 0. 0.]","[1. 0. 1. 0. 1. 0. 1. 0. 0. 1. 1. 0. 0. 0. 1. 1. 0. 1. 0. 1. 1. 0. 0. 0.
 0. 1. 1. 0. 0. 0. 0. 1. 0. 0. 0. 0. 1. 1. 1. 0. 0.]","[1. 0. 1. 0. 1. 0. 1. 0. 0. 1. 1. 0. 0. 0. 0. 1. 0. 0. 1. 1. 1. 0. 0. 0.
 0. 1. 0. 0. 0. 0. 1. 1. 0. 0. 0. 0. 1. 1. 0. 1. 0.]","[1. 0. 1. 1. 1. 0. 1. 0. 0. 1. 1. 0. 0. 0. 1. 1. 0. 1. 0. 1. 1. 0. 0. 0.
 0. 1. 1. 0. 0. 0. 0. 1. 0. 0. 1. 0. 0. 1. 0. 0. 1.]","[1. 0. 1. 0. 1. 0. 1. 0. 0. 1. 0. 0. 1. 0. 0. 1. 0. 0. 1. 1. 1. 0. 0. 0.
 0. 1. 0. 0. 1. 0. 0. 1. 0. 0. 0. 0. 1. 1. 1. 0. 0.]","[1. 0. 1. 1. 1. 0. 1. 0. 0. 1. 1. 0. 0. 0. 0. 1. 0. 1. 0. 1. 1. 0. 0. 0.
 0. 1. 0. 0. 0. 0. 1. 1. 0. 0. 0. 0. 1. 1. 0. 0. 1.]","[1. 0. 1. 0. 1. 0. 1. 0. 0. 1. 1. 0. 0. 0. 0. 1. 0. 0. 1. 1. 1. 0. 0. 0.
 0. 1. 0. 0. 0. 1. 0. 1. 0. 0. 0. 0. 1. 1. 0. 1. 0.]","[1. 0. 1. 0. 1. 0. 1. 0. 0. 1. 1. 0. 0. 0. 1. 1. 0. 0. 1. 1. 1. 0. 0. 0.
 0. 1. 0. 0. 0. 0. 1. 1. 0. 0. 0. 1. 0. 1. 0. 1. 0.]","[1. 0. 1. 1. 1. 0. 1. 0. 0. 1. 1. 0. 0. 0. 0. 1. 0. 0. 1. 1. 1. 0. 0. 0.
 0. 1. 0. 1. 0. 0. 0. 1. 0. 0. 1. 0. 0. 1. 0. 0. 1.]","[1. 0. 1. 0. 1. 0. 1. 0. 0. 1. 0. 0. 1. 0. 0. 1. 0. 0. 1. 1. 1. 0. 0. 0.
 0. 1. 0. 0. 0. 0. 1. 1. 0. 0. 0. 0. 1. 1. 0. 1. 0.]","[1. 0. 1. 0. 1. 0. 1. 0. 0. 1. 0. 1. 0. 0. 1. 1. 0. 1. 0. 1. 1. 0. 0. 0.
 0. 1. 1. 0. 0. 0. 0. 1. 0. 0. 0. 0. 1. 1. 0. 0. 1.]","[1. 0. 1. 0. 1. 0. 1. 0. 0. 1. 1. 0. 0. 0. 1. 1. 0. 1. 0. 1. 1. 0. 0. 0.
 0. 1. 0. 1. 0. 0. 0. 1. 0. 0. 0. 0. 1. 1. 0. 0. 1.]","[1. 0. 1. 1. 1. 0. 1. 0. 0. 1. 1. 0. 0. 0. 1. 1. 0. 1. 0. 1. 1. 0. 0. 0.
 0. 1. 0. 1. 0. 0. 0. 1. 0. 0. 0. 1. 0. 1. 0. 0. 1.]","[1. 0. 1. 0. 1. 0. 1. 0. 0. 1. 0. 0. 1. 0. 1. 1. 0. 0. 1. 1. 1. 0. 0. 0.
 0. 1. 0. 1. 0. 0. 0. 1. 0. 0. 0. 0. 1. 1. 1. 0. 0.]","[1. 0. 1. 1. 1. 0. 1. 0. 0. 1. 1. 0. 0. 0. 1. 1. 0. 0. 1. 1. 1. 0. 0. 0.
 0. 1. 0. 0. 1. 0. 0. 1. 0. 0. 0. 0. 1. 1. 0. 0. 1.]","[1. 0. 1. 1. 1. 0. 1. 0. 0. 1. 0. 0. 1. 0. 0. 1. 0. 0. 1. 1. 1. 0. 0. 0.
 0. 1. 0. 0. 0. 1. 0. 1. 0. 0. 0. 0. 1. 1. 0. 1. 0.]","[1. 0. 1. 0. 1. 0. 1. 0. 0. 1. 1. 0. 0. 0. 0. 1. 0. 0. 1. 1. 1. 0. 0. 0.
 0. 1. 0. 0. 0. 0. 1. 1. 0. 0. 0. 0. 1. 1. 1. 0. 0.]"
56.124,100.0,100.0,50.869,100.0,100.0,100.0,55.239,100.0,55.763000000000005,50.347,53.331,53.281000000000006,52.576,48.196000000000005,45.435,100.0,52.885,54.06100000000001,55.17100000000001,53.349,52.652,55.276,54.06100000000001,52.513000000000005,52.882,53.994,52.87,57.118,52.75,55.416,53.17100000000001,55.333,44.184,44.184,45.61600000000001,52.885,53.331,44.552,52.657,41.385,45.12,52.876000000000005,53.13399999999999,42.055,52.96,52.028,51.862,45.44,51.89,52.843,52.654,51.562,51.889,52.659,45.021,51.862,41.255,44.751000000000005,42.258,42.258,44.818000000000005,51.862,42.278,52.029,42.278,42.278,51.872,52.028,44.657,43.971,44.415,44.159,41.996,42.278,52.672,44.69,52.028,51.872,42.519,52.513000000000005,42.077,42.519,42.778,42.549,41.385,51.89,42.055,42.549,42.072,51.889,41.385,41.385,52.477,51.889,44.552,44.389,51.89,52.69,41.385,42.258,42.778,51.862,41.255,52.513000000000005,42.124,45.355,42.258,51.862,42.278,44.916,41.255,42.778,42.055,44.277,41.385,41.255,42.278,42.278,42.278,42.278,41.255,42.072,42.278,45.08,42.072,41.255,41.385,41.385,41.385,41.255,41.255,42.1,51.862,41.996,41.996,42.055,42.055,52.028,41.996,41.255,41.385,41.255,42.072,43.971,49.494,51.89,42.278,42.519,41.255,45.08,43.971,41.996,51.89,51.89,41.996,41.996,42.072,42.072,51.862,41.255,52.672,42.519,51.89,41.255,50.404,52.513000000000005,42.519,52.657,51.862,42.055,41.255,41.255,42.1,42.055,42.055,42.778,42.072,42.1,55.255,42.278,42.072,51.862,42.072,51.862,51.862,45.435,41.255,52.028,42.072,52.028,41.255,52.709,41.255,51.862,41.255,52.028,52.029,42.072,42.519,42.072,52.513000000000005,42.278,41.996,41.996,41.996,41.385,44.775,41.996,44.331,41.255,41.996,41.996,42.519,41.385,41.255,42.072,42.072,42.513000000000005,52.029,42.278,42.1,42.278,41.255,44.916,42.072,52.028,41.255,52.028,42.072,51.862,42.519,52.028,41.255,41.255,42.055,42.513000000000005,41.255,51.862,42.1,41.255,41.255,42.519,51.862,41.385,44.775,41.996,42.519,42.549,41.996,41.385,42.072
200
