1,2,3,4,5,6,7,8,9,10,11,12,13,14,15,16,17,18,19,20,21,22,23,24,25,26,27,28,29,30,31,32,33,34,35,36,37,38,39,40,41,42,43,44,45,46,47,48,49,50,51,52,53,54,55,56,57,58,59,60,61,62,63,64,65,66,67,68,69,70,71,72,73,74,75,76,77,78,79,80,81,82,83,84,85,86,87,88,89,90,91,92,93,94,95,96,97,98,99,100,101,102,103,104,105,106,107,108,109,110,111,112,113,114,115,116,117,118,119,120,121,122,123,124,125,126,127,128,129,130,131,132,133,134,135,136,137,138,139,140,141,142,143,144,145,146,147,148,149,150,151,152,153,154,155,156,157,158,159,160,161,162,163,164,165,166,167,168,169,170,171,172,173,174,175,176,177,178,179,180,181,182,183,184,185,186,187,188,189,190,191,192,193,194,195,196,197,198,199,200,201,202,203,204,205,206,207,208,209,210,211,212,213,214,215,216,217,218,219,220,221,222,223,224,225,226,227,228,229,230,231,232,233,234,235,236,237,238,239,240,241,242,243,244,245,246,247,248,249,250,251,252,253,254,255,256,257,258,259
"[1.00000000e+00 1.97300000e+03 2.62195855e-01 3.80369250e-01
 1.10000000e+01 1.00000000e+00 0.00000000e+00 0.00000000e+00
 0.00000000e+00 2.00000000e+00 5.90000000e+01 4.40000000e+01
 1.00000000e+00]","[2.00000000e+00 1.37500000e+03 2.42655485e-01 2.97089736e-01
 4.00000000e+00 1.00000000e+00 0.00000000e+00 0.00000000e+00
 0.00000000e+00 2.00000000e+00 4.10000000e+01 1.10000000e+01
 0.00000000e+00]","[2.00000000e+00 1.33800000e+03 5.14549808e-01 1.86518988e-01
 5.00000000e+00 1.00000000e+00 1.00000000e+00 0.00000000e+00
 0.00000000e+00 0.00000000e+00 9.40000000e+01 2.70000000e+01
 0.00000000e+00]","[1.00000000e+00 3.14800000e+03 4.02548578e-01 7.88491189e-01
 3.00000000e+00 1.00000000e+00 1.00000000e+00 0.00000000e+00
 0.00000000e+00 0.00000000e+00 7.70000000e+01 1.90000000e+01
 0.00000000e+00]","[2.000e+00 1.964e+03 1.000e-01 1.000e-01 1.000e+00 1.000e+00 0.000e+00
 0.000e+00 0.000e+00 2.000e+00 7.500e+01 6.200e+01 0.000e+00]","[2.00000000e+00 1.26500000e+03 3.95257930e-01 4.42525031e-01
 5.00000000e+00 1.00000000e+00 0.00000000e+00 0.00000000e+00
 1.00000000e+00 1.00000000e+00 9.00000000e+00 1.00000000e+01
 0.00000000e+00]","[1.00000000e+00 2.30100000e+03 6.04982466e-01 3.91677878e-01
 4.00000000e+00 1.00000000e+00 0.00000000e+00 1.00000000e+00
 0.00000000e+00 2.00000000e+00 9.20000000e+01 4.90000000e+01
 0.00000000e+00]","[1.00000000e+00 1.84400000e+03 6.23460392e-01 2.36779277e-01
 6.00000000e+00 1.00000000e+00 1.00000000e+00 0.00000000e+00
 0.00000000e+00 0.00000000e+00 3.40000000e+01 5.30000000e+01
 0.00000000e+00]","[2.00000000e+00 1.60600000e+03 4.20071508e-01 2.93536415e-01
 4.00000000e+00 1.00000000e+00 0.00000000e+00 1.00000000e+00
 0.00000000e+00 1.00000000e+00 7.90000000e+01 4.80000000e+01
 0.00000000e+00]","[1.00000000e+00 1.82500000e+03 1.00000000e-01 8.56242137e-01
 1.00000000e+00 1.00000000e+00 0.00000000e+00 1.00000000e+00
 1.00000000e+00 1.00000000e+00 1.20000000e+01 8.00000000e+00
 0.00000000e+00]","[1.00000000e+00 1.02400000e+03 3.60131487e-01 9.00000000e-01
 1.00000000e+00 0.00000000e+00 0.00000000e+00 0.00000000e+00
 1.00000000e+00 0.00000000e+00 8.00000000e+00 8.00000000e+00
 0.00000000e+00]","[1.00000000e+00 1.91700000e+03 6.60523210e-01 3.67635608e-01
 6.00000000e+00 1.00000000e+00 1.00000000e+00 1.00000000e+00
 0.00000000e+00 0.00000000e+00 3.20000000e+01 5.40000000e+01
 0.00000000e+00]","[1.00000000e+00 3.23300000e+03 7.52932939e-01 8.86780326e-01
 8.00000000e+00 0.00000000e+00 0.00000000e+00 1.00000000e+00
 1.00000000e+00 0.00000000e+00 9.10000000e+01 4.80000000e+01
 1.00000000e+00]","[4.00000000e+00 2.96700000e+03 6.84203101e-01 7.03740257e-01
 3.00000000e+00 1.00000000e+00 0.00000000e+00 1.00000000e+00
 1.00000000e+00 2.00000000e+00 9.40000000e+01 3.40000000e+01
 0.00000000e+00]","[4.00000000e+00 2.79100000e+03 3.54756006e-01 6.56792791e-01
 1.20000000e+01 1.00000000e+00 1.00000000e+00 1.00000000e+00
 1.00000000e+00 2.00000000e+00 2.80000000e+01 4.50000000e+01
 1.00000000e+00]","[3.00000000e+00 1.59900000e+03 3.43623857e-01 4.89891058e-01
 4.00000000e+00 0.00000000e+00 0.00000000e+00 1.00000000e+00
 0.00000000e+00 1.00000000e+00 8.00000000e+00 4.30000000e+01
 0.00000000e+00]","[4.00000000e+00 2.54800000e+03 4.21887528e-01 8.98647541e-01
 1.20000000e+01 1.00000000e+00 0.00000000e+00 0.00000000e+00
 0.00000000e+00 0.00000000e+00 8.20000000e+01 4.60000000e+01
 1.00000000e+00]","[4.00000000e+00 1.09900000e+03 6.64634552e-01 7.04753297e-01
 9.00000000e+00 1.00000000e+00 1.00000000e+00 1.00000000e+00
 0.00000000e+00 0.00000000e+00 1.00000000e+01 8.00000000e+00
 0.00000000e+00]","[3.00000000e+00 3.09400000e+03 5.67942273e-01 6.39070262e-01
 1.10000000e+01 0.00000000e+00 1.00000000e+00 1.00000000e+00
 1.00000000e+00 2.00000000e+00 5.10000000e+01 2.40000000e+01
 1.00000000e+00]","[3.00000000e+00 2.93600000e+03 8.28152973e-01 5.85757195e-01
 1.20000000e+01 0.00000000e+00 1.00000000e+00 0.00000000e+00
 1.00000000e+00 2.00000000e+00 9.30000000e+01 2.80000000e+01
 1.00000000e+00]","[4.00000000e+00 7.03000000e+02 3.15003716e-01 8.06395056e-01
 3.00000000e+00 0.00000000e+00 1.00000000e+00 1.00000000e+00
 0.00000000e+00 2.00000000e+00 1.00000000e+01 8.00000000e+00
 1.00000000e+00]","[4.00000000e+00 3.16400000e+03 4.59321106e-01 1.02741387e-01
 4.00000000e+00 1.00000000e+00 0.00000000e+00 0.00000000e+00
 1.00000000e+00 2.00000000e+00 7.50000000e+01 4.50000000e+01
 1.00000000e+00]","[4.00000000e+00 1.02400000e+03 6.69871192e-01 2.78453322e-01
 6.00000000e+00 0.00000000e+00 0.00000000e+00 1.00000000e+00
 0.00000000e+00 1.00000000e+00 4.10000000e+01 1.10000000e+01
 1.00000000e+00]","[4.00000000e+00 1.04200000e+03 2.03033054e-01 8.16365028e-01
 1.20000000e+01 1.00000000e+00 1.00000000e+00 1.00000000e+00
 1.00000000e+00 2.00000000e+00 3.80000000e+01 5.20000000e+01
 1.00000000e+00]","[4.00000000e+00 1.38700000e+03 4.98826389e-01 3.07607755e-01
 1.20000000e+01 1.00000000e+00 1.00000000e+00 0.00000000e+00
 1.00000000e+00 1.00000000e+00 8.00000000e+00 1.80000000e+01
 0.00000000e+00]","[4.00000000e+00 3.50800000e+03 3.98753818e-01 2.84896184e-01
 7.00000000e+00 0.00000000e+00 0.00000000e+00 1.00000000e+00
 0.00000000e+00 1.00000000e+00 4.20000000e+01 4.70000000e+01
 1.00000000e+00]","[3.00000000e+00 3.24700000e+03 2.45853950e-01 2.87577013e-01
 1.00000000e+01 0.00000000e+00 0.00000000e+00 1.00000000e+00
 0.00000000e+00 1.00000000e+00 9.10000000e+01 3.60000000e+01
 0.00000000e+00]","[1.00000000e+00 2.95300000e+03 2.36901321e-01 6.20319726e-01
 1.00000000e+00 1.00000000e+00 1.00000000e+00 0.00000000e+00
 1.00000000e+00 2.00000000e+00 5.40000000e+01 5.00000000e+01
 0.00000000e+00]","[3.00000000e+00 1.78800000e+03 6.13475958e-01 9.00000000e-01
 8.00000000e+00 1.00000000e+00 1.00000000e+00 0.00000000e+00
 1.00000000e+00 1.00000000e+00 1.30000000e+01 4.90000000e+01
 0.00000000e+00]","[4.00000000e+00 3.54600000e+03 5.04539346e-01 7.56610650e-01
 5.00000000e+00 0.00000000e+00 0.00000000e+00 1.00000000e+00
 1.00000000e+00 2.00000000e+00 5.80000000e+01 5.20000000e+01
 0.00000000e+00]","[2.00000000e+00 2.06300000e+03 2.54980967e-01 8.12612104e-01
 9.00000000e+00 0.00000000e+00 0.00000000e+00 0.00000000e+00
 1.00000000e+00 2.00000000e+00 4.50000000e+01 4.70000000e+01
 0.00000000e+00]","[4.00000000e+00 1.02400000e+03 5.18746171e-01 4.22054793e-01
 7.00000000e+00 0.00000000e+00 0.00000000e+00 1.00000000e+00
 0.00000000e+00 1.00000000e+00 4.10000000e+01 1.00000000e+01
 1.00000000e+00]","[4.00000000e+00 3.11800000e+03 2.42673978e-01 3.14939668e-01
 1.20000000e+01 0.00000000e+00 0.00000000e+00 1.00000000e+00
 1.00000000e+00 2.00000000e+00 7.40000000e+01 5.30000000e+01
 1.00000000e+00]","[4.00000000e+00 3.11800000e+03 2.42673978e-01 3.14939668e-01
 1.20000000e+01 0.00000000e+00 0.00000000e+00 1.00000000e+00
 1.00000000e+00 2.00000000e+00 7.40000000e+01 5.30000000e+01
 1.00000000e+00]","[1.00000000e+00 1.77700000e+03 6.45572005e-01 6.54787852e-01
 1.00000000e+01 1.00000000e+00 1.00000000e+00 0.00000000e+00
 1.00000000e+00 1.00000000e+00 4.70000000e+01 5.40000000e+01
 1.00000000e+00]","[4.00000000e+00 9.20000000e+02 7.63764533e-01 8.29644591e-01
 7.00000000e+00 0.00000000e+00 1.00000000e+00 1.00000000e+00
 1.00000000e+00 2.00000000e+00 5.20000000e+01 4.10000000e+01
 1.00000000e+00]","[4.000e+00 1.024e+03 9.000e-01 9.000e-01 1.200e+01 0.000e+00 1.000e+00
 1.000e+00 1.000e+00 0.000e+00 9.600e+01 8.000e+00 0.000e+00]","[4.00000000e+00 1.04200000e+03 2.03033054e-01 8.16365028e-01
 1.20000000e+01 1.00000000e+00 1.00000000e+00 1.00000000e+00
 1.00000000e+00 2.00000000e+00 3.80000000e+01 5.20000000e+01
 1.00000000e+00]","[4.00000000e+00 5.52000000e+02 4.38944324e-01 6.91620653e-01
 5.00000000e+00 0.00000000e+00 1.00000000e+00 0.00000000e+00
 1.00000000e+00 1.00000000e+00 6.60000000e+01 5.40000000e+01
 1.00000000e+00]","[3.00000000e+00 1.63100000e+03 2.06252344e-01 8.98153145e-01
 1.10000000e+01 1.00000000e+00 0.00000000e+00 1.00000000e+00
 0.00000000e+00 1.00000000e+00 2.40000000e+01 5.60000000e+01
 1.00000000e+00]","[4.00000000e+00 5.38000000e+02 4.55626495e-01 5.79272584e-01
 1.10000000e+01 0.00000000e+00 1.00000000e+00 1.00000000e+00
 1.00000000e+00 1.00000000e+00 4.70000000e+01 1.30000000e+01
 0.00000000e+00]","[4.00000000e+00 1.03100000e+03 5.90629473e-01 8.24103550e-01
 6.00000000e+00 0.00000000e+00 1.00000000e+00 1.00000000e+00
 1.00000000e+00 0.00000000e+00 1.10000000e+01 1.10000000e+01
 0.00000000e+00]","[4.00000000e+00 1.09400000e+03 4.51975436e-01 9.00000000e-01
 8.00000000e+00 1.00000000e+00 1.00000000e+00 1.00000000e+00
 1.00000000e+00 0.00000000e+00 4.20000000e+01 8.00000000e+00
 0.00000000e+00]","[4.00000000e+00 1.42700000e+03 8.54765053e-01 3.60701438e-01
 5.00000000e+00 1.00000000e+00 1.00000000e+00 0.00000000e+00
 1.00000000e+00 1.00000000e+00 2.50000000e+01 1.80000000e+01
 1.00000000e+00]","[4.00000000e+00 1.42700000e+03 8.54765053e-01 3.60701438e-01
 5.00000000e+00 1.00000000e+00 1.00000000e+00 0.00000000e+00
 1.00000000e+00 1.00000000e+00 2.50000000e+01 1.80000000e+01
 1.00000000e+00]","[3.00000000e+00 2.26600000e+03 3.30442512e-01 6.27312670e-01
 6.00000000e+00 0.00000000e+00 0.00000000e+00 1.00000000e+00
 1.00000000e+00 1.00000000e+00 9.60000000e+01 8.00000000e+00
 0.00000000e+00]","[3.00000000e+00 1.24300000e+03 6.59640493e-01 6.70620867e-01
 6.00000000e+00 1.00000000e+00 1.00000000e+00 1.00000000e+00
 1.00000000e+00 1.00000000e+00 6.10000000e+01 4.70000000e+01
 0.00000000e+00]","[3.00000000e+00 1.02400000e+03 4.80285829e-01 9.00000000e-01
 1.20000000e+01 1.00000000e+00 0.00000000e+00 0.00000000e+00
 1.00000000e+00 0.00000000e+00 8.20000000e+01 8.00000000e+00
 0.00000000e+00]","[3.00000000e+00 1.02400000e+03 2.86977287e-01 1.30511131e-01
 8.00000000e+00 1.00000000e+00 1.00000000e+00 0.00000000e+00
 0.00000000e+00 2.00000000e+00 3.80000000e+01 2.90000000e+01
 0.00000000e+00]","[4.00000000e+00 1.02400000e+03 5.42506998e-01 5.99187651e-01
 4.00000000e+00 0.00000000e+00 1.00000000e+00 0.00000000e+00
 0.00000000e+00 1.00000000e+00 4.70000000e+01 2.60000000e+01
 1.00000000e+00]","[4.00000000e+00 5.52000000e+02 4.38944324e-01 6.91620653e-01
 5.00000000e+00 0.00000000e+00 1.00000000e+00 0.00000000e+00
 1.00000000e+00 1.00000000e+00 6.60000000e+01 5.40000000e+01
 1.00000000e+00]","[1.00000000e+00 1.77700000e+03 6.45572005e-01 6.54787852e-01
 1.00000000e+01 1.00000000e+00 1.00000000e+00 0.00000000e+00
 1.00000000e+00 1.00000000e+00 4.70000000e+01 5.40000000e+01
 1.00000000e+00]","[2.00000000e+00 1.33800000e+03 5.14549808e-01 1.86518988e-01
 5.00000000e+00 1.00000000e+00 1.00000000e+00 0.00000000e+00
 0.00000000e+00 0.00000000e+00 9.40000000e+01 2.70000000e+01
 0.00000000e+00]","[3.00000000e+00 1.55700000e+03 4.59267624e-01 4.79476970e-01
 8.00000000e+00 0.00000000e+00 1.00000000e+00 0.00000000e+00
 1.00000000e+00 2.00000000e+00 1.00000000e+01 3.40000000e+01
 1.00000000e+00]","[3.00000000e+00 1.02400000e+03 4.28280619e-01 2.06806885e-01
 8.00000000e+00 1.00000000e+00 1.00000000e+00 0.00000000e+00
 0.00000000e+00 2.00000000e+00 4.10000000e+01 4.00000000e+01
 0.00000000e+00]","[3.00000000e+00 1.57300000e+03 3.38997559e-01 3.92657970e-01
 7.00000000e+00 1.00000000e+00 1.00000000e+00 1.00000000e+00
 1.00000000e+00 1.00000000e+00 6.20000000e+01 3.20000000e+01
 0.00000000e+00]","[4.00000000e+00 1.80600000e+03 6.62673360e-01 6.79469196e-01
 1.10000000e+01 0.00000000e+00 1.00000000e+00 0.00000000e+00
 0.00000000e+00 1.00000000e+00 1.10000000e+01 3.10000000e+01
 0.00000000e+00]","[4.00000000e+00 1.19300000e+03 3.04884280e-01 6.83531465e-01
 3.00000000e+00 0.00000000e+00 1.00000000e+00 0.00000000e+00
 0.00000000e+00 2.00000000e+00 5.30000000e+01 4.10000000e+01
 0.00000000e+00]","[3.00000000e+00 1.60600000e+03 2.83248329e-01 8.70985097e-01
 1.10000000e+01 0.00000000e+00 1.00000000e+00 1.00000000e+00
 1.00000000e+00 1.00000000e+00 3.50000000e+01 3.90000000e+01
 0.00000000e+00]","[4.0000000e+00 1.7300000e+03 7.5036653e-01 7.6219543e-01 2.0000000e+00
 0.0000000e+00 1.0000000e+00 1.0000000e+00 1.0000000e+00 0.0000000e+00
 1.4000000e+01 4.0000000e+01 1.0000000e+00]","[3.00000000e+00 2.26600000e+03 3.30442512e-01 6.27312670e-01
 6.00000000e+00 0.00000000e+00 0.00000000e+00 1.00000000e+00
 1.00000000e+00 1.00000000e+00 9.60000000e+01 8.00000000e+00
 0.00000000e+00]","[4.00000000e+00 1.02400000e+03 5.42506998e-01 5.99187651e-01
 4.00000000e+00 0.00000000e+00 1.00000000e+00 0.00000000e+00
 0.00000000e+00 1.00000000e+00 4.70000000e+01 2.60000000e+01
 1.00000000e+00]","[3.00000000e+00 2.67100000e+03 4.11423725e-01 2.21088070e-01
 7.00000000e+00 1.00000000e+00 1.00000000e+00 1.00000000e+00
 0.00000000e+00 0.00000000e+00 4.10000000e+01 2.50000000e+01
 1.00000000e+00]","[3.00000000e+00 2.14400000e+03 5.23801453e-01 4.52736193e-01
 6.00000000e+00 1.00000000e+00 0.00000000e+00 0.00000000e+00
 0.00000000e+00 1.00000000e+00 5.20000000e+01 3.80000000e+01
 0.00000000e+00]","[3.00000000e+00 1.77600000e+03 3.46817387e-01 3.26350325e-01
 7.00000000e+00 0.00000000e+00 1.00000000e+00 0.00000000e+00
 1.00000000e+00 2.00000000e+00 2.80000000e+01 5.00000000e+01
 0.00000000e+00]","[2.00000000e+00 8.80000000e+02 6.79433470e-01 3.41769205e-01
 7.00000000e+00 0.00000000e+00 1.00000000e+00 0.00000000e+00
 0.00000000e+00 1.00000000e+00 1.60000000e+01 6.00000000e+01
 1.00000000e+00]","[4.00000000e+00 5.68000000e+02 5.71686392e-01 1.78269955e-01
 1.10000000e+01 0.00000000e+00 0.00000000e+00 0.00000000e+00
 0.00000000e+00 1.00000000e+00 4.50000000e+01 2.90000000e+01
 0.00000000e+00]","[2.00000000e+00 2.09500000e+03 5.96771094e-01 8.85631154e-01
 7.00000000e+00 1.00000000e+00 0.00000000e+00 0.00000000e+00
 1.00000000e+00 2.00000000e+00 4.60000000e+01 3.30000000e+01
 0.00000000e+00]","[4.00000000e+00 2.53000000e+03 3.27208791e-01 4.62897204e-01
 1.00000000e+01 0.00000000e+00 1.00000000e+00 1.00000000e+00
 0.00000000e+00 1.00000000e+00 4.20000000e+01 3.60000000e+01
 0.00000000e+00]","[3.00000000e+00 1.02400000e+03 2.25228816e-01 4.34791688e-01
 7.00000000e+00 0.00000000e+00 1.00000000e+00 0.00000000e+00
 1.00000000e+00 1.00000000e+00 6.90000000e+01 2.70000000e+01
 0.00000000e+00]","[3.00000000e+00 1.94900000e+03 3.95520486e-01 3.49942259e-01
 7.00000000e+00 0.00000000e+00 1.00000000e+00 0.00000000e+00
 0.00000000e+00 1.00000000e+00 8.40000000e+01 1.50000000e+01
 0.00000000e+00]","[3.00000000e+00 1.39300000e+03 3.01064195e-01 4.05886824e-01
 7.00000000e+00 1.00000000e+00 1.00000000e+00 0.00000000e+00
 1.00000000e+00 1.00000000e+00 6.40000000e+01 3.00000000e+01
 0.00000000e+00]","[4.00000000e+00 1.75800000e+03 3.27236428e-01 7.04518595e-01
 1.00000000e+01 0.00000000e+00 1.00000000e+00 1.00000000e+00
 1.00000000e+00 1.00000000e+00 3.10000000e+01 8.00000000e+00
 0.00000000e+00]","[2.00000000e+00 3.21100000e+03 5.12524239e-01 4.82596603e-01
 1.10000000e+01 0.00000000e+00 1.00000000e+00 0.00000000e+00
 1.00000000e+00 0.00000000e+00 3.40000000e+01 4.90000000e+01
 1.00000000e+00]","[4.00000000e+00 1.02400000e+03 5.41206295e-01 5.79673257e-01
 4.00000000e+00 0.00000000e+00 1.00000000e+00 0.00000000e+00
 0.00000000e+00 1.00000000e+00 4.70000000e+01 2.80000000e+01
 1.00000000e+00]","[4.00000000e+00 1.02400000e+03 5.45637743e-01 5.73590633e-01
 4.00000000e+00 0.00000000e+00 1.00000000e+00 0.00000000e+00
 0.00000000e+00 1.00000000e+00 4.60000000e+01 2.80000000e+01
 1.00000000e+00]","[3.00000000e+00 1.23300000e+03 2.82516355e-01 2.38673065e-01
 8.00000000e+00 1.00000000e+00 0.00000000e+00 0.00000000e+00
 1.00000000e+00 1.00000000e+00 4.90000000e+01 2.90000000e+01
 0.00000000e+00]","[3.00000000e+00 1.02400000e+03 1.60936363e-01 4.54878138e-01
 7.00000000e+00 0.00000000e+00 1.00000000e+00 0.00000000e+00
 1.00000000e+00 0.00000000e+00 7.30000000e+01 2.40000000e+01
 0.00000000e+00]","[4.00000000e+00 1.54200000e+03 3.89678536e-01 7.15979873e-01
 1.00000000e+00 0.00000000e+00 0.00000000e+00 1.00000000e+00
 0.00000000e+00 1.00000000e+00 3.60000000e+01 6.40000000e+01
 0.00000000e+00]","[4.00000000e+00 1.29700000e+03 5.25750076e-01 6.45799616e-01
 7.00000000e+00 0.00000000e+00 1.00000000e+00 1.00000000e+00
 1.00000000e+00 0.00000000e+00 1.30000000e+01 8.00000000e+00
 0.00000000e+00]","[1.00000000e+00 7.77000000e+02 1.21788464e-01 3.55111413e-01
 3.00000000e+00 0.00000000e+00 1.00000000e+00 1.00000000e+00
 1.00000000e+00 1.00000000e+00 2.70000000e+01 3.20000000e+01
 1.00000000e+00]","[4.000e+00 1.024e+03 9.000e-01 9.000e-01 1.200e+01 0.000e+00 1.000e+00
 1.000e+00 0.000e+00 2.000e+00 8.000e+00 6.400e+01 0.000e+00]","[4.00000000e+00 1.42700000e+03 8.54765053e-01 3.60701438e-01
 5.00000000e+00 1.00000000e+00 1.00000000e+00 0.00000000e+00
 1.00000000e+00 1.00000000e+00 2.50000000e+01 1.80000000e+01
 1.00000000e+00]","[4.00000000e+00 3.49000000e+03 1.85316578e-01 7.57619751e-01
 2.00000000e+00 0.00000000e+00 1.00000000e+00 1.00000000e+00
 0.00000000e+00 1.00000000e+00 3.20000000e+01 1.90000000e+01
 0.00000000e+00]","[3.00000000e+00 9.97000000e+02 1.87490177e-01 4.88032115e-01
 9.00000000e+00 0.00000000e+00 0.00000000e+00 0.00000000e+00
 0.00000000e+00 1.00000000e+00 1.70000000e+01 5.40000000e+01
 1.00000000e+00]","[4.00000000e+00 1.02400000e+03 2.41317927e-01 9.00000000e-01
 1.20000000e+01 0.00000000e+00 0.00000000e+00 1.00000000e+00
 1.00000000e+00 0.00000000e+00 3.70000000e+01 8.00000000e+00
 0.00000000e+00]","[4.00000000e+00 3.16400000e+03 4.59321106e-01 1.02741387e-01
 4.00000000e+00 1.00000000e+00 0.00000000e+00 0.00000000e+00
 1.00000000e+00 2.00000000e+00 7.50000000e+01 4.50000000e+01
 1.00000000e+00]","[3.00000000e+00 3.47900000e+03 1.75416092e-01 8.83544298e-01
 5.00000000e+00 1.00000000e+00 0.00000000e+00 0.00000000e+00
 0.00000000e+00 2.00000000e+00 8.60000000e+01 8.00000000e+00
 1.00000000e+00]","[4.00000000e+00 1.02400000e+03 5.18746171e-01 4.22054793e-01
 7.00000000e+00 0.00000000e+00 0.00000000e+00 1.00000000e+00
 0.00000000e+00 1.00000000e+00 4.10000000e+01 1.00000000e+01
 1.00000000e+00]","[3.00000000e+00 2.22400000e+03 5.49699140e-01 6.94153564e-01
 1.20000000e+01 0.00000000e+00 1.00000000e+00 1.00000000e+00
 1.00000000e+00 0.00000000e+00 2.70000000e+01 6.40000000e+01
 0.00000000e+00]","[4.00000000e+00 5.52000000e+02 4.38944324e-01 6.91620653e-01
 5.00000000e+00 0.00000000e+00 1.00000000e+00 0.00000000e+00
 1.00000000e+00 1.00000000e+00 6.60000000e+01 5.40000000e+01
 1.00000000e+00]","[1.00000000e+00 1.45000000e+03 3.13835527e-01 4.95445255e-01
 9.00000000e+00 1.00000000e+00 0.00000000e+00 0.00000000e+00
 0.00000000e+00 1.00000000e+00 3.50000000e+01 5.50000000e+01
 0.00000000e+00]","[3.000e+00 1.024e+03 9.000e-01 9.000e-01 3.000e+00 1.000e+00 1.000e+00
 0.000e+00 0.000e+00 2.000e+00 3.400e+01 8.000e+00 1.000e+00]","[4.00000000e+00 1.42700000e+03 8.54765053e-01 3.60701438e-01
 5.00000000e+00 1.00000000e+00 1.00000000e+00 0.00000000e+00
 1.00000000e+00 1.00000000e+00 2.50000000e+01 1.80000000e+01
 1.00000000e+00]","[3.00000000e+00 1.75100000e+03 5.96269112e-01 9.00000000e-01
 8.00000000e+00 0.00000000e+00 1.00000000e+00 0.00000000e+00
 1.00000000e+00 1.00000000e+00 1.20000000e+01 4.40000000e+01
 0.00000000e+00]","[3.00000000e+00 1.75100000e+03 5.96269112e-01 9.00000000e-01
 8.00000000e+00 0.00000000e+00 1.00000000e+00 0.00000000e+00
 1.00000000e+00 1.00000000e+00 1.20000000e+01 4.40000000e+01
 0.00000000e+00]","[4.00000000e+00 1.02400000e+03 5.53805933e-01 6.75739729e-01
 3.00000000e+00 0.00000000e+00 1.00000000e+00 0.00000000e+00
 0.00000000e+00 1.00000000e+00 4.60000000e+01 1.60000000e+01
 1.00000000e+00]","[2.00000000e+00 1.02400000e+03 5.37051666e-01 4.58630596e-01
 7.00000000e+00 0.00000000e+00 0.00000000e+00 0.00000000e+00
 1.00000000e+00 1.00000000e+00 8.00000000e+00 8.00000000e+00
 1.00000000e+00]","[4.00000000e+00 1.09900000e+03 6.64634552e-01 7.04753297e-01
 9.00000000e+00 1.00000000e+00 1.00000000e+00 1.00000000e+00
 0.00000000e+00 0.00000000e+00 1.00000000e+01 8.00000000e+00
 0.00000000e+00]","[3.00000000e+00 1.35500000e+03 6.11690338e-01 6.81983303e-01
 1.00000000e+01 1.00000000e+00 0.00000000e+00 0.00000000e+00
 0.00000000e+00 2.00000000e+00 3.60000000e+01 3.40000000e+01
 0.00000000e+00]","[4.00000000e+00 2.53000000e+03 3.27208791e-01 4.62897204e-01
 1.00000000e+01 0.00000000e+00 1.00000000e+00 1.00000000e+00
 0.00000000e+00 1.00000000e+00 4.20000000e+01 3.60000000e+01
 0.00000000e+00]","[2.00000000e+00 1.02400000e+03 1.99048374e-01 7.74893524e-01
 1.20000000e+01 0.00000000e+00 0.00000000e+00 0.00000000e+00
 1.00000000e+00 0.00000000e+00 8.00000000e+00 2.50000000e+01
 1.00000000e+00]","[4.00000000e+00 5.52000000e+02 4.38944324e-01 6.91620653e-01
 5.00000000e+00 0.00000000e+00 1.00000000e+00 0.00000000e+00
 1.00000000e+00 1.00000000e+00 6.60000000e+01 5.40000000e+01
 1.00000000e+00]","[1.00000000e+00 9.43000000e+02 1.66102114e-01 8.61669179e-01
 1.20000000e+01 0.00000000e+00 1.00000000e+00 1.00000000e+00
 1.00000000e+00 0.00000000e+00 4.90000000e+01 9.00000000e+00
 1.00000000e+00]","[4.00000000e+00 1.95300000e+03 3.98942780e-01 5.95192879e-01
 6.00000000e+00 1.00000000e+00 1.00000000e+00 1.00000000e+00
 0.00000000e+00 2.00000000e+00 1.90000000e+01 3.90000000e+01
 1.00000000e+00]","[3.00000000e+00 1.02400000e+03 2.25228816e-01 4.34791688e-01
 7.00000000e+00 0.00000000e+00 1.00000000e+00 0.00000000e+00
 1.00000000e+00 1.00000000e+00 6.90000000e+01 2.70000000e+01
 0.00000000e+00]","[3.00000000e+00 1.55700000e+03 4.59267624e-01 4.79476970e-01
 8.00000000e+00 0.00000000e+00 1.00000000e+00 0.00000000e+00
 1.00000000e+00 2.00000000e+00 1.00000000e+01 3.40000000e+01
 1.00000000e+00]","[3.00000000e+00 1.02400000e+03 1.00000000e-01 5.31973535e-01
 8.00000000e+00 0.00000000e+00 1.00000000e+00 0.00000000e+00
 1.00000000e+00 0.00000000e+00 8.60000000e+01 1.40000000e+01
 0.00000000e+00]","[3.00000000e+00 2.67100000e+03 4.11423725e-01 2.21088070e-01
 7.00000000e+00 1.00000000e+00 1.00000000e+00 1.00000000e+00
 0.00000000e+00 0.00000000e+00 4.10000000e+01 2.50000000e+01
 1.00000000e+00]","[4.00000000e+00 1.95300000e+03 3.98942780e-01 5.95192879e-01
 6.00000000e+00 1.00000000e+00 1.00000000e+00 1.00000000e+00
 0.00000000e+00 2.00000000e+00 1.90000000e+01 3.90000000e+01
 1.00000000e+00]","[3.00000000e+00 2.04600000e+03 6.14000893e-01 8.06687536e-01
 9.00000000e+00 0.00000000e+00 1.00000000e+00 1.00000000e+00
 1.00000000e+00 2.00000000e+00 3.90000000e+01 1.00000000e+01
 0.00000000e+00]","[4.00000000e+00 1.17200000e+03 3.11758798e-01 5.99509325e-01
 2.00000000e+00 0.00000000e+00 1.00000000e+00 1.00000000e+00
 1.00000000e+00 0.00000000e+00 5.80000000e+01 8.00000000e+00
 0.00000000e+00]","[3.00000000e+00 1.57300000e+03 3.38997559e-01 3.92657970e-01
 7.00000000e+00 1.00000000e+00 1.00000000e+00 1.00000000e+00
 1.00000000e+00 1.00000000e+00 6.20000000e+01 3.20000000e+01
 0.00000000e+00]","[3.00000000e+00 1.60600000e+03 2.83248329e-01 8.70985097e-01
 1.10000000e+01 0.00000000e+00 1.00000000e+00 1.00000000e+00
 1.00000000e+00 1.00000000e+00 3.50000000e+01 3.90000000e+01
 0.00000000e+00]","[3.00000000e+00 1.55700000e+03 4.59267624e-01 4.79476970e-01
 8.00000000e+00 0.00000000e+00 1.00000000e+00 0.00000000e+00
 1.00000000e+00 2.00000000e+00 1.00000000e+01 3.40000000e+01
 1.00000000e+00]","[4.00000000e+00 1.21800000e+03 4.01780260e-01 7.27268949e-01
 1.00000000e+01 1.00000000e+00 0.00000000e+00 0.00000000e+00
 1.00000000e+00 0.00000000e+00 6.70000000e+01 3.50000000e+01
 1.00000000e+00]","[3.00000000e+00 1.59900000e+03 3.43623857e-01 4.89891058e-01
 4.00000000e+00 0.00000000e+00 0.00000000e+00 1.00000000e+00
 0.00000000e+00 1.00000000e+00 8.00000000e+00 4.30000000e+01
 0.00000000e+00]","[4.00000000e+00 5.52000000e+02 4.38944324e-01 6.91620653e-01
 5.00000000e+00 0.00000000e+00 1.00000000e+00 0.00000000e+00
 1.00000000e+00 1.00000000e+00 6.60000000e+01 5.40000000e+01
 1.00000000e+00]","[4.00000000e+00 1.09400000e+03 4.51975436e-01 9.00000000e-01
 8.00000000e+00 1.00000000e+00 1.00000000e+00 1.00000000e+00
 1.00000000e+00 0.00000000e+00 4.20000000e+01 8.00000000e+00
 0.00000000e+00]","[4.00000000e+00 1.02400000e+03 9.00000000e-01 7.54815513e-01
 1.00000000e+00 1.00000000e+00 1.00000000e+00 1.00000000e+00
 1.00000000e+00 1.00000000e+00 9.60000000e+01 8.00000000e+00
 1.00000000e+00]","[3.00000000e+00 1.24900000e+03 7.62611021e-01 6.72688108e-01
 5.00000000e+00 0.00000000e+00 1.00000000e+00 1.00000000e+00
 1.00000000e+00 2.00000000e+00 6.40000000e+01 5.10000000e+01
 0.00000000e+00]","[4.00000000e+00 1.04200000e+03 2.03033054e-01 8.16365028e-01
 1.20000000e+01 1.00000000e+00 1.00000000e+00 1.00000000e+00
 1.00000000e+00 2.00000000e+00 3.80000000e+01 5.20000000e+01
 1.00000000e+00]","[4.00000000e+00 1.62200000e+03 6.98107914e-01 7.45752396e-01
 1.10000000e+01 0.00000000e+00 1.00000000e+00 1.00000000e+00
 0.00000000e+00 0.00000000e+00 1.50000000e+01 8.00000000e+00
 0.00000000e+00]","[3.00000000e+00 1.02400000e+03 2.86977287e-01 1.30511131e-01
 8.00000000e+00 1.00000000e+00 1.00000000e+00 0.00000000e+00
 0.00000000e+00 2.00000000e+00 3.80000000e+01 2.90000000e+01
 0.00000000e+00]","[4.00000000e+00 1.42700000e+03 8.54765053e-01 3.60701438e-01
 5.00000000e+00 1.00000000e+00 1.00000000e+00 0.00000000e+00
 1.00000000e+00 1.00000000e+00 2.50000000e+01 1.80000000e+01
 1.00000000e+00]","[4.00000000e+00 1.21800000e+03 4.01780260e-01 7.27268949e-01
 1.00000000e+01 1.00000000e+00 0.00000000e+00 0.00000000e+00
 1.00000000e+00 0.00000000e+00 6.70000000e+01 3.50000000e+01
 1.00000000e+00]","[3.00000000e+00 1.31300000e+03 5.91874076e-01 1.98139515e-01
 8.00000000e+00 1.00000000e+00 1.00000000e+00 0.00000000e+00
 0.00000000e+00 0.00000000e+00 9.30000000e+01 3.10000000e+01
 1.00000000e+00]","[4.00000000e+00 9.20000000e+02 7.63764533e-01 8.29644591e-01
 7.00000000e+00 0.00000000e+00 1.00000000e+00 1.00000000e+00
 1.00000000e+00 2.00000000e+00 5.20000000e+01 4.10000000e+01
 1.00000000e+00]","[4.00000000e+00 1.02400000e+03 3.78872494e-01 5.90069564e-01
 4.00000000e+00 1.00000000e+00 0.00000000e+00 0.00000000e+00
 0.00000000e+00 1.00000000e+00 1.50000000e+01 5.40000000e+01
 1.00000000e+00]","[4.00000000e+00 1.30700000e+03 4.23677332e-01 7.56984183e-01
 6.00000000e+00 0.00000000e+00 1.00000000e+00 1.00000000e+00
 1.00000000e+00 0.00000000e+00 1.40000000e+01 8.00000000e+00
 0.00000000e+00]","[3.00000000e+00 1.59900000e+03 3.43623857e-01 4.89891058e-01
 4.00000000e+00 0.00000000e+00 0.00000000e+00 1.00000000e+00
 0.00000000e+00 1.00000000e+00 8.00000000e+00 4.30000000e+01
 0.00000000e+00]","[3.00000000e+00 1.55700000e+03 4.59267624e-01 4.79476970e-01
 8.00000000e+00 0.00000000e+00 1.00000000e+00 0.00000000e+00
 1.00000000e+00 2.00000000e+00 1.00000000e+01 3.40000000e+01
 1.00000000e+00]","[4.00000000e+00 1.18500000e+03 4.91023464e-01 5.30088871e-01
 8.00000000e+00 0.00000000e+00 0.00000000e+00 1.00000000e+00
 1.00000000e+00 1.00000000e+00 2.00000000e+00 4.00000000e+01
 1.00000000e+00]","[4.00000000e+00 1.21800000e+03 4.01780260e-01 7.27268949e-01
 1.00000000e+01 1.00000000e+00 0.00000000e+00 0.00000000e+00
 1.00000000e+00 0.00000000e+00 6.70000000e+01 3.50000000e+01
 1.00000000e+00]","[3.00000000e+00 1.11100000e+03 3.71704686e-01 2.72486700e-01
 8.00000000e+00 1.00000000e+00 1.00000000e+00 0.00000000e+00
 1.00000000e+00 1.00000000e+00 4.80000000e+01 3.60000000e+01
 0.00000000e+00]","[4.00000000e+00 1.42700000e+03 8.54765053e-01 3.60701438e-01
 5.00000000e+00 1.00000000e+00 1.00000000e+00 0.00000000e+00
 1.00000000e+00 1.00000000e+00 2.50000000e+01 1.80000000e+01
 1.00000000e+00]","[3.00000000e+00 1.55700000e+03 4.59267624e-01 4.79476970e-01
 8.00000000e+00 0.00000000e+00 1.00000000e+00 0.00000000e+00
 1.00000000e+00 2.00000000e+00 1.00000000e+01 3.40000000e+01
 1.00000000e+00]","[3.00000000e+00 3.09400000e+03 5.67942273e-01 6.39070262e-01
 1.10000000e+01 0.00000000e+00 1.00000000e+00 1.00000000e+00
 1.00000000e+00 2.00000000e+00 5.10000000e+01 2.40000000e+01
 1.00000000e+00]","[4.000e+00 1.024e+03 9.000e-01 9.000e-01 1.200e+01 0.000e+00 1.000e+00
 1.000e+00 0.000e+00 2.000e+00 8.000e+00 6.400e+01 0.000e+00]","[4.00000000e+00 7.57000000e+02 4.08265537e-01 2.49978070e-01
 1.00000000e+00 0.00000000e+00 1.00000000e+00 1.00000000e+00
 0.00000000e+00 2.00000000e+00 3.50000000e+01 3.20000000e+01
 0.00000000e+00]","[3.00000000e+00 1.24900000e+03 7.62611021e-01 6.72688108e-01
 5.00000000e+00 0.00000000e+00 1.00000000e+00 1.00000000e+00
 1.00000000e+00 2.00000000e+00 6.40000000e+01 5.10000000e+01
 0.00000000e+00]","[3.00000000e+00 1.24900000e+03 7.62611021e-01 6.72688108e-01
 5.00000000e+00 0.00000000e+00 1.00000000e+00 1.00000000e+00
 1.00000000e+00 2.00000000e+00 6.40000000e+01 5.10000000e+01
 0.00000000e+00]","[4.00000000e+00 1.19300000e+03 3.04884280e-01 6.83531465e-01
 3.00000000e+00 0.00000000e+00 1.00000000e+00 0.00000000e+00
 0.00000000e+00 2.00000000e+00 5.30000000e+01 4.10000000e+01
 0.00000000e+00]","[4.00000000e+00 7.03000000e+02 3.15003716e-01 8.06395056e-01
 3.00000000e+00 0.00000000e+00 1.00000000e+00 1.00000000e+00
 0.00000000e+00 2.00000000e+00 1.00000000e+01 8.00000000e+00
 1.00000000e+00]","[4.00000000e+00 1.19300000e+03 3.04884280e-01 6.83531465e-01
 3.00000000e+00 0.00000000e+00 1.00000000e+00 0.00000000e+00
 0.00000000e+00 2.00000000e+00 5.30000000e+01 4.10000000e+01
 0.00000000e+00]","[2.00000000e+00 1.02400000e+03 1.99048374e-01 7.74893524e-01
 1.20000000e+01 0.00000000e+00 0.00000000e+00 0.00000000e+00
 1.00000000e+00 0.00000000e+00 8.00000000e+00 2.50000000e+01
 1.00000000e+00]","[2.00000000e+00 8.76000000e+02 4.65768027e-01 5.48916698e-01
 5.00000000e+00 0.00000000e+00 1.00000000e+00 1.00000000e+00
 0.00000000e+00 2.00000000e+00 1.00000000e+01 6.10000000e+01
 1.00000000e+00]","[4.00000000e+00 1.80600000e+03 6.62673360e-01 6.79469196e-01
 1.10000000e+01 0.00000000e+00 1.00000000e+00 0.00000000e+00
 0.00000000e+00 1.00000000e+00 1.10000000e+01 3.10000000e+01
 0.00000000e+00]","[4.00000000e+00 1.30300000e+03 5.34365386e-01 5.94579702e-01
 6.00000000e+00 1.00000000e+00 0.00000000e+00 1.00000000e+00
 0.00000000e+00 1.00000000e+00 6.10000000e+01 6.10000000e+01
 0.00000000e+00]","[4.00000000e+00 1.95300000e+03 3.98942780e-01 5.95192879e-01
 6.00000000e+00 1.00000000e+00 1.00000000e+00 1.00000000e+00
 0.00000000e+00 2.00000000e+00 1.90000000e+01 3.90000000e+01
 1.00000000e+00]","[3.00000000e+00 1.02400000e+03 1.60936363e-01 4.54878138e-01
 7.00000000e+00 0.00000000e+00 1.00000000e+00 0.00000000e+00
 1.00000000e+00 0.00000000e+00 7.30000000e+01 2.40000000e+01
 0.00000000e+00]","[2.00000000e+00 1.41500000e+03 3.92537445e-01 5.98622534e-01
 6.00000000e+00 0.00000000e+00 0.00000000e+00 0.00000000e+00
 1.00000000e+00 1.00000000e+00 1.40000000e+01 4.40000000e+01
 0.00000000e+00]","[4.00000000e+00 3.49000000e+03 1.85316578e-01 7.57619751e-01
 2.00000000e+00 0.00000000e+00 1.00000000e+00 1.00000000e+00
 0.00000000e+00 1.00000000e+00 3.20000000e+01 1.90000000e+01
 0.00000000e+00]","[4.00000000e+00 1.19300000e+03 3.04884280e-01 6.83531465e-01
 3.00000000e+00 0.00000000e+00 1.00000000e+00 0.00000000e+00
 0.00000000e+00 2.00000000e+00 5.30000000e+01 4.10000000e+01
 0.00000000e+00]","[4.00000000e+00 1.02400000e+03 3.78872494e-01 5.90069564e-01
 4.00000000e+00 1.00000000e+00 0.00000000e+00 0.00000000e+00
 0.00000000e+00 1.00000000e+00 1.50000000e+01 5.40000000e+01
 1.00000000e+00]","[4.00000000e+00 3.49000000e+03 1.85316578e-01 7.57619751e-01
 2.00000000e+00 0.00000000e+00 1.00000000e+00 1.00000000e+00
 0.00000000e+00 1.00000000e+00 3.20000000e+01 1.90000000e+01
 0.00000000e+00]","[3.00000000e+00 1.02400000e+03 3.07811165e-01 5.60453940e-01
 5.00000000e+00 0.00000000e+00 0.00000000e+00 0.00000000e+00
 0.00000000e+00 2.00000000e+00 1.50000000e+01 3.50000000e+01
 0.00000000e+00]","[3.00000000e+00 1.81200000e+03 6.76816990e-01 4.11282003e-01
 1.20000000e+01 0.00000000e+00 1.00000000e+00 1.00000000e+00
 1.00000000e+00 1.00000000e+00 4.00000000e+01 5.20000000e+01
 1.00000000e+00]","[4.00000000e+00 1.02400000e+03 5.45637743e-01 5.73590633e-01
 4.00000000e+00 0.00000000e+00 1.00000000e+00 0.00000000e+00
 0.00000000e+00 1.00000000e+00 4.60000000e+01 2.80000000e+01
 1.00000000e+00]","[3.00000000e+00 1.60600000e+03 2.83248329e-01 8.70985097e-01
 1.10000000e+01 0.00000000e+00 1.00000000e+00 1.00000000e+00
 1.00000000e+00 1.00000000e+00 3.50000000e+01 3.90000000e+01
 0.00000000e+00]","[4.00000000e+00 7.03000000e+02 3.15003716e-01 8.06395056e-01
 3.00000000e+00 0.00000000e+00 1.00000000e+00 1.00000000e+00
 0.00000000e+00 2.00000000e+00 1.00000000e+01 8.00000000e+00
 1.00000000e+00]","[4.00000000e+00 1.11800000e+03 5.52141480e-01 6.22282965e-01
 1.00000000e+01 0.00000000e+00 1.00000000e+00 1.00000000e+00
 1.00000000e+00 1.00000000e+00 8.00000000e+00 1.60000000e+01
 0.00000000e+00]","[4.00000000e+00 1.19300000e+03 3.04884280e-01 6.83531465e-01
 3.00000000e+00 0.00000000e+00 1.00000000e+00 0.00000000e+00
 0.00000000e+00 2.00000000e+00 5.30000000e+01 4.10000000e+01
 0.00000000e+00]","[3.00000000e+00 3.33100000e+03 6.57963254e-01 6.45596699e-01
 1.00000000e+00 1.00000000e+00 1.00000000e+00 1.00000000e+00
 0.00000000e+00 1.00000000e+00 1.00000000e+01 3.90000000e+01
 0.00000000e+00]","[3.00000000e+00 1.55700000e+03 4.59267624e-01 4.79476970e-01
 8.00000000e+00 0.00000000e+00 1.00000000e+00 0.00000000e+00
 1.00000000e+00 2.00000000e+00 1.00000000e+01 3.40000000e+01
 1.00000000e+00]","[3.00000000e+00 1.55700000e+03 4.59267624e-01 4.79476970e-01
 8.00000000e+00 0.00000000e+00 1.00000000e+00 0.00000000e+00
 1.00000000e+00 2.00000000e+00 1.00000000e+01 3.40000000e+01
 1.00000000e+00]","[  4.         628.           0.64472784   0.79994804   3.
   0.           0.           0.           1.           2.
  58.          31.           0.        ]","[4.00000000e+00 1.80600000e+03 6.62673360e-01 6.79469196e-01
 1.10000000e+01 0.00000000e+00 1.00000000e+00 0.00000000e+00
 0.00000000e+00 1.00000000e+00 1.10000000e+01 3.10000000e+01
 0.00000000e+00]","[4.00000000e+00 1.80600000e+03 6.62673360e-01 6.79469196e-01
 1.10000000e+01 0.00000000e+00 1.00000000e+00 0.00000000e+00
 0.00000000e+00 1.00000000e+00 1.10000000e+01 3.10000000e+01
 0.00000000e+00]","[4.00000000e+00 1.19300000e+03 3.04884280e-01 6.83531465e-01
 3.00000000e+00 0.00000000e+00 1.00000000e+00 0.00000000e+00
 0.00000000e+00 2.00000000e+00 5.30000000e+01 4.10000000e+01
 0.00000000e+00]","[  4.         628.           0.64472784   0.79994804   3.
   0.           0.           0.           1.           2.
  58.          31.           0.        ]","[4.00000000e+00 1.80600000e+03 6.62673360e-01 6.79469196e-01
 1.10000000e+01 0.00000000e+00 1.00000000e+00 0.00000000e+00
 0.00000000e+00 1.00000000e+00 1.10000000e+01 3.10000000e+01
 0.00000000e+00]","[2.00000000e+00 2.51700000e+03 2.50271858e-01 6.26641892e-01
 6.00000000e+00 1.00000000e+00 0.00000000e+00 1.00000000e+00
 0.00000000e+00 0.00000000e+00 9.60000000e+01 3.00000000e+01
 1.00000000e+00]","[3.00000000e+00 3.09400000e+03 5.67942273e-01 6.39070262e-01
 1.10000000e+01 0.00000000e+00 1.00000000e+00 1.00000000e+00
 1.00000000e+00 2.00000000e+00 5.10000000e+01 2.40000000e+01
 1.00000000e+00]","[3.00000000e+00 2.12400000e+03 4.56107136e-01 6.81051699e-01
 5.00000000e+00 0.00000000e+00 1.00000000e+00 1.00000000e+00
 1.00000000e+00 0.00000000e+00 6.90000000e+01 3.70000000e+01
 0.00000000e+00]","[4.00000000e+00 7.03000000e+02 3.15003716e-01 8.06395056e-01
 3.00000000e+00 0.00000000e+00 1.00000000e+00 1.00000000e+00
 0.00000000e+00 2.00000000e+00 1.00000000e+01 8.00000000e+00
 1.00000000e+00]","[3.00000e+00 1.16700e+03 5.76233e-01 9.00000e-01 7.00000e+00 0.00000e+00
 1.00000e+00 0.00000e+00 1.00000e+00 1.00000e+00 8.00000e+00 2.00000e+01
 0.00000e+00]","[4.00000000e+00 1.80600000e+03 6.62673360e-01 6.79469196e-01
 1.10000000e+01 0.00000000e+00 1.00000000e+00 0.00000000e+00
 0.00000000e+00 1.00000000e+00 1.10000000e+01 3.10000000e+01
 0.00000000e+00]","[  4.         628.           0.64472784   0.79994804   3.
   0.           0.           0.           1.           2.
  58.          31.           0.        ]","[2.00000000e+00 1.41500000e+03 3.92537445e-01 5.98622534e-01
 6.00000000e+00 0.00000000e+00 0.00000000e+00 0.00000000e+00
 1.00000000e+00 1.00000000e+00 1.40000000e+01 4.40000000e+01
 0.00000000e+00]","[3.00000000e+00 1.69500000e+03 6.83604581e-01 5.73465685e-01
 4.00000000e+00 0.00000000e+00 1.00000000e+00 1.00000000e+00
 0.00000000e+00 2.00000000e+00 1.20000000e+01 1.20000000e+01
 0.00000000e+00]","[4.00000000e+00 1.42700000e+03 8.54765053e-01 3.60701438e-01
 5.00000000e+00 1.00000000e+00 1.00000000e+00 0.00000000e+00
 1.00000000e+00 1.00000000e+00 2.50000000e+01 1.80000000e+01
 1.00000000e+00]","[4.00000000e+00 1.80600000e+03 6.62673360e-01 6.79469196e-01
 1.10000000e+01 0.00000000e+00 1.00000000e+00 0.00000000e+00
 0.00000000e+00 1.00000000e+00 1.10000000e+01 3.10000000e+01
 0.00000000e+00]","[4.00000000e+00 1.19300000e+03 3.04884280e-01 6.83531465e-01
 3.00000000e+00 0.00000000e+00 1.00000000e+00 0.00000000e+00
 0.00000000e+00 2.00000000e+00 5.30000000e+01 4.10000000e+01
 0.00000000e+00]","[4.00000000e+00 1.19300000e+03 3.04884280e-01 6.83531465e-01
 3.00000000e+00 0.00000000e+00 1.00000000e+00 0.00000000e+00
 0.00000000e+00 2.00000000e+00 5.30000000e+01 4.10000000e+01
 0.00000000e+00]","[4.00000000e+00 1.02400000e+03 9.00000000e-01 8.76663518e-01
 1.20000000e+01 0.00000000e+00 1.00000000e+00 1.00000000e+00
 0.00000000e+00 1.00000000e+00 8.00000000e+00 6.00000000e+01
 0.00000000e+00]","[4.00000000e+00 1.80600000e+03 6.62673360e-01 6.79469196e-01
 1.10000000e+01 0.00000000e+00 1.00000000e+00 0.00000000e+00
 0.00000000e+00 1.00000000e+00 1.10000000e+01 3.10000000e+01
 0.00000000e+00]","[3.00000000e+00 7.38000000e+02 1.88107540e-01 4.98573546e-01
 4.00000000e+00 0.00000000e+00 1.00000000e+00 1.00000000e+00
 0.00000000e+00 0.00000000e+00 3.60000000e+01 6.20000000e+01
 0.00000000e+00]","[3.00000000e+00 3.58200000e+03 5.06153269e-01 7.07264713e-01
 8.00000000e+00 0.00000000e+00 1.00000000e+00 0.00000000e+00
 0.00000000e+00 2.00000000e+00 1.50000000e+01 5.40000000e+01
 0.00000000e+00]","[4.00000000e+00 1.80600000e+03 6.62673360e-01 6.79469196e-01
 1.10000000e+01 0.00000000e+00 1.00000000e+00 0.00000000e+00
 0.00000000e+00 1.00000000e+00 1.10000000e+01 3.10000000e+01
 0.00000000e+00]","[4.00000000e+00 1.02400000e+03 5.53805933e-01 6.75739729e-01
 3.00000000e+00 0.00000000e+00 1.00000000e+00 0.00000000e+00
 0.00000000e+00 1.00000000e+00 4.60000000e+01 1.60000000e+01
 1.00000000e+00]","[4.00000000e+00 1.19300000e+03 3.04884280e-01 6.83531465e-01
 3.00000000e+00 0.00000000e+00 1.00000000e+00 0.00000000e+00
 0.00000000e+00 2.00000000e+00 5.30000000e+01 4.10000000e+01
 0.00000000e+00]","[4.00000000e+00 1.80600000e+03 6.62673360e-01 6.79469196e-01
 1.10000000e+01 0.00000000e+00 1.00000000e+00 0.00000000e+00
 0.00000000e+00 1.00000000e+00 1.10000000e+01 3.10000000e+01
 0.00000000e+00]","[4.00000000e+00 1.31400000e+03 9.00000000e-01 2.18172259e-01
 7.00000000e+00 0.00000000e+00 1.00000000e+00 0.00000000e+00
 0.00000000e+00 2.00000000e+00 9.00000000e+00 9.00000000e+00
 0.00000000e+00]","[4.00000000e+00 1.04200000e+03 2.03033054e-01 8.16365028e-01
 1.20000000e+01 1.00000000e+00 1.00000000e+00 1.00000000e+00
 1.00000000e+00 2.00000000e+00 3.80000000e+01 5.20000000e+01
 1.00000000e+00]","[3.00000000e+00 2.94600000e+03 7.55540713e-01 6.55370841e-01
 6.00000000e+00 0.00000000e+00 1.00000000e+00 0.00000000e+00
 0.00000000e+00 1.00000000e+00 2.80000000e+01 1.40000000e+01
 0.00000000e+00]","[4.00000000e+00 1.19300000e+03 3.04884280e-01 6.83531465e-01
 3.00000000e+00 0.00000000e+00 1.00000000e+00 0.00000000e+00
 0.00000000e+00 2.00000000e+00 5.30000000e+01 4.10000000e+01
 0.00000000e+00]","[4.00000000e+00 1.19300000e+03 3.04884280e-01 6.83531465e-01
 3.00000000e+00 0.00000000e+00 1.00000000e+00 0.00000000e+00
 0.00000000e+00 2.00000000e+00 5.30000000e+01 4.10000000e+01
 0.00000000e+00]","[3.00000000e+00 3.58200000e+03 5.06153269e-01 7.07264713e-01
 8.00000000e+00 0.00000000e+00 1.00000000e+00 0.00000000e+00
 0.00000000e+00 2.00000000e+00 1.50000000e+01 5.40000000e+01
 0.00000000e+00]","[4.00000000e+00 1.19300000e+03 3.04884280e-01 6.83531465e-01
 3.00000000e+00 0.00000000e+00 1.00000000e+00 0.00000000e+00
 0.00000000e+00 2.00000000e+00 5.30000000e+01 4.10000000e+01
 0.00000000e+00]","[3.00000000e+00 2.94600000e+03 7.55540713e-01 6.55370841e-01
 6.00000000e+00 0.00000000e+00 1.00000000e+00 0.00000000e+00
 0.00000000e+00 1.00000000e+00 2.80000000e+01 1.40000000e+01
 0.00000000e+00]","[4.00000000e+00 1.09400000e+03 4.51975436e-01 9.00000000e-01
 8.00000000e+00 1.00000000e+00 1.00000000e+00 1.00000000e+00
 1.00000000e+00 0.00000000e+00 4.20000000e+01 8.00000000e+00
 0.00000000e+00]","[4.00000000e+00 2.10200000e+03 5.50045417e-01 1.54554112e-01
 1.00000000e+00 0.00000000e+00 0.00000000e+00 0.00000000e+00
 0.00000000e+00 0.00000000e+00 3.50000000e+01 2.50000000e+01
 0.00000000e+00]","[4.00000000e+00 1.19300000e+03 3.04884280e-01 6.83531465e-01
 3.00000000e+00 0.00000000e+00 1.00000000e+00 0.00000000e+00
 0.00000000e+00 2.00000000e+00 5.30000000e+01 4.10000000e+01
 0.00000000e+00]","[4.00000000e+00 1.80600000e+03 6.62673360e-01 6.79469196e-01
 1.10000000e+01 0.00000000e+00 1.00000000e+00 0.00000000e+00
 0.00000000e+00 1.00000000e+00 1.10000000e+01 3.10000000e+01
 0.00000000e+00]","[4.00000000e+00 1.19300000e+03 3.04884280e-01 6.83531465e-01
 3.00000000e+00 0.00000000e+00 1.00000000e+00 0.00000000e+00
 0.00000000e+00 2.00000000e+00 5.30000000e+01 4.10000000e+01
 0.00000000e+00]","[3.00000000e+00 2.94600000e+03 7.55540713e-01 6.55370841e-01
 6.00000000e+00 0.00000000e+00 1.00000000e+00 0.00000000e+00
 0.00000000e+00 1.00000000e+00 2.80000000e+01 1.40000000e+01
 0.00000000e+00]","[4.00000000e+00 2.81700000e+03 7.61977580e-01 1.46984389e-01
 1.10000000e+01 0.00000000e+00 1.00000000e+00 0.00000000e+00
 0.00000000e+00 1.00000000e+00 4.60000000e+01 3.60000000e+01
 0.00000000e+00]","[4.000e+00 1.024e+03 9.000e-01 1.000e-01 4.000e+00 0.000e+00 1.000e+00
 0.000e+00 0.000e+00 2.000e+00 8.000e+00 1.000e+01 0.000e+00]","[4.00000000e+00 1.19300000e+03 3.04884280e-01 6.83531465e-01
 3.00000000e+00 0.00000000e+00 1.00000000e+00 0.00000000e+00
 0.00000000e+00 2.00000000e+00 5.30000000e+01 4.10000000e+01
 0.00000000e+00]","[3.00000000e+00 2.94600000e+03 7.55540713e-01 6.55370841e-01
 6.00000000e+00 0.00000000e+00 1.00000000e+00 0.00000000e+00
 0.00000000e+00 1.00000000e+00 2.80000000e+01 1.40000000e+01
 0.00000000e+00]","[3.00000000e+00 1.55700000e+03 4.59267624e-01 4.79476970e-01
 8.00000000e+00 0.00000000e+00 1.00000000e+00 0.00000000e+00
 1.00000000e+00 2.00000000e+00 1.00000000e+01 3.40000000e+01
 1.00000000e+00]","[4.00000000e+00 2.10200000e+03 5.50045417e-01 1.54554112e-01
 1.00000000e+00 0.00000000e+00 0.00000000e+00 0.00000000e+00
 0.00000000e+00 0.00000000e+00 3.50000000e+01 2.50000000e+01
 0.00000000e+00]","[3.00000000e+00 2.94600000e+03 7.55540713e-01 6.55370841e-01
 6.00000000e+00 0.00000000e+00 1.00000000e+00 0.00000000e+00
 0.00000000e+00 1.00000000e+00 2.80000000e+01 1.40000000e+01
 0.00000000e+00]","[4.00000000e+00 1.19300000e+03 3.04884280e-01 6.83531465e-01
 3.00000000e+00 0.00000000e+00 1.00000000e+00 0.00000000e+00
 0.00000000e+00 2.00000000e+00 5.30000000e+01 4.10000000e+01
 0.00000000e+00]","[4.00000000e+00 1.19300000e+03 3.04884280e-01 6.83531465e-01
 3.00000000e+00 0.00000000e+00 1.00000000e+00 0.00000000e+00
 0.00000000e+00 2.00000000e+00 5.30000000e+01 4.10000000e+01
 0.00000000e+00]","[4.00000000e+00 1.19300000e+03 3.04884280e-01 6.83531465e-01
 3.00000000e+00 0.00000000e+00 1.00000000e+00 0.00000000e+00
 0.00000000e+00 2.00000000e+00 5.30000000e+01 4.10000000e+01
 0.00000000e+00]","[4.00000000e+00 2.81700000e+03 7.61977580e-01 1.46984389e-01
 1.10000000e+01 0.00000000e+00 1.00000000e+00 0.00000000e+00
 0.00000000e+00 1.00000000e+00 4.60000000e+01 3.60000000e+01
 0.00000000e+00]","[4.00000000e+00 2.81700000e+03 7.61977580e-01 1.46984389e-01
 1.10000000e+01 0.00000000e+00 1.00000000e+00 0.00000000e+00
 0.00000000e+00 1.00000000e+00 4.60000000e+01 3.60000000e+01
 0.00000000e+00]","[  4.         628.           0.64472784   0.79994804   3.
   0.           0.           0.           1.           2.
  58.          31.           0.        ]","[4.00000000e+00 1.19300000e+03 3.04884280e-01 6.83531465e-01
 3.00000000e+00 0.00000000e+00 1.00000000e+00 0.00000000e+00
 0.00000000e+00 2.00000000e+00 5.30000000e+01 4.10000000e+01
 0.00000000e+00]","[4.00000000e+00 1.80600000e+03 6.62673360e-01 6.79469196e-01
 1.10000000e+01 0.00000000e+00 1.00000000e+00 0.00000000e+00
 0.00000000e+00 1.00000000e+00 1.10000000e+01 3.10000000e+01
 0.00000000e+00]","[4.00000000e+00 1.80600000e+03 6.62673360e-01 6.79469196e-01
 1.10000000e+01 0.00000000e+00 1.00000000e+00 0.00000000e+00
 0.00000000e+00 1.00000000e+00 1.10000000e+01 3.10000000e+01
 0.00000000e+00]","[4.00000000e+00 1.19300000e+03 3.04884280e-01 6.83531465e-01
 3.00000000e+00 0.00000000e+00 1.00000000e+00 0.00000000e+00
 0.00000000e+00 2.00000000e+00 5.30000000e+01 4.10000000e+01
 0.00000000e+00]","[3.00000000e+00 1.55700000e+03 4.59267624e-01 4.79476970e-01
 8.00000000e+00 0.00000000e+00 1.00000000e+00 0.00000000e+00
 1.00000000e+00 2.00000000e+00 1.00000000e+01 3.40000000e+01
 1.00000000e+00]","[3.00000000e+00 1.02400000e+03 2.10411652e-01 4.38973468e-01
 7.00000000e+00 0.00000000e+00 1.00000000e+00 0.00000000e+00
 1.00000000e+00 1.00000000e+00 7.00000000e+01 2.60000000e+01
 0.00000000e+00]","[3.00000000e+00 2.48700000e+03 3.60431473e-01 4.52954536e-01
 5.00000000e+00 0.00000000e+00 0.00000000e+00 0.00000000e+00
 0.00000000e+00 2.00000000e+00 6.00000000e+01 5.30000000e+01
 0.00000000e+00]","[4.00000000e+00 1.19300000e+03 3.04884280e-01 6.83531465e-01
 3.00000000e+00 0.00000000e+00 1.00000000e+00 0.00000000e+00
 0.00000000e+00 2.00000000e+00 5.30000000e+01 4.10000000e+01
 0.00000000e+00]","[4.00000000e+00 1.19300000e+03 3.04884280e-01 6.83531465e-01
 3.00000000e+00 0.00000000e+00 1.00000000e+00 0.00000000e+00
 0.00000000e+00 2.00000000e+00 5.30000000e+01 4.10000000e+01
 0.00000000e+00]","[4.00000000e+00 2.81700000e+03 7.61977580e-01 1.46984389e-01
 1.10000000e+01 0.00000000e+00 1.00000000e+00 0.00000000e+00
 0.00000000e+00 1.00000000e+00 4.60000000e+01 3.60000000e+01
 0.00000000e+00]","[3.00000000e+00 1.94900000e+03 3.95520486e-01 3.49942259e-01
 7.00000000e+00 0.00000000e+00 1.00000000e+00 0.00000000e+00
 0.00000000e+00 1.00000000e+00 8.40000000e+01 1.50000000e+01
 0.00000000e+00]","[4.00000000e+00 1.19300000e+03 3.04884280e-01 6.83531465e-01
 3.00000000e+00 0.00000000e+00 1.00000000e+00 0.00000000e+00
 0.00000000e+00 2.00000000e+00 5.30000000e+01 4.10000000e+01
 0.00000000e+00]","[4.00000000e+00 1.19300000e+03 3.04884280e-01 6.83531465e-01
 3.00000000e+00 0.00000000e+00 1.00000000e+00 0.00000000e+00
 0.00000000e+00 2.00000000e+00 5.30000000e+01 4.10000000e+01
 0.00000000e+00]","[4.00000000e+00 1.19300000e+03 3.04884280e-01 6.83531465e-01
 3.00000000e+00 0.00000000e+00 1.00000000e+00 0.00000000e+00
 0.00000000e+00 2.00000000e+00 5.30000000e+01 4.10000000e+01
 0.00000000e+00]","[4.000e+00 1.024e+03 9.000e-01 1.000e-01 1.000e+01 0.000e+00 1.000e+00
 0.000e+00 0.000e+00 2.000e+00 8.000e+00 9.000e+00 0.000e+00]","[4.00000000e+00 2.81700000e+03 7.61977580e-01 1.46984389e-01
 1.10000000e+01 0.00000000e+00 1.00000000e+00 0.00000000e+00
 0.00000000e+00 1.00000000e+00 4.60000000e+01 3.60000000e+01
 0.00000000e+00]","[4.00000000e+00 1.19300000e+03 3.04884280e-01 6.83531465e-01
 3.00000000e+00 0.00000000e+00 1.00000000e+00 0.00000000e+00
 0.00000000e+00 2.00000000e+00 5.30000000e+01 4.10000000e+01
 0.00000000e+00]","[4.00000000e+00 1.19300000e+03 3.04884280e-01 6.83531465e-01
 3.00000000e+00 0.00000000e+00 1.00000000e+00 0.00000000e+00
 0.00000000e+00 2.00000000e+00 5.30000000e+01 4.10000000e+01
 0.00000000e+00]","[4.00000000e+00 1.19300000e+03 3.04884280e-01 6.83531465e-01
 3.00000000e+00 0.00000000e+00 1.00000000e+00 0.00000000e+00
 0.00000000e+00 2.00000000e+00 5.30000000e+01 4.10000000e+01
 0.00000000e+00]","[3.00000000e+00 3.58200000e+03 5.06153269e-01 7.07264713e-01
 8.00000000e+00 0.00000000e+00 1.00000000e+00 0.00000000e+00
 0.00000000e+00 2.00000000e+00 1.50000000e+01 5.40000000e+01
 0.00000000e+00]","[4.00000000e+00 1.19300000e+03 3.04884280e-01 6.83531465e-01
 3.00000000e+00 0.00000000e+00 1.00000000e+00 0.00000000e+00
 0.00000000e+00 2.00000000e+00 5.30000000e+01 4.10000000e+01
 0.00000000e+00]","[3.00000000e+00 1.94900000e+03 3.95520486e-01 3.49942259e-01
 7.00000000e+00 0.00000000e+00 1.00000000e+00 0.00000000e+00
 0.00000000e+00 1.00000000e+00 8.40000000e+01 1.50000000e+01
 0.00000000e+00]","[4.00000000e+00 5.52000000e+02 4.38944324e-01 6.91620653e-01
 5.00000000e+00 0.00000000e+00 1.00000000e+00 0.00000000e+00
 1.00000000e+00 1.00000000e+00 6.60000000e+01 5.40000000e+01
 1.00000000e+00]","[4.00000000e+00 2.53000000e+03 3.27208791e-01 4.62897204e-01
 1.00000000e+01 0.00000000e+00 1.00000000e+00 1.00000000e+00
 0.00000000e+00 1.00000000e+00 4.20000000e+01 3.60000000e+01
 0.00000000e+00]","[4.00000000e+00 1.80600000e+03 6.62673360e-01 6.79469196e-01
 1.10000000e+01 0.00000000e+00 1.00000000e+00 0.00000000e+00
 0.00000000e+00 1.00000000e+00 1.10000000e+01 3.10000000e+01
 0.00000000e+00]","[3.00000000e+00 1.94900000e+03 3.95520486e-01 3.49942259e-01
 7.00000000e+00 0.00000000e+00 1.00000000e+00 0.00000000e+00
 0.00000000e+00 1.00000000e+00 8.40000000e+01 1.50000000e+01
 0.00000000e+00]","[4.00000000e+00 1.19300000e+03 3.04884280e-01 6.83531465e-01
 3.00000000e+00 0.00000000e+00 1.00000000e+00 0.00000000e+00
 0.00000000e+00 2.00000000e+00 5.30000000e+01 4.10000000e+01
 0.00000000e+00]","[3.00000000e+00 1.02400000e+03 3.07811165e-01 5.60453940e-01
 5.00000000e+00 0.00000000e+00 0.00000000e+00 0.00000000e+00
 0.00000000e+00 2.00000000e+00 1.50000000e+01 3.50000000e+01
 0.00000000e+00]","[4.00000000e+00 1.80600000e+03 6.62673360e-01 6.79469196e-01
 1.10000000e+01 0.00000000e+00 1.00000000e+00 0.00000000e+00
 0.00000000e+00 1.00000000e+00 1.10000000e+01 3.10000000e+01
 0.00000000e+00]","[3.00000000e+00 1.03600000e+03 4.80671667e-01 5.93982948e-01
 6.00000000e+00 0.00000000e+00 0.00000000e+00 0.00000000e+00
 0.00000000e+00 0.00000000e+00 1.90000000e+01 1.30000000e+01
 0.00000000e+00]","[4.0000000e+00 1.7300000e+03 7.5036653e-01 7.6219543e-01 2.0000000e+00
 0.0000000e+00 1.0000000e+00 1.0000000e+00 1.0000000e+00 0.0000000e+00
 1.4000000e+01 4.0000000e+01 1.0000000e+00]","[3.00000000e+00 2.94600000e+03 7.55540713e-01 6.55370841e-01
 6.00000000e+00 0.00000000e+00 1.00000000e+00 0.00000000e+00
 0.00000000e+00 1.00000000e+00 2.80000000e+01 1.40000000e+01
 0.00000000e+00]","[4.00000000e+00 1.19300000e+03 3.04884280e-01 6.83531465e-01
 3.00000000e+00 0.00000000e+00 1.00000000e+00 0.00000000e+00
 0.00000000e+00 2.00000000e+00 5.30000000e+01 4.10000000e+01
 0.00000000e+00]","[4.00000000e+00 2.81700000e+03 7.61977580e-01 1.46984389e-01
 1.10000000e+01 0.00000000e+00 1.00000000e+00 0.00000000e+00
 0.00000000e+00 1.00000000e+00 4.60000000e+01 3.60000000e+01
 0.00000000e+00]","[2.00000000e+00 1.30200000e+03 1.76854186e-01 1.00000000e-01
 3.00000000e+00 1.00000000e+00 1.00000000e+00 0.00000000e+00
 0.00000000e+00 1.00000000e+00 4.80000000e+01 3.00000000e+01
 0.00000000e+00]","[4.00000000e+00 1.19300000e+03 3.04884280e-01 6.83531465e-01
 3.00000000e+00 0.00000000e+00 1.00000000e+00 0.00000000e+00
 0.00000000e+00 2.00000000e+00 5.30000000e+01 4.10000000e+01
 0.00000000e+00]","[4.00000000e+00 1.19300000e+03 3.04884280e-01 6.83531465e-01
 3.00000000e+00 0.00000000e+00 1.00000000e+00 0.00000000e+00
 0.00000000e+00 2.00000000e+00 5.30000000e+01 4.10000000e+01
 0.00000000e+00]","[3.00000000e+00 1.02400000e+03 2.86977287e-01 1.30511131e-01
 8.00000000e+00 1.00000000e+00 1.00000000e+00 0.00000000e+00
 0.00000000e+00 2.00000000e+00 3.80000000e+01 2.90000000e+01
 0.00000000e+00]","[4.00000000e+00 2.81700000e+03 7.61977580e-01 1.46984389e-01
 1.10000000e+01 0.00000000e+00 1.00000000e+00 0.00000000e+00
 0.00000000e+00 1.00000000e+00 4.60000000e+01 3.60000000e+01
 0.00000000e+00]"
-1836.0,-2175.0,-2299.0,-2414.0,-2190.0,-2318.0,-2471.0,-1800.0,-2324.0,-1564.0,-1362.0,-1702.0,-2416.0,-3135.0,-3233.0,-2772.0,-3068.0,-2868.0,-3053.0,-2967.0,-3155.0,-3125.0,-2787.0,-3073.0,-2989.0,-2969.0,-3093.0,-2382.0,-2595.0,-3201.0,-2210.0,-2713.0,-2902.0,-2902.0,-1605.0,-3207.0,-3113.0,-3073.0,-3116.0,-2939.0,-3317.0,-3098.0,-3080.0,-3106.0,-3106.0,-2523.0,-2826.0,-3094.0,-3224.0,-2714.0,-3116.0,-1605.0,-2299.0,-3146.0,-3171.0,-3007.0,-3317.0,-3328.0,-3338.0,-3283.0,-2523.0,-2714.0,-3080.0,-3105.0,-3297.0,-2141.0,-3138.0,-2298.0,-3259.0,-2910.0,-2896.0,-2991.0,-3185.0,-2441.0,-2844.0,-2744.0,-3095.0,-3153.0,-3068.0,-2958.0,-1523.0,-3160.0,-3106.0,-3043.0,-3054.0,-3010.0,-3125.0,-3204.0,-2713.0,-2941.0,-3116.0,-1300.0,-3096.0,-3106.0,-3053.0,-3053.0,-2975.0,-2265.0,-2868.0,-2991.0,-3259.0,-2263.0,-3116.0,-1490.0,-2903.0,-2910.0,-3146.0,-3098.0,-3080.0,-2903.0,-3243.0,-2996.0,-3007.0,-3338.0,-3146.0,-3104.0,-2772.0,-3116.0,-3080.0,-2785.0,-3011.0,-3073.0,-2669.0,-3224.0,-3106.0,-3104.0,-3192.0,-3207.0,-3053.0,-3163.0,-2772.0,-3146.0,-2880.0,-3104.0,-3120.0,-3106.0,-3146.0,-3053.0,-3160.0,-3226.0,-3011.0,-3011.0,-3328.0,-3155.0,-3328.0,-2263.0,-2355.0,-3317.0,-3125.0,-2903.0,-3153.0,-2295.0,-3043.0,-3328.0,-3053.0,-3043.0,-3192.0,-3098.0,-2744.0,-3338.0,-3155.0,-3161.0,-3328.0,-3112.0,-3146.0,-3146.0,-3161.0,-3317.0,-3317.0,-3328.0,-3161.0,-3317.0,-2262.0,-3053.0,-3215.0,-3155.0,-3144.0,-3317.0,-3161.0,-2295.0,-3023.0,-3106.0,-3317.0,-3328.0,-3328.0,-2856.0,-3317.0,-3138.0,-2967.0,-3317.0,-2975.0,-3328.0,-3317.0,-3121.0,-3073.0,-3184.0,-3328.0,-3328.0,-2967.0,-3328.0,-3184.0,-3080.0,-2722.0,-3328.0,-3317.0,-3328.0,-3184.0,-3336.0,-2961.0,-3328.0,-3184.0,-3146.0,-2722.0,-3184.0,-3328.0,-3328.0,-3328.0,-3336.0,-3336.0,-3161.0,-3328.0,-3317.0,-3317.0,-3328.0,-3146.0,-3009.0,-3060.0,-3328.0,-3328.0,-3336.0,-2896.0,-3328.0,-3328.0,-3328.0,-3069.0,-3336.0,-3328.0,-3328.0,-3328.0,-2967.0,-3328.0,-2896.0,-3116.0,-3259.0,-3317.0,-2896.0,-3328.0,-3192.0,-3317.0,-2984.0,-3283.0,-3184.0,-3328.0,-3336.0,-2243.0,-3328.0,-3328.0,-3224.0,-3336.0
126
