1,2,3,4,5,6,7,8,9,10,11,12,13,14,15,16,17,18,19,20,21,22,23,24,25,26,27,28,29,30,31,32,33,34,35,36,37,38,39,40,41,42,43,44,45,46,47,48,49,50,51,52,53,54,55,56,57,58,59,60,61,62,63,64,65,66,67,68,69,70,71,72,73,74,75,76,77,78,79,80,81,82,83,84,85,86,87,88,89,90,91,92,93,94,95,96,97,98,99,100,101,102,103,104,105,106,107,108,109,110,111,112,113,114,115,116,117,118,119,120,121,122,123,124,125,126,127,128,129,130,131,132,133,134,135,136,137,138,139,140,141,142,143,144,145,146,147,148,149,150,151,152,153,154,155,156,157,158,159,160,161,162,163,164,165,166,167,168,169,170,171,172,173,174,175,176,177,178,179,180,181,182,183,184,185,186,187,188,189,190,191,192,193,194,195,196,197,198,199,200,201,202,203,204,205,206,207,208,209,210,211
"[1.000e+00 1.000e+00 0.000e+00 1.000e+00 0.000e+00 0.000e+00 0.000e+00
 0.000e+00 0.000e+00 1.000e+00 0.000e+00 4.096e+03 4.000e+00 2.000e+00]",[  0.   1.   0.   1.   1.   0.   1.   0.   0.   0.   0. 256.   1.   5.],"[0.000e+00 1.000e+00 1.000e+00 1.000e+00 0.000e+00 0.000e+00 1.000e+00
 0.000e+00 0.000e+00 0.000e+00 0.000e+00 4.096e+03 4.000e+00 0.000e+00]",[ 0.  1.  0.  1.  1.  0.  1.  0.  0.  0.  0. 64.  0.  5.],[ 0.  1.  0.  1.  0.  1.  0.  0.  0.  1.  0. 64.  2.  5.],"[1.000e+00 1.000e+00 0.000e+00 1.000e+00 0.000e+00 0.000e+00 0.000e+00
 0.000e+00 0.000e+00 1.000e+00 0.000e+00 4.096e+03 1.000e+00 2.000e+00]",[ 1.  1.  0.  1.  0.  0.  0.  0.  0.  1.  0. 64.  4.  5.],"[0.000e+00 1.000e+00 0.000e+00 1.000e+00 0.000e+00 1.000e+00 0.000e+00
 0.000e+00 0.000e+00 1.000e+00 0.000e+00 1.024e+03 2.000e+00 3.000e+00]","[0.000e+00 1.000e+00 0.000e+00 1.000e+00 0.000e+00 1.000e+00 1.000e+00
 0.000e+00 0.000e+00 0.000e+00 0.000e+00 4.096e+03 2.000e+00 6.000e+00]",[ 0.  1.  0.  1.  0.  0.  0.  1.  0.  1.  0. 64.  2.  4.],[ 1.  1.  0.  1.  0.  0.  1.  0.  0.  0.  0. 64.  1.  1.],[  1.   1.   0.   1.   0.   0.   0.   0.   0.   1.   0. 256.   2.   0.],[ 1.  1.  0.  1.  0.  0.  0.  0.  0.  1.  0. 64.  2.  1.],"[1.000e+00 1.000e+00 0.000e+00 1.000e+00 0.000e+00 0.000e+00 1.000e+00
 0.000e+00 0.000e+00 0.000e+00 0.000e+00 1.024e+03 0.000e+00 1.000e+00]","[1.000e+00 1.000e+00 0.000e+00 1.000e+00 0.000e+00 0.000e+00 0.000e+00
 0.000e+00 0.000e+00 1.000e+00 0.000e+00 1.024e+03 0.000e+00 2.000e+00]",[  1.   1.   0.   1.   0.   0.   1.   0.   0.   0.   0. 256.   2.   2.],[ 1.  1.  0.  1.  0.  0.  0.  0.  0.  1.  0. 64.  3.  0.],"[0.000e+00 1.000e+00 1.000e+00 1.000e+00 0.000e+00 0.000e+00 0.000e+00
 0.000e+00 0.000e+00 1.000e+00 0.000e+00 1.024e+03 0.000e+00 1.000e+00]",[ 0.  1.  1.  1.  0.  0.  1.  0.  0.  0.  0. 64.  1.  1.],[ 0.  1.  0.  1.  1.  0.  0.  0.  0.  1.  0. 64.  0.  1.],[ 0.  1.  0.  1.  0.  0.  1.  1.  0.  0.  0. 64.  0.  1.],[ 1.  1.  0.  1.  0.  0.  1.  0.  0.  0.  0. 64.  1.  5.],[ 0.  1.  0.  1.  1.  0.  0.  0.  0.  1.  0. 64.  3.  2.],[ 0.  1.  1.  1.  0.  0.  0.  0.  0.  1.  0. 64.  0.  5.],"[1.000e+00 1.000e+00 0.000e+00 1.000e+00 0.000e+00 0.000e+00 0.000e+00
 0.000e+00 0.000e+00 1.000e+00 0.000e+00 1.024e+03 0.000e+00 1.000e+00]","[0.000e+00 1.000e+00 1.000e+00 1.000e+00 0.000e+00 0.000e+00 1.000e+00
 0.000e+00 0.000e+00 0.000e+00 0.000e+00 1.024e+03 0.000e+00 6.000e+00]",[  0.   1.   1.   1.   0.   0.   0.   0.   0.   1.   0. 256.   2.   3.],"[1.000e+00 1.000e+00 0.000e+00 1.000e+00 0.000e+00 0.000e+00 0.000e+00
 0.000e+00 0.000e+00 1.000e+00 0.000e+00 1.024e+03 1.000e+00 1.000e+00]","[1.000e+00 1.000e+00 0.000e+00 1.000e+00 0.000e+00 0.000e+00 1.000e+00
 0.000e+00 0.000e+00 0.000e+00 0.000e+00 1.024e+03 2.000e+00 0.000e+00]",[ 0.  1.  1.  1.  0.  0.  0.  0.  1.  0.  0. 64.  6.  5.],[ 0.  1.  0.  1.  1.  0.  0.  0.  0.  1.  0. 64.  2.  0.],[ 1.  1.  0.  1.  0.  0.  0.  0.  0.  1.  0. 64.  4.  3.],[  1.   1.   0.   1.   0.   0.   1.   0.   0.   0.   0. 256.   0.   3.],"[0.000e+00 1.000e+00 0.000e+00 1.000e+00 0.000e+00 0.000e+00 0.000e+00
 1.000e+00 0.000e+00 1.000e+00 0.000e+00 1.024e+03 6.000e+00 1.000e+00]",[  0.   1.   1.   1.   0.   0.   0.   0.   1.   0.   0. 256.   6.   1.],"[0.000e+00 1.000e+00 0.000e+00 1.000e+00 1.000e+00 0.000e+00 0.000e+00
 0.000e+00 0.000e+00 1.000e+00 0.000e+00 1.024e+03 2.000e+00 1.000e+00]",[  1.   1.   0.   1.   0.   0.   0.   0.   0.   1.   0. 256.   6.   1.],[  1.   1.   0.   1.   0.   0.   1.   0.   0.   0.   0. 256.   6.   2.],"[0.000e+00 1.000e+00 1.000e+00 1.000e+00 0.000e+00 0.000e+00 0.000e+00
 0.000e+00 0.000e+00 1.000e+00 0.000e+00 4.096e+03 6.000e+00 3.000e+00]","[1.000e+00 1.000e+00 0.000e+00 1.000e+00 0.000e+00 0.000e+00 1.000e+00
 0.000e+00 0.000e+00 0.000e+00 0.000e+00 1.024e+03 6.000e+00 6.000e+00]","[0.000e+00 1.000e+00 0.000e+00 1.000e+00 0.000e+00 0.000e+00 0.000e+00
 0.000e+00 0.000e+00 1.000e+00 1.000e+00 1.024e+03 5.000e+00 1.000e+00]","[0.000e+00 1.000e+00 1.000e+00 1.000e+00 0.000e+00 0.000e+00 0.000e+00
 0.000e+00 0.000e+00 1.000e+00 0.000e+00 1.024e+03 6.000e+00 1.000e+00]","[1.000e+00 1.000e+00 0.000e+00 1.000e+00 0.000e+00 0.000e+00 1.000e+00
 0.000e+00 0.000e+00 0.000e+00 0.000e+00 4.096e+03 1.000e+00 4.000e+00]",[ 1.  1.  0.  1.  0.  0.  1.  0.  0.  0.  0. 64.  3.  4.],[  1.   1.   0.   1.   0.   0.   1.   0.   0.   0.   0. 256.   6.   0.],[ 0.  1.  1.  1.  0.  0.  0.  0.  0.  1.  0. 64.  1.  4.],"[0.000e+00 1.000e+00 1.000e+00 1.000e+00 0.000e+00 0.000e+00 1.000e+00
 0.000e+00 0.000e+00 0.000e+00 0.000e+00 4.096e+03 0.000e+00 4.000e+00]","[1.000e+00 1.000e+00 0.000e+00 1.000e+00 0.000e+00 0.000e+00 1.000e+00
 0.000e+00 0.000e+00 0.000e+00 0.000e+00 1.024e+03 2.000e+00 4.000e+00]",[ 0.  1.  1.  1.  0.  0.  1.  0.  0.  0.  0. 64.  2.  4.],[ 1.  1.  0.  1.  0.  0.  1.  0.  0.  0.  0. 64.  2.  5.],[ 1.  1.  0.  1.  0.  0.  1.  0.  0.  0.  0. 64.  3.  5.],[ 0.  1.  1.  1.  0.  0.  0.  0.  1.  0.  0. 64.  2.  4.],"[0.000e+00 1.000e+00 0.000e+00 1.000e+00 0.000e+00 0.000e+00 0.000e+00
 1.000e+00 0.000e+00 1.000e+00 0.000e+00 4.096e+03 1.000e+00 0.000e+00]",[ 1.  1.  0.  1.  0.  0.  0.  0.  0.  1.  0. 64.  2.  0.],[  0.   1.   1.   1.   0.   0.   0.   0.   0.   1.   0. 256.   4.   4.],[ 1.  1.  0.  1.  0.  0.  0.  0.  1.  0.  0. 64.  0.  5.],[ 1.  1.  0.  1.  0.  0.  1.  0.  0.  0.  0. 64.  0.  4.],"[1.000e+00 1.000e+00 0.000e+00 1.000e+00 0.000e+00 0.000e+00 0.000e+00
 0.000e+00 0.000e+00 1.000e+00 0.000e+00 1.024e+03 3.000e+00 4.000e+00]",[  1.   1.   0.   1.   0.   0.   0.   0.   1.   0.   0. 256.   1.   4.],[  0.   1.   0.   1.   1.   0.   0.   0.   1.   0.   0. 256.   5.   2.],[ 0.  1.  0.  1.  1.  0.  0.  0.  1.  0.  0. 64.  0.  5.],[ 1.  1.  0.  1.  0.  0.  0.  0.  0.  1.  0. 64.  2.  1.],[ 1.  1.  0.  1.  0.  0.  0.  0.  0.  1.  0. 64.  1.  4.],[  0.   1.   0.   1.   0.   0.   1.   1.   0.   0.   0. 256.   2.   1.],[ 0.  1.  0.  1.  1.  0.  1.  0.  0.  0.  0. 64.  5.  0.],[ 0.  1.  1.  1.  0.  0.  0.  0.  0.  1.  0. 64.  6.  1.],[  0.   1.   0.   1.   1.   0.   0.   0.   0.   1.   0. 256.   2.   4.],[  1.   1.   0.   1.   0.   0.   1.   0.   0.   0.   0. 256.   6.   0.],[  0.   1.   1.   1.   0.   0.   0.   0.   1.   0.   0. 256.   6.   1.],"[1.000e+00 1.000e+00 0.000e+00 1.000e+00 0.000e+00 0.000e+00 0.000e+00
 0.000e+00 1.000e+00 0.000e+00 0.000e+00 4.096e+03 6.000e+00 2.000e+00]","[1.000e+00 1.000e+00 0.000e+00 1.000e+00 0.000e+00 0.000e+00 1.000e+00
 0.000e+00 0.000e+00 0.000e+00 0.000e+00 1.024e+03 6.000e+00 4.000e+00]",[ 1.  1.  0.  1.  0.  0.  0.  0.  0.  1.  0. 64.  6.  1.],"[1.000e+00 1.000e+00 0.000e+00 1.000e+00 0.000e+00 0.000e+00 0.000e+00
 0.000e+00 1.000e+00 0.000e+00 0.000e+00 1.024e+03 6.000e+00 0.000e+00]","[1.000e+00 1.000e+00 0.000e+00 1.000e+00 0.000e+00 0.000e+00 0.000e+00
 0.000e+00 0.000e+00 1.000e+00 0.000e+00 4.096e+03 6.000e+00 0.000e+00]","[0.000e+00 1.000e+00 1.000e+00 1.000e+00 0.000e+00 0.000e+00 1.000e+00
 0.000e+00 0.000e+00 0.000e+00 0.000e+00 4.096e+03 6.000e+00 1.000e+00]","[0.000e+00 1.000e+00 0.000e+00 1.000e+00 0.000e+00 1.000e+00 0.000e+00
 0.000e+00 1.000e+00 0.000e+00 0.000e+00 1.024e+03 3.000e+00 0.000e+00]","[1.000e+00 1.000e+00 0.000e+00 1.000e+00 0.000e+00 0.000e+00 0.000e+00
 0.000e+00 0.000e+00 1.000e+00 0.000e+00 1.024e+03 6.000e+00 1.000e+00]","[0.000e+00 1.000e+00 1.000e+00 1.000e+00 0.000e+00 0.000e+00 0.000e+00
 0.000e+00 1.000e+00 0.000e+00 0.000e+00 1.024e+03 6.000e+00 0.000e+00]",[  1.   1.   0.   1.   0.   0.   1.   0.   0.   0.   0. 256.   6.   0.],[ 0.  1.  0.  1.  0.  1.  0.  0.  0.  1.  0. 64.  5.  0.],[ 0.  1.  0.  1.  1.  0.  1.  0.  0.  0.  0. 64.  1.  4.],[ 0.  1.  0.  1.  0.  1.  0.  0.  1.  0.  0. 64.  2.  1.],"[0.000e+00 1.000e+00 0.000e+00 1.000e+00 0.000e+00 0.000e+00 0.000e+00
 0.000e+00 0.000e+00 1.000e+00 1.000e+00 4.096e+03 1.000e+00 5.000e+00]",[ 0.  1.  0.  1.  0.  0.  0.  0.  0.  1.  1. 64.  4.  2.],"[0.000e+00 1.000e+00 0.000e+00 1.000e+00 0.000e+00 1.000e+00 0.000e+00
 0.000e+00 1.000e+00 0.000e+00 0.000e+00 1.024e+03 4.000e+00 5.000e+00]",[ 0.  1.  0.  1.  1.  0.  0.  0.  0.  1.  0. 64.  5.  4.],"[0.000e+00 1.000e+00 1.000e+00 1.000e+00 0.000e+00 0.000e+00 1.000e+00
 0.000e+00 0.000e+00 0.000e+00 0.000e+00 1.024e+03 6.000e+00 4.000e+00]",[  0.   1.   0.   1.   0.   1.   0.   0.   0.   1.   0. 256.   4.   6.],"[0.000e+00 1.000e+00 0.000e+00 1.000e+00 0.000e+00 0.000e+00 0.000e+00
 0.000e+00 0.000e+00 1.000e+00 1.000e+00 1.024e+03 1.000e+00 4.000e+00]",[ 0.  1.  1.  1.  0.  0.  1.  0.  0.  0.  0. 64.  3.  5.],[ 0.  1.  0.  1.  0.  0.  1.  0.  0.  0.  1. 64.  1.  5.],[ 0.  1.  0.  1.  0.  0.  0.  1.  0.  1.  0. 64.  3.  0.],[  1.   1.   0.   1.   0.   0.   0.   0.   1.   0.   0. 256.   2.   4.],"[0.000e+00 1.000e+00 0.000e+00 1.000e+00 0.000e+00 0.000e+00 0.000e+00
 1.000e+00 1.000e+00 0.000e+00 0.000e+00 1.024e+03 3.000e+00 5.000e+00]",[  0.   1.   1.   1.   0.   0.   0.   0.   1.   0.   0. 256.   3.   5.],"[1.000e+00 1.000e+00 0.000e+00 1.000e+00 0.000e+00 0.000e+00 0.000e+00
 0.000e+00 0.000e+00 1.000e+00 0.000e+00 1.024e+03 3.000e+00 6.000e+00]",[  0.   1.   0.   1.   1.   0.   1.   0.   0.   0.   0. 256.   3.   5.],"[0.000e+00 1.000e+00 0.000e+00 1.000e+00 1.000e+00 0.000e+00 0.000e+00
 0.000e+00 1.000e+00 0.000e+00 0.000e+00 4.096e+03 3.000e+00 5.000e+00]","[0.000e+00 1.000e+00 0.000e+00 1.000e+00 0.000e+00 0.000e+00 0.000e+00
 0.000e+00 0.000e+00 1.000e+00 1.000e+00 1.024e+03 5.000e+00 5.000e+00]","[0.000e+00 1.000e+00 1.000e+00 1.000e+00 0.000e+00 0.000e+00 0.000e+00
 0.000e+00 1.000e+00 0.000e+00 0.000e+00 4.096e+03 3.000e+00 0.000e+00]",[  0.   1.   1.   1.   0.   0.   0.   0.   1.   0.   0. 256.   2.   4.],"[0.000e+00 1.000e+00 0.000e+00 1.000e+00 1.000e+00 0.000e+00 1.000e+00
 0.000e+00 0.000e+00 0.000e+00 0.000e+00 1.024e+03 5.000e+00 0.000e+00]","[0.000e+00 1.000e+00 1.000e+00 1.000e+00 0.000e+00 0.000e+00 1.000e+00
 0.000e+00 0.000e+00 0.000e+00 0.000e+00 1.024e+03 3.000e+00 5.000e+00]",[ 0.  1.  0.  1.  1.  0.  1.  0.  0.  0.  0. 64.  3.  3.],"[0.000e+00 1.000e+00 0.000e+00 1.000e+00 0.000e+00 0.000e+00 1.000e+00
 0.000e+00 0.000e+00 0.000e+00 1.000e+00 1.024e+03 3.000e+00 6.000e+00]","[1.000e+00 1.000e+00 0.000e+00 1.000e+00 0.000e+00 0.000e+00 0.000e+00
 0.000e+00 0.000e+00 1.000e+00 0.000e+00 1.024e+03 6.000e+00 2.000e+00]","[1.000e+00 1.000e+00 0.000e+00 1.000e+00 0.000e+00 0.000e+00 0.000e+00
 0.000e+00 1.000e+00 0.000e+00 0.000e+00 1.024e+03 3.000e+00 5.000e+00]","[1.000e+00 1.000e+00 0.000e+00 1.000e+00 0.000e+00 0.000e+00 0.000e+00
 0.000e+00 0.000e+00 1.000e+00 0.000e+00 4.096e+03 3.000e+00 5.000e+00]","[1.000e+00 1.000e+00 0.000e+00 1.000e+00 0.000e+00 0.000e+00 1.000e+00
 0.000e+00 0.000e+00 0.000e+00 0.000e+00 4.096e+03 1.000e+00 5.000e+00]","[0.000e+00 1.000e+00 1.000e+00 1.000e+00 0.000e+00 0.000e+00 0.000e+00
 0.000e+00 1.000e+00 0.000e+00 0.000e+00 1.024e+03 4.000e+00 6.000e+00]","[0.000e+00 1.000e+00 0.000e+00 1.000e+00 0.000e+00 0.000e+00 0.000e+00
 1.000e+00 1.000e+00 0.000e+00 0.000e+00 4.096e+03 2.000e+00 2.000e+00]",[  0.   1.   0.   1.   0.   1.   1.   0.   0.   0.   0. 256.   3.   6.],[ 0.  1.  0.  1.  0.  0.  0.  0.  1.  0.  1. 64.  3.  5.],"[0.000e+00 1.000e+00 0.000e+00 1.000e+00 1.000e+00 0.000e+00 1.000e+00
 0.000e+00 0.000e+00 0.000e+00 0.000e+00 4.096e+03 1.000e+00 0.000e+00]",[ 0.  1.  0.  1.  0.  1.  1.  0.  0.  0.  0. 64.  3.  5.],[  0.   1.   0.   1.   0.   1.   0.   0.   1.   0.   0. 256.   2.   3.],"[0.000e+00 1.000e+00 0.000e+00 1.000e+00 0.000e+00 1.000e+00 0.000e+00
 0.000e+00 1.000e+00 0.000e+00 0.000e+00 4.096e+03 2.000e+00 5.000e+00]","[0.000e+00 1.000e+00 0.000e+00 1.000e+00 1.000e+00 0.000e+00 0.000e+00
 0.000e+00 0.000e+00 1.000e+00 0.000e+00 1.024e+03 6.000e+00 0.000e+00]",[  0.   1.   0.   1.   0.   1.   0.   0.   1.   0.   0. 256.   6.   2.],[  0.   1.   0.   1.   1.   0.   0.   0.   0.   1.   0. 256.   6.   1.],[  0.   1.   0.   1.   1.   0.   1.   0.   0.   0.   0. 256.   6.   2.],"[0.000e+00 1.000e+00 0.000e+00 1.000e+00 0.000e+00 0.000e+00 0.000e+00
 0.000e+00 0.000e+00 1.000e+00 1.000e+00 1.024e+03 6.000e+00 3.000e+00]","[0.000e+00 1.000e+00 0.000e+00 1.000e+00 1.000e+00 0.000e+00 0.000e+00
 0.000e+00 0.000e+00 1.000e+00 0.000e+00 1.024e+03 6.000e+00 1.000e+00]","[0.000e+00 1.000e+00 0.000e+00 1.000e+00 1.000e+00 0.000e+00 0.000e+00
 0.000e+00 1.000e+00 0.000e+00 0.000e+00 1.024e+03 6.000e+00 1.000e+00]",[ 1.  1.  0.  1.  0.  0.  0.  0.  1.  0.  0. 64.  6.  0.],"[0.000e+00 1.000e+00 1.000e+00 1.000e+00 0.000e+00 0.000e+00 0.000e+00
 0.000e+00 0.000e+00 1.000e+00 0.000e+00 1.024e+03 6.000e+00 1.000e+00]",[  0.   1.   0.   1.   1.   0.   1.   0.   0.   0.   0. 256.   6.   5.],"[0.000e+00 1.000e+00 0.000e+00 1.000e+00 0.000e+00 1.000e+00 0.000e+00
 0.000e+00 0.000e+00 1.000e+00 0.000e+00 4.096e+03 6.000e+00 3.000e+00]",[  0.   1.   0.   1.   1.   0.   1.   0.   0.   0.   0. 256.   2.   0.],"[0.000e+00 1.000e+00 0.000e+00 1.000e+00 0.000e+00 1.000e+00 1.000e+00
 0.000e+00 0.000e+00 0.000e+00 0.000e+00 1.024e+03 6.000e+00 0.000e+00]","[0.000e+00 1.000e+00 0.000e+00 1.000e+00 1.000e+00 0.000e+00 0.000e+00
 0.000e+00 0.000e+00 1.000e+00 0.000e+00 1.024e+03 0.000e+00 5.000e+00]","[0.000e+00 1.000e+00 1.000e+00 1.000e+00 0.000e+00 0.000e+00 0.000e+00
 0.000e+00 0.000e+00 1.000e+00 0.000e+00 1.024e+03 1.000e+00 2.000e+00]","[0.000e+00 1.000e+00 1.000e+00 1.000e+00 0.000e+00 0.000e+00 0.000e+00
 0.000e+00 1.000e+00 0.000e+00 0.000e+00 4.096e+03 2.000e+00 0.000e+00]","[0.000e+00 1.000e+00 0.000e+00 1.000e+00 1.000e+00 0.000e+00 1.000e+00
 0.000e+00 0.000e+00 0.000e+00 0.000e+00 4.096e+03 2.000e+00 1.000e+00]",[ 0.  1.  0.  1.  0.  0.  0.  1.  1.  0.  0. 64.  1.  2.],"[0.000e+00 1.000e+00 0.000e+00 1.000e+00 1.000e+00 0.000e+00 0.000e+00
 0.000e+00 1.000e+00 0.000e+00 0.000e+00 4.096e+03 1.000e+00 0.000e+00]",[  0.   1.   0.   1.   0.   1.   0.   0.   0.   1.   0. 256.   4.   1.],"[0.000e+00 1.000e+00 0.000e+00 1.000e+00 0.000e+00 0.000e+00 1.000e+00
 0.000e+00 0.000e+00 0.000e+00 1.000e+00 1.024e+03 6.000e+00 4.000e+00]","[1.000e+00 1.000e+00 0.000e+00 1.000e+00 0.000e+00 0.000e+00 1.000e+00
 0.000e+00 0.000e+00 0.000e+00 0.000e+00 4.096e+03 3.000e+00 5.000e+00]","[0.000e+00 1.000e+00 0.000e+00 1.000e+00 0.000e+00 1.000e+00 0.000e+00
 0.000e+00 1.000e+00 0.000e+00 0.000e+00 4.096e+03 3.000e+00 4.000e+00]","[0.000e+00 1.000e+00 0.000e+00 1.000e+00 0.000e+00 0.000e+00 1.000e+00
 0.000e+00 0.000e+00 0.000e+00 1.000e+00 1.024e+03 6.000e+00 2.000e+00]","[0.000e+00 1.000e+00 0.000e+00 1.000e+00 0.000e+00 0.000e+00 0.000e+00
 0.000e+00 0.000e+00 1.000e+00 1.000e+00 1.024e+03 0.000e+00 5.000e+00]",[  0.   1.   1.   1.   0.   0.   0.   0.   1.   0.   0. 256.   2.   1.],"[0.000e+00 1.000e+00 0.000e+00 1.000e+00 0.000e+00 1.000e+00 0.000e+00
 0.000e+00 1.000e+00 0.000e+00 0.000e+00 4.096e+03 6.000e+00 1.000e+00]","[1.000e+00 1.000e+00 0.000e+00 1.000e+00 0.000e+00 0.000e+00 1.000e+00
 0.000e+00 0.000e+00 0.000e+00 0.000e+00 1.024e+03 1.000e+00 5.000e+00]","[1.000e+00 1.000e+00 0.000e+00 1.000e+00 0.000e+00 0.000e+00 0.000e+00
 0.000e+00 0.000e+00 1.000e+00 0.000e+00 1.024e+03 6.000e+00 1.000e+00]",[  0.   1.   1.   1.   0.   0.   0.   0.   1.   0.   0. 256.   5.   2.],[  1.   1.   0.   1.   0.   0.   0.   0.   1.   0.   0. 256.   6.   5.],"[0.000e+00 1.000e+00 0.000e+00 1.000e+00 0.000e+00 1.000e+00 1.000e+00
 0.000e+00 0.000e+00 0.000e+00 0.000e+00 4.096e+03 6.000e+00 2.000e+00]","[1.000e+00 1.000e+00 0.000e+00 1.000e+00 0.000e+00 0.000e+00 0.000e+00
 0.000e+00 1.000e+00 0.000e+00 0.000e+00 1.024e+03 2.000e+00 5.000e+00]","[0.000e+00 1.000e+00 1.000e+00 1.000e+00 0.000e+00 0.000e+00 0.000e+00
 0.000e+00 0.000e+00 1.000e+00 0.000e+00 4.096e+03 6.000e+00 5.000e+00]","[0.000e+00 1.000e+00 1.000e+00 1.000e+00 0.000e+00 0.000e+00 0.000e+00
 0.000e+00 0.000e+00 1.000e+00 0.000e+00 4.096e+03 1.000e+00 1.000e+00]",[ 0.  1.  1.  1.  0.  0.  1.  0.  0.  0.  0. 64.  0.  2.],"[0.000e+00 1.000e+00 0.000e+00 1.000e+00 0.000e+00 0.000e+00 0.000e+00
 1.000e+00 1.000e+00 0.000e+00 0.000e+00 1.024e+03 1.000e+00 0.000e+00]","[0.000e+00 1.000e+00 0.000e+00 1.000e+00 0.000e+00 0.000e+00 1.000e+00
 1.000e+00 0.000e+00 0.000e+00 0.000e+00 1.024e+03 6.000e+00 0.000e+00]","[0.000e+00 1.000e+00 1.000e+00 1.000e+00 0.000e+00 0.000e+00 1.000e+00
 0.000e+00 0.000e+00 0.000e+00 0.000e+00 4.096e+03 6.000e+00 1.000e+00]","[0.000e+00 1.000e+00 0.000e+00 1.000e+00 0.000e+00 0.000e+00 1.000e+00
 1.000e+00 0.000e+00 0.000e+00 0.000e+00 1.024e+03 1.000e+00 0.000e+00]","[0.000e+00 1.000e+00 1.000e+00 1.000e+00 0.000e+00 0.000e+00 0.000e+00
 0.000e+00 0.000e+00 1.000e+00 0.000e+00 1.024e+03 1.000e+00 6.000e+00]","[1.000e+00 1.000e+00 0.000e+00 1.000e+00 0.000e+00 0.000e+00 0.000e+00
 0.000e+00 1.000e+00 0.000e+00 0.000e+00 1.024e+03 1.000e+00 5.000e+00]","[1.000e+00 1.000e+00 0.000e+00 1.000e+00 0.000e+00 0.000e+00 0.000e+00
 0.000e+00 0.000e+00 1.000e+00 0.000e+00 4.096e+03 2.000e+00 1.000e+00]","[1.000e+00 1.000e+00 0.000e+00 1.000e+00 0.000e+00 0.000e+00 0.000e+00
 0.000e+00 1.000e+00 0.000e+00 0.000e+00 1.024e+03 1.000e+00 5.000e+00]",[ 1.  1.  0.  1.  0.  0.  0.  0.  1.  0.  0. 64.  3.  4.],"[1.000e+00 1.000e+00 0.000e+00 1.000e+00 0.000e+00 0.000e+00 1.000e+00
 0.000e+00 0.000e+00 0.000e+00 0.000e+00 1.024e+03 6.000e+00 1.000e+00]","[0.000e+00 1.000e+00 1.000e+00 1.000e+00 0.000e+00 0.000e+00 0.000e+00
 0.000e+00 1.000e+00 0.000e+00 0.000e+00 4.096e+03 1.000e+00 0.000e+00]","[0.000e+00 1.000e+00 0.000e+00 1.000e+00 0.000e+00 0.000e+00 0.000e+00
 1.000e+00 0.000e+00 1.000e+00 0.000e+00 1.024e+03 0.000e+00 6.000e+00]",[  0.   1.   1.   1.   0.   0.   0.   0.   1.   0.   0. 256.   0.   6.],[ 1.  1.  0.  1.  0.  0.  1.  0.  0.  0.  0. 64.  1.  6.],[  1.   1.   0.   1.   0.   0.   1.   0.   0.   0.   0. 256.   1.   6.],[  0.   1.   0.   1.   0.   0.   0.   0.   1.   0.   1. 256.   0.   6.],"[1.000e+00 1.000e+00 0.000e+00 1.000e+00 0.000e+00 0.000e+00 0.000e+00
 0.000e+00 0.000e+00 1.000e+00 0.000e+00 4.096e+03 0.000e+00 6.000e+00]",[ 0.  1.  0.  1.  0.  0.  0.  0.  1.  0.  1. 64.  1.  6.],"[0.000e+00 1.000e+00 0.000e+00 1.000e+00 0.000e+00 0.000e+00 0.000e+00
 1.000e+00 1.000e+00 0.000e+00 0.000e+00 1.024e+03 0.000e+00 3.000e+00]",[  0.   1.   0.   1.   1.   0.   1.   0.   0.   0.   0. 256.   1.   6.],"[0.000e+00 1.000e+00 0.000e+00 1.000e+00 1.000e+00 0.000e+00 1.000e+00
 0.000e+00 0.000e+00 0.000e+00 0.000e+00 4.096e+03 6.000e+00 0.000e+00]",[ 0.  1.  0.  1.  1.  0.  0.  0.  0.  1.  0. 64.  6.  1.],"[0.000e+00 1.000e+00 0.000e+00 1.000e+00 1.000e+00 0.000e+00 0.000e+00
 0.000e+00 0.000e+00 1.000e+00 0.000e+00 1.024e+03 5.000e+00 6.000e+00]","[0.000e+00 1.000e+00 0.000e+00 1.000e+00 0.000e+00 0.000e+00 0.000e+00
 0.000e+00 0.000e+00 1.000e+00 1.000e+00 4.096e+03 1.000e+00 6.000e+00]","[0.000e+00 1.000e+00 0.000e+00 1.000e+00 1.000e+00 0.000e+00 0.000e+00
 0.000e+00 0.000e+00 1.000e+00 0.000e+00 1.024e+03 6.000e+00 0.000e+00]",[ 0.  1.  0.  1.  0.  1.  0.  0.  0.  1.  0. 64.  6.  0.],[ 1.  1.  0.  1.  0.  0.  0.  0.  1.  0.  0. 64.  6.  1.],"[0.000e+00 1.000e+00 0.000e+00 1.000e+00 1.000e+00 0.000e+00 0.000e+00
 0.000e+00 0.000e+00 1.000e+00 0.000e+00 1.024e+03 0.000e+00 6.000e+00]",[ 0.  1.  0.  1.  0.  1.  0.  0.  1.  0.  0. 64.  6.  3.],[ 0.  1.  0.  1.  0.  0.  0.  0.  1.  0.  1. 64.  0.  6.],[  0.   1.   1.   1.   0.   0.   1.   0.   0.   0.   0. 256.   1.   1.],"[0.000e+00 1.000e+00 0.000e+00 1.000e+00 1.000e+00 0.000e+00 0.000e+00
 0.000e+00 0.000e+00 1.000e+00 0.000e+00 4.096e+03 1.000e+00 0.000e+00]",[  0.   1.   1.   1.   0.   0.   1.   0.   0.   0.   0. 256.   1.   1.],"[0.000e+00 1.000e+00 0.000e+00 1.000e+00 1.000e+00 0.000e+00 0.000e+00
 0.000e+00 1.000e+00 0.000e+00 0.000e+00 4.096e+03 2.000e+00 2.000e+00]",[  0.   1.   1.   1.   0.   0.   0.   0.   0.   1.   0. 256.   6.   2.],[  1.   1.   0.   1.   0.   0.   1.   0.   0.   0.   0. 256.   6.   0.],"[0.000e+00 1.000e+00 0.000e+00 1.000e+00 1.000e+00 0.000e+00 1.000e+00
 0.000e+00 0.000e+00 0.000e+00 0.000e+00 4.096e+03 1.000e+00 1.000e+00]","[0.000e+00 1.000e+00 0.000e+00 1.000e+00 1.000e+00 0.000e+00 0.000e+00
 0.000e+00 1.000e+00 0.000e+00 0.000e+00 1.024e+03 1.000e+00 2.000e+00]",[  0.   1.   0.   1.   1.   0.   0.   0.   0.   1.   0. 256.   2.   3.],"[1.000e+00 1.000e+00 0.000e+00 1.000e+00 0.000e+00 0.000e+00 1.000e+00
 0.000e+00 0.000e+00 0.000e+00 0.000e+00 4.096e+03 4.000e+00 4.000e+00]","[1.000e+00 1.000e+00 0.000e+00 1.000e+00 0.000e+00 0.000e+00 1.000e+00
 0.000e+00 0.000e+00 0.000e+00 0.000e+00 4.096e+03 0.000e+00 1.000e+00]",[  1.   1.   0.   1.   0.   0.   1.   0.   0.   0.   0. 256.   0.   6.],"[0.000e+00 1.000e+00 0.000e+00 1.000e+00 1.000e+00 0.000e+00 0.000e+00
 0.000e+00 1.000e+00 0.000e+00 0.000e+00 1.024e+03 1.000e+00 6.000e+00]","[0.000e+00 1.000e+00 1.000e+00 1.000e+00 0.000e+00 0.000e+00 1.000e+00
 0.000e+00 0.000e+00 0.000e+00 0.000e+00 4.096e+03 0.000e+00 6.000e+00]","[1.000e+00 1.000e+00 0.000e+00 1.000e+00 0.000e+00 0.000e+00 1.000e+00
 0.000e+00 0.000e+00 0.000e+00 0.000e+00 1.024e+03 3.000e+00 2.000e+00]","[1.000e+00 1.000e+00 0.000e+00 1.000e+00 0.000e+00 0.000e+00 1.000e+00
 0.000e+00 0.000e+00 0.000e+00 0.000e+00 1.024e+03 0.000e+00 4.000e+00]",[ 0.  1.  0.  1.  0.  0.  0.  0.  1.  0.  1. 64.  1.  3.],"[1.000e+00 1.000e+00 0.000e+00 1.000e+00 0.000e+00 0.000e+00 0.000e+00
 0.000e+00 1.000e+00 0.000e+00 0.000e+00 1.024e+03 0.000e+00 6.000e+00]",[ 0.  1.  0.  1.  0.  0.  0.  1.  0.  1.  0. 64.  1.  1.],[ 0.  1.  1.  1.  0.  0.  0.  0.  1.  0.  0. 64.  1.  2.],[ 0.  1.  0.  1.  0.  0.  0.  1.  1.  0.  0. 64.  0.  4.],"[0.000e+00 1.000e+00 1.000e+00 1.000e+00 0.000e+00 0.000e+00 1.000e+00
 0.000e+00 0.000e+00 0.000e+00 0.000e+00 4.096e+03 0.000e+00 3.000e+00]","[0.000e+00 1.000e+00 0.000e+00 1.000e+00 1.000e+00 0.000e+00 1.000e+00
 0.000e+00 0.000e+00 0.000e+00 0.000e+00 1.024e+03 2.000e+00 3.000e+00]","[0.000e+00 1.000e+00 0.000e+00 1.000e+00 0.000e+00 0.000e+00 1.000e+00
 0.000e+00 0.000e+00 0.000e+00 1.000e+00 4.096e+03 1.000e+00 0.000e+00]","[0.000e+00 1.000e+00 1.000e+00 1.000e+00 0.000e+00 0.000e+00 1.000e+00
 0.000e+00 0.000e+00 0.000e+00 0.000e+00 1.024e+03 0.000e+00 5.000e+00]","[1.000e+00 1.000e+00 0.000e+00 1.000e+00 0.000e+00 0.000e+00 0.000e+00
 0.000e+00 1.000e+00 0.000e+00 0.000e+00 4.096e+03 2.000e+00 4.000e+00]",[ 0.  1.  0.  1.  0.  0.  1.  1.  0.  0.  0. 64.  4.  1.],[ 1.  1.  0.  1.  0.  0.  1.  0.  0.  0.  0. 64.  2.  1.]
273.083,335.29,218.287,284.331,404.077,193.926,303.602,351.525,515.107,2132.19,125.993,149.038,162.318,115.557,157.504,184.046,162.486,122.076,127.204,128.278,436.704,221.63,295.952,217.579,124.428,258.453,226.841,154.333,143.214,345.516,173.812,256.732,160.51,2514.9,250.534,233.703,265.804,280.078,354.322,396.436,285.108,286.938,260.416,245.238,228.642,217.636,239.39,252.565,226.854,245.102,270.254,224.937,472.012,139.344,299.336,195.79,175.41,286.912,197.024,361.425,281.044,162.318,210.263,1108.08,282.722,263.11,345.6,228.642,250.534,287.014,348.489,254.564,221.593,257.126,313.131,212.835,282.621,228.573,228.642,315.402,283.856,210.483,320.737,255.654,478.974,457.832,358.481,558.172,267.493,275.93,246.634,1102.71,220.303,2811.89,276.125,336.607,417.606,426.654,411.197,169.715,227.837,302.21,310.703,323.363,363.37,309.507,269.866,328.769,296.023,328.92,1517.47,492.028,295.638,137.169,437.114,299.637,422.732,349.823,430.039,386.566,417.166,373.154,397.869,362.41,217.857,286.938,537.468,561.765,168.072,358.857,322.113,183.711,146.253,259.183,1095.09,137.374,326.48,387.381,341.351,422.343,331.967,267.774,154.351,409.398,253.813,282.621,250.038,335.456,516.59,246.779,406.114,170.991,126.258,419.864,2197.9,313.131,444.797,292.14,224.508,191.202,224.508,241.809,276.645,121.714,2202.82,227.681,247.049,257.949,242.981,285.02,269.262,1112.94,377.267,364.021,373.557,571.645,353.904,349.823,354.485,240.759,367.137,472.824,242.537,133.786,161.055,133.786,258.72,298.275,228.642,200.315,204.254,304.861,340.094,131.56,234.183,366.744,298.49,229.862,206.349,187.511,223.848,771.305,151.74,1442.06,205.325,312.681,137.844,231.892,241.745,1835.71,150.043
200
