1,2,3,4,5,6,7,8,9,10,11,12,13,14,15,16,17,18,19,20,21,22,23,24,25,26,27,28,29,30,31,32,33,34,35,36,37,38,39,40,41,42,43,44,45,46,47,48,49,50,51,52,53,54,55,56,57,58,59,60,61,62,63,64,65,66,67,68,69,70,71,72,73,74,75,76,77,78,79,80,81,82,83,84,85,86,87,88,89,90,91,92,93,94,95,96,97,98,99,100,101,102,103,104,105,106,107,108,109,110,111,112,113,114,115,116,117,118,119,120,121,122,123,124,125,126,127,128,129,130,131,132,133,134,135,136,137,138,139,140,141,142,143,144,145,146,147,148,149,150,151,152,153,154,155,156,157,158,159,160,161,162,163,164,165,166,167,168,169,170,171,172,173,174,175,176,177,178,179,180,181,182,183,184,185,186,187,188,189,190,191,192,193,194,195,196,197,198,199,200,201,202,203
"[1.000e+00 0.000e+00 1.000e+00 1.000e+00 1.000e+00 1.000e+00 1.000e+00
 1.000e+00 1.000e+00 1.000e+00 1.000e+00 0.000e+00 2.000e+01 1.000e+01
 3.200e+01 5.000e+01 8.000e+01 2.000e+00 8.000e+00 3.000e+00 5.000e+01
 8.000e+01 3.000e+00 1.500e+01 2.000e+01 7.500e+01 2.000e+01 4.000e+01
 2.000e+01 7.000e+01 2.000e+00 4.096e+03 8.000e+00 1.024e+03 1.000e+01]","[1.000e+00 0.000e+00 0.000e+00 1.000e+00 1.000e+00 1.000e+00 1.000e+00
 1.000e+00 0.000e+00 0.000e+00 0.000e+00 1.000e+00 1.600e+01 1.500e+01
 2.400e+01 4.500e+01 7.500e+01 4.000e+00 1.500e+01 1.000e+01 6.000e+01
 7.000e+01 4.000e+00 2.800e+01 3.500e+01 5.000e+01 2.000e+01 1.000e+01
 7.500e+01 6.500e+01 2.000e+00 4.750e+03 7.000e+00 2.048e+03 1.200e+01]","[0.000e+00 0.000e+00 0.000e+00 1.000e+00 0.000e+00 0.000e+00 0.000e+00
 0.000e+00 0.000e+00 0.000e+00 0.000e+00 1.000e+00 4.000e+00 5.000e+00
 1.100e+01 3.500e+01 5.500e+01 1.000e+01 2.100e+01 1.000e+00 5.500e+01
 6.000e+01 7.000e+00 2.400e+01 1.500e+01 6.000e+01 2.500e+01 2.000e+01
 9.000e+01 6.500e+01 8.000e+00 6.912e+03 1.600e+01 2.048e+03 1.100e+01]","[1.000e+00 0.000e+00 0.000e+00 0.000e+00 0.000e+00 0.000e+00 1.000e+00
 0.000e+00 0.000e+00 0.000e+00 0.000e+00 0.000e+00 1.000e+01 1.000e+01
 4.000e+00 5.000e+01 8.000e+01 2.000e+00 8.000e+00 3.000e+00 7.500e+01
 8.000e+01 3.000e+00 1.500e+01 2.000e+01 7.500e+01 2.000e+01 4.000e+01
 2.000e+01 7.000e+01 2.000e+00 5.120e+02 8.000e+00 1.024e+03 1.000e+01]","[1.000e+00 0.000e+00 0.000e+00 0.000e+00 0.000e+00 0.000e+00 0.000e+00
 0.000e+00 0.000e+00 0.000e+00 0.000e+00 0.000e+00 9.000e+00 5.000e+00
 6.000e+00 6.500e+01 8.500e+01 5.000e+00 2.800e+01 7.000e+00 2.500e+01
 7.000e+01 5.000e+00 1.500e+01 2.000e+01 6.500e+01 1.500e+01 1.000e+01
 1.500e+01 5.500e+01 1.000e+00 4.058e+03 1.600e+01 5.120e+02 6.000e+00]","[0.000e+00 0.000e+00 0.000e+00 0.000e+00 1.000e+00 0.000e+00 0.000e+00
 0.000e+00 1.000e+00 0.000e+00 0.000e+00 0.000e+00 1.000e+01 1.000e+01
 4.000e+00 5.000e+01 8.000e+01 2.000e+00 3.000e+01 3.000e+00 5.000e+01
 8.000e+01 1.000e+01 1.500e+01 2.000e+01 7.500e+01 2.000e+01 4.000e+01
 2.000e+01 7.000e+01 2.000e+00 4.096e+03 8.000e+00 1.024e+03 1.000e+01]","[1.00e+00 0.00e+00 0.00e+00 0.00e+00 0.00e+00 1.00e+00 0.00e+00 0.00e+00
 0.00e+00 0.00e+00 0.00e+00 0.00e+00 1.40e+01 3.50e+01 3.00e+00 3.50e+01
 5.50e+01 7.00e+00 7.00e+00 1.00e+00 2.50e+01 8.00e+01 3.00e+00 2.90e+01
 1.00e+01 5.00e+01 2.00e+01 2.50e+01 7.50e+01 6.50e+01 8.00e+00 8.14e+03
 2.00e+00 5.12e+02 2.10e+01]","[1.000e+00 1.000e+00 1.000e+00 1.000e+00 1.000e+00 1.000e+00 1.000e+00
 1.000e+00 0.000e+00 1.000e+00 1.000e+00 0.000e+00 1.000e+01 5.000e+00
 1.000e+00 3.000e+01 8.000e+01 3.000e+00 5.000e+00 3.000e+00 5.000e+01
 8.500e+01 5.000e+00 3.000e+01 5.000e+01 7.000e+01 1.500e+01 2.000e+01
 1.000e+01 5.000e+01 8.000e+00 6.062e+03 3.000e+00 1.024e+03 2.100e+01]","[1.000e+00 0.000e+00 0.000e+00 1.000e+00 1.000e+00 0.000e+00 0.000e+00
 0.000e+00 1.000e+00 0.000e+00 0.000e+00 1.000e+00 1.000e+00 2.000e+01
 2.800e+01 7.500e+01 9.000e+01 1.100e+01 1.400e+01 1.000e+00 4.000e+01
 8.000e+01 1.000e+01 1.000e+01 2.000e+01 9.000e+01 4.500e+01 3.500e+01
 4.000e+01 8.000e+01 8.000e+00 5.836e+03 8.000e+00 2.048e+03 1.500e+01]","[1.000e+00 0.000e+00 0.000e+00 0.000e+00 0.000e+00 0.000e+00 0.000e+00
 0.000e+00 0.000e+00 0.000e+00 0.000e+00 1.000e+00 1.600e+01 2.000e+01
 1.000e+00 5.000e+01 6.000e+01 1.200e+01 1.400e+01 5.000e+00 3.500e+01
 7.500e+01 2.000e+00 1.500e+01 1.500e+01 7.000e+01 3.000e+01 1.000e+01
 2.500e+01 5.000e+01 8.000e+00 6.198e+03 5.000e+00 1.024e+03 1.500e+01]","[0.000e+00 0.000e+00 0.000e+00 1.000e+00 0.000e+00 0.000e+00 0.000e+00
 0.000e+00 0.000e+00 0.000e+00 0.000e+00 1.000e+00 1.000e+01 4.000e+01
 4.000e+00 5.000e+01 8.000e+01 2.000e+00 8.000e+00 3.000e+00 5.000e+01
 8.000e+01 3.000e+00 1.500e+01 2.000e+01 7.500e+01 2.000e+01 4.000e+01
 2.000e+01 7.000e+01 3.200e+01 4.096e+03 8.000e+00 1.024e+03 1.000e+01]","[0.000e+00 1.000e+00 1.000e+00 0.000e+00 0.000e+00 1.000e+00 1.000e+00
 1.000e+00 0.000e+00 0.000e+00 1.000e+00 1.000e+00 1.900e+01 1.500e+01
 2.200e+01 4.500e+01 5.500e+01 1.100e+01 3.000e+00 8.000e+00 3.500e+01
 9.000e+01 1.000e+00 1.600e+01 2.000e+01 8.500e+01 1.500e+01 4.500e+01
 2.500e+01 7.000e+01 1.600e+01 3.754e+03 8.000e+00 5.120e+02 2.000e+01]","[1.000e+00 0.000e+00 1.000e+00 1.000e+00 1.000e+00 1.000e+00 1.000e+00
 1.000e+00 0.000e+00 1.000e+00 1.000e+00 1.000e+00 2.000e+01 1.000e+01
 4.000e+00 5.000e+01 8.000e+01 2.000e+00 8.000e+00 3.000e+00 5.000e+01
 8.000e+01 3.000e+00 1.500e+01 2.000e+01 7.500e+01 5.000e+01 4.000e+01
 2.000e+01 7.000e+01 2.000e+00 4.096e+03 8.000e+00 1.024e+03 1.000e+01]","[1.000e+00 0.000e+00 1.000e+00 1.000e+00 1.000e+00 1.000e+00 1.000e+00
 0.000e+00 0.000e+00 1.000e+00 1.000e+00 0.000e+00 1.600e+01 2.500e+01
 8.000e+00 5.000e+01 8.000e+01 1.000e+01 8.000e+00 1.000e+01 4.000e+01
 9.000e+01 8.000e+00 1.100e+01 4.500e+01 9.000e+01 4.000e+01 4.500e+01
 5.000e+01 9.000e+01 1.000e+00 6.650e+02 2.000e+00 1.024e+03 9.000e+00]","[0.000e+00 1.000e+00 1.000e+00 1.000e+00 0.000e+00 0.000e+00 1.000e+00
 0.000e+00 0.000e+00 0.000e+00 0.000e+00 0.000e+00 9.000e+00 3.000e+01
 3.200e+01 3.500e+01 6.000e+01 7.000e+00 1.900e+01 1.000e+00 7.000e+01
 8.000e+01 1.000e+00 1.800e+01 1.500e+01 8.000e+01 2.500e+01 1.500e+01
 5.000e+01 6.500e+01 8.000e+00 3.252e+03 1.300e+01 1.024e+03 2.300e+01]","[0.000e+00 0.000e+00 1.000e+00 0.000e+00 0.000e+00 0.000e+00 0.000e+00
 0.000e+00 1.000e+00 0.000e+00 1.000e+00 0.000e+00 1.000e+01 1.000e+01
 4.000e+00 5.000e+01 8.000e+01 2.000e+00 8.000e+00 3.000e+00 5.000e+01
 8.000e+01 3.000e+00 1.500e+01 2.000e+01 7.500e+01 2.000e+01 1.000e+01
 2.000e+01 7.000e+01 3.200e+01 4.096e+03 8.000e+00 1.024e+03 1.000e+01]","[1.000e+00 0.000e+00 1.000e+00 0.000e+00 0.000e+00 1.000e+00 1.000e+00
 0.000e+00 0.000e+00 1.000e+00 0.000e+00 0.000e+00 1.800e+01 1.000e+01
 3.000e+01 7.000e+01 8.500e+01 8.000e+00 2.000e+00 8.000e+00 7.500e+01
 6.000e+01 6.000e+00 1.700e+01 4.000e+01 6.000e+01 5.000e+01 2.500e+01
 3.000e+01 7.000e+01 1.000e+00 2.124e+03 1.000e+01 5.120e+02 1.500e+01]","[1.000e+00 0.000e+00 1.000e+00 0.000e+00 0.000e+00 0.000e+00 0.000e+00
 0.000e+00 0.000e+00 0.000e+00 0.000e+00 0.000e+00 9.000e+00 2.500e+01
 1.700e+01 6.000e+01 6.000e+01 8.000e+00 1.400e+01 8.000e+00 4.500e+01
 8.000e+01 3.000e+00 2.500e+01 3.000e+01 9.000e+01 3.500e+01 2.500e+01
 2.500e+01 7.500e+01 2.000e+00 5.078e+03 9.000e+00 1.024e+03 8.000e+00]","[1.000e+00 0.000e+00 1.000e+00 0.000e+00 0.000e+00 0.000e+00 0.000e+00
 0.000e+00 0.000e+00 0.000e+00 1.000e+00 0.000e+00 2.000e+00 1.500e+01
 2.000e+01 3.500e+01 6.000e+01 1.400e+01 2.600e+01 6.000e+00 3.000e+01
 8.000e+01 1.000e+00 9.000e+00 5.000e+01 7.000e+01 5.000e+01 4.500e+01
 1.500e+01 6.000e+01 3.200e+01 4.328e+03 8.000e+00 5.120e+02 9.000e+00]","[1.000e+00 1.000e+00 1.000e+00 1.000e+00 1.000e+00 0.000e+00 1.000e+00
 1.000e+00 0.000e+00 1.000e+00 1.000e+00 1.000e+00 1.500e+01 1.500e+01
 8.000e+00 4.500e+01 5.500e+01 9.000e+00 9.000e+00 6.000e+00 6.500e+01
 5.500e+01 5.000e+00 4.000e+00 2.000e+01 6.000e+01 4.000e+01 2.000e+01
 6.000e+01 5.500e+01 3.200e+01 5.685e+03 1.000e+01 2.048e+03 2.200e+01]","[1.000e+00 0.000e+00 0.000e+00 0.000e+00 1.000e+00 0.000e+00 0.000e+00
 0.000e+00 0.000e+00 0.000e+00 0.000e+00 0.000e+00 2.000e+01 2.500e+01
 1.000e+00 6.500e+01 7.500e+01 1.300e+01 2.600e+01 7.000e+00 4.000e+01
 7.500e+01 3.000e+00 3.000e+01 4.500e+01 8.500e+01 5.000e+01 3.500e+01
 2.500e+01 6.500e+01 2.000e+00 7.135e+03 8.000e+00 1.024e+03 6.000e+00]","[1.000e+00 0.000e+00 1.000e+00 1.000e+00 1.000e+00 0.000e+00 1.000e+00
 0.000e+00 1.000e+00 1.000e+00 1.000e+00 1.000e+00 1.600e+01 1.000e+01
 2.700e+01 4.000e+01 7.500e+01 4.000e+00 2.700e+01 5.000e+00 7.000e+01
 5.500e+01 8.000e+00 1.300e+01 2.500e+01 6.500e+01 4.000e+01 2.500e+01
 1.000e+01 5.500e+01 3.200e+01 6.358e+03 4.000e+00 1.024e+03 7.000e+00]","[0.000e+00 0.000e+00 1.000e+00 0.000e+00 1.000e+00 1.000e+00 0.000e+00
 1.000e+00 1.000e+00 0.000e+00 1.000e+00 1.000e+00 4.000e+00 2.000e+01
 9.000e+00 5.500e+01 8.000e+01 1.000e+01 2.300e+01 3.000e+00 6.000e+01
 6.000e+01 9.000e+00 2.100e+01 2.000e+01 7.500e+01 1.500e+01 3.000e+01
 3.500e+01 6.000e+01 8.000e+00 1.106e+03 1.500e+01 1.024e+03 8.000e+00]","[1.000e+00 1.000e+00 1.000e+00 1.000e+00 1.000e+00 0.000e+00 1.000e+00
 1.000e+00 0.000e+00 1.000e+00 1.000e+00 1.000e+00 4.000e+00 2.000e+01
 3.000e+00 4.500e+01 8.000e+01 1.300e+01 1.000e+01 7.000e+00 5.500e+01
 7.500e+01 6.000e+00 2.800e+01 2.000e+01 8.000e+01 2.000e+01 3.500e+01
 7.500e+01 8.500e+01 1.600e+01 7.579e+03 9.000e+00 2.048e+03 1.700e+01]","[1.000e+00 0.000e+00 1.000e+00 1.000e+00 1.000e+00 0.000e+00 1.000e+00
 1.000e+00 1.000e+00 1.000e+00 1.000e+00 1.000e+00 1.000e+01 1.000e+01
 4.000e+00 5.000e+01 8.000e+01 2.000e+00 8.000e+00 3.000e+00 5.000e+01
 8.000e+01 1.000e+01 1.500e+01 2.000e+01 7.500e+01 2.000e+01 1.000e+01
 2.000e+01 7.000e+01 2.000e+00 4.096e+03 8.000e+00 1.024e+03 1.000e+01]","[1.000e+00 0.000e+00 0.000e+00 0.000e+00 0.000e+00 0.000e+00 0.000e+00
 0.000e+00 1.000e+00 0.000e+00 0.000e+00 0.000e+00 1.000e+01 1.000e+01
 3.200e+01 5.000e+01 8.000e+01 2.000e+00 8.000e+00 3.000e+00 5.000e+01
 8.000e+01 3.000e+00 1.500e+01 5.000e+01 7.500e+01 2.000e+01 4.000e+01
 2.000e+01 7.000e+01 2.000e+00 4.096e+03 8.000e+00 1.024e+03 1.000e+01]","[0.000e+00 0.000e+00 1.000e+00 1.000e+00 1.000e+00 0.000e+00 0.000e+00
 1.000e+00 0.000e+00 1.000e+00 0.000e+00 0.000e+00 1.100e+01 5.000e+00
 2.900e+01 6.000e+01 8.500e+01 1.300e+01 2.800e+01 5.000e+00 4.000e+01
 6.000e+01 5.000e+00 1.200e+01 3.500e+01 6.000e+01 3.000e+01 2.000e+01
 1.500e+01 7.000e+01 1.000e+00 7.932e+03 8.000e+00 5.120e+02 9.000e+00]","[0.000e+00 0.000e+00 1.000e+00 0.000e+00 0.000e+00 1.000e+00 1.000e+00
 0.000e+00 1.000e+00 0.000e+00 1.000e+00 0.000e+00 6.000e+00 2.000e+01
 1.100e+01 7.000e+01 6.000e+01 1.100e+01 2.400e+01 6.000e+00 4.500e+01
 6.500e+01 6.000e+00 1.100e+01 2.500e+01 5.000e+01 4.000e+01 2.500e+01
 6.500e+01 7.500e+01 4.000e+00 3.978e+03 9.000e+00 5.120e+02 1.900e+01]","[1.000e+00 0.000e+00 1.000e+00 0.000e+00 0.000e+00 0.000e+00 0.000e+00
 0.000e+00 0.000e+00 0.000e+00 0.000e+00 0.000e+00 1.000e+01 1.000e+01
 4.000e+00 5.000e+01 5.500e+01 2.000e+00 8.000e+00 3.000e+00 5.000e+01
 8.000e+01 3.000e+00 1.500e+01 5.000e+01 7.500e+01 2.000e+01 4.000e+01
 2.000e+01 7.000e+01 2.000e+00 4.096e+03 8.000e+00 1.024e+03 1.000e+01]","[1.000e+00 1.000e+00 1.000e+00 1.000e+00 1.000e+00 0.000e+00 1.000e+00
 0.000e+00 0.000e+00 1.000e+00 0.000e+00 0.000e+00 1.400e+01 1.000e+01
 3.200e+01 4.000e+01 6.500e+01 1.000e+01 3.000e+01 1.000e+00 3.500e+01
 8.500e+01 7.000e+00 1.800e+01 2.000e+01 5.500e+01 2.000e+01 1.500e+01
 4.500e+01 9.000e+01 2.000e+00 5.725e+03 3.000e+00 2.560e+02 9.000e+00]","[0.000e+00 0.000e+00 1.000e+00 1.000e+00 1.000e+00 1.000e+00 1.000e+00
 1.000e+00 1.000e+00 1.000e+00 1.000e+00 0.000e+00 4.000e+00 5.000e+00
 6.000e+00 4.500e+01 8.000e+01 5.000e+00 2.800e+01 9.000e+00 2.500e+01
 7.500e+01 4.000e+00 1.500e+01 2.000e+01 8.000e+01 4.500e+01 1.500e+01
 3.500e+01 7.500e+01 2.000e+00 7.394e+03 2.000e+00 2.048e+03 1.400e+01]","[0.000e+00 1.000e+00 1.000e+00 0.000e+00 0.000e+00 0.000e+00 0.000e+00
 0.000e+00 0.000e+00 0.000e+00 1.000e+00 0.000e+00 1.000e+01 1.000e+01
 4.000e+00 5.000e+01 8.000e+01 2.000e+00 8.000e+00 3.000e+00 5.000e+01
 8.000e+01 1.000e+01 1.500e+01 5.000e+01 7.500e+01 2.000e+01 4.000e+01
 2.000e+01 7.000e+01 2.000e+00 4.096e+03 8.000e+00 1.024e+03 1.000e+01]","[1.000e+00 1.000e+00 1.000e+00 1.000e+00 0.000e+00 0.000e+00 1.000e+00
 1.000e+00 0.000e+00 0.000e+00 1.000e+00 1.000e+00 6.000e+00 2.000e+01
 1.100e+01 7.000e+01 6.000e+01 1.100e+01 2.400e+01 6.000e+00 4.500e+01
 6.500e+01 6.000e+00 1.100e+01 2.500e+01 5.000e+01 4.000e+01 2.500e+01
 6.500e+01 7.500e+01 4.000e+00 3.978e+03 9.000e+00 5.120e+02 1.900e+01]","[1.000e+00 1.000e+00 1.000e+00 1.000e+00 1.000e+00 0.000e+00 1.000e+00
 1.000e+00 0.000e+00 1.000e+00 0.000e+00 1.000e+00 6.000e+00 2.000e+01
 1.100e+01 7.000e+01 6.000e+01 1.100e+01 2.400e+01 6.000e+00 4.500e+01
 6.500e+01 6.000e+00 1.100e+01 2.500e+01 5.000e+01 4.000e+01 2.500e+01
 6.500e+01 7.500e+01 4.000e+00 3.978e+03 9.000e+00 5.120e+02 1.900e+01]","[0.000e+00 1.000e+00 1.000e+00 1.000e+00 1.000e+00 1.000e+00 1.000e+00
 0.000e+00 0.000e+00 0.000e+00 1.000e+00 0.000e+00 5.000e+00 4.000e+01
 1.500e+01 5.500e+01 8.500e+01 8.000e+00 1.200e+01 5.000e+00 4.000e+01
 7.000e+01 1.000e+01 2.500e+01 2.000e+01 6.500e+01 2.000e+01 1.500e+01
 4.500e+01 6.000e+01 8.000e+00 6.509e+03 1.600e+01 2.048e+03 2.300e+01]","[1.000e+00 1.000e+00 1.000e+00 1.000e+00 1.000e+00 0.000e+00 1.000e+00
 0.000e+00 0.000e+00 1.000e+00 0.000e+00 0.000e+00 2.000e+00 3.500e+01
 2.600e+01 3.500e+01 5.500e+01 8.000e+00 6.000e+00 8.000e+00 3.000e+01
 5.500e+01 9.000e+00 1.000e+01 4.000e+01 7.500e+01 2.500e+01 4.500e+01
 1.000e+01 7.500e+01 1.600e+01 6.299e+03 5.000e+00 5.120e+02 1.800e+01]","[0.000e+00 1.000e+00 1.000e+00 0.000e+00 1.000e+00 1.000e+00 1.000e+00
 0.000e+00 0.000e+00 1.000e+00 1.000e+00 0.000e+00 1.100e+01 5.000e+00
 2.900e+01 6.000e+01 8.500e+01 1.300e+01 2.800e+01 5.000e+00 4.000e+01
 6.000e+01 5.000e+00 1.200e+01 3.500e+01 6.000e+01 3.000e+01 2.000e+01
 1.500e+01 7.000e+01 1.000e+00 7.932e+03 8.000e+00 5.120e+02 9.000e+00]","[0.000e+00 0.000e+00 1.000e+00 0.000e+00 0.000e+00 1.000e+00 0.000e+00
 0.000e+00 0.000e+00 1.000e+00 0.000e+00 0.000e+00 1.000e+01 1.000e+01
 4.000e+00 7.500e+01 8.000e+01 2.000e+00 8.000e+00 3.000e+00 5.000e+01
 8.000e+01 3.000e+00 1.500e+01 2.000e+01 9.000e+01 2.000e+01 4.000e+01
 2.000e+01 7.000e+01 2.000e+00 4.096e+03 8.000e+00 1.024e+03 1.000e+01]","[1.000e+00 0.000e+00 1.000e+00 1.000e+00 0.000e+00 1.000e+00 1.000e+00
 1.000e+00 0.000e+00 0.000e+00 0.000e+00 1.000e+00 1.900e+01 1.500e+01
 2.200e+01 4.500e+01 5.500e+01 1.100e+01 3.000e+00 8.000e+00 3.500e+01
 9.000e+01 1.000e+00 1.600e+01 2.000e+01 8.500e+01 1.500e+01 4.500e+01
 2.500e+01 7.000e+01 1.600e+01 3.754e+03 8.000e+00 5.120e+02 2.000e+01]","[1.000e+00 0.000e+00 1.000e+00 1.000e+00 1.000e+00 1.000e+00 0.000e+00
 1.000e+00 1.000e+00 1.000e+00 1.000e+00 1.000e+00 1.900e+01 1.500e+01
 1.800e+01 5.000e+01 7.500e+01 6.000e+00 2.400e+01 7.000e+00 4.000e+01
 6.500e+01 1.000e+00 2.600e+01 4.000e+01 5.000e+01 2.000e+01 2.500e+01
 7.000e+01 5.500e+01 8.000e+00 7.657e+03 3.000e+00 2.560e+02 2.000e+01]","[0.000e+00 0.000e+00 1.000e+00 0.000e+00 1.000e+00 1.000e+00 0.000e+00
 1.000e+00 1.000e+00 1.000e+00 1.000e+00 1.000e+00 6.000e+00 2.000e+01
 1.100e+01 7.000e+01 6.000e+01 1.100e+01 2.400e+01 6.000e+00 4.500e+01
 6.500e+01 6.000e+00 1.100e+01 2.500e+01 5.000e+01 4.000e+01 2.500e+01
 6.500e+01 7.500e+01 4.000e+00 3.978e+03 9.000e+00 5.120e+02 1.900e+01]","[1.000e+00 1.000e+00 1.000e+00 1.000e+00 1.000e+00 1.000e+00 1.000e+00
 1.000e+00 0.000e+00 1.000e+00 1.000e+00 0.000e+00 1.000e+00 2.000e+01
 1.300e+01 4.500e+01 7.000e+01 5.000e+00 2.000e+01 4.000e+00 6.000e+01
 7.000e+01 6.000e+00 4.000e+00 4.000e+01 8.000e+01 5.000e+01 4.000e+01
 4.500e+01 7.500e+01 8.000e+00 1.588e+03 4.000e+00 5.120e+02 8.000e+00]","[1.000e+00 1.000e+00 1.000e+00 1.000e+00 0.000e+00 1.000e+00 1.000e+00
 0.000e+00 0.000e+00 0.000e+00 1.000e+00 1.000e+00 6.000e+00 2.000e+01
 1.600e+01 2.500e+01 8.500e+01 5.000e+00 1.500e+01 9.000e+00 6.500e+01
 8.000e+01 5.000e+00 2.100e+01 4.000e+01 7.000e+01 3.000e+01 1.500e+01
 4.500e+01 9.000e+01 1.600e+01 1.858e+03 1.600e+01 1.024e+03 2.200e+01]","[0.000e+00 0.000e+00 1.000e+00 1.000e+00 0.000e+00 1.000e+00 0.000e+00
 1.000e+00 1.000e+00 0.000e+00 1.000e+00 0.000e+00 6.000e+00 2.000e+01
 1.600e+01 2.500e+01 8.500e+01 5.000e+00 1.500e+01 9.000e+00 6.500e+01
 8.000e+01 5.000e+00 2.100e+01 4.000e+01 7.000e+01 3.000e+01 1.500e+01
 4.500e+01 9.000e+01 1.600e+01 1.858e+03 1.600e+01 1.024e+03 2.200e+01]","[0.000e+00 0.000e+00 1.000e+00 1.000e+00 0.000e+00 0.000e+00 0.000e+00
 0.000e+00 0.000e+00 0.000e+00 0.000e+00 0.000e+00 1.000e+01 1.000e+01
 4.000e+00 5.000e+01 8.000e+01 2.000e+00 8.000e+00 3.000e+00 5.000e+01
 5.500e+01 3.000e+00 1.500e+01 5.000e+01 7.500e+01 2.000e+01 4.000e+01
 2.000e+01 7.000e+01 2.000e+00 4.096e+03 8.000e+00 1.024e+03 1.000e+01]","[1.000e+00 0.000e+00 1.000e+00 0.000e+00 1.000e+00 0.000e+00 1.000e+00
 1.000e+00 1.000e+00 1.000e+00 0.000e+00 0.000e+00 2.000e+00 5.000e+00
 1.500e+01 7.500e+01 6.500e+01 3.000e+00 1.700e+01 2.000e+00 5.000e+01
 6.000e+01 3.000e+00 7.000e+00 2.000e+01 7.000e+01 3.500e+01 3.000e+01
 4.500e+01 7.500e+01 1.000e+00 3.488e+03 4.000e+00 1.024e+03 2.200e+01]","[1.00e+00 0.00e+00 1.00e+00 1.00e+00 0.00e+00 0.00e+00 0.00e+00 1.00e+00
 1.00e+00 1.00e+00 1.00e+00 0.00e+00 3.00e+00 1.50e+01 1.50e+01 4.00e+01
 6.50e+01 1.10e+01 1.70e+01 1.00e+01 7.50e+01 8.00e+01 1.00e+01 1.80e+01
 2.00e+01 7.50e+01 1.00e+01 4.00e+01 2.50e+01 7.50e+01 2.00e+00 4.31e+03
 1.40e+01 5.12e+02 8.00e+00]","[0.000e+00 0.000e+00 1.000e+00 0.000e+00 0.000e+00 0.000e+00 0.000e+00
 1.000e+00 0.000e+00 0.000e+00 1.000e+00 0.000e+00 1.000e+00 1.000e+01
 1.100e+01 4.500e+01 7.500e+01 4.000e+00 1.100e+01 1.000e+01 6.500e+01
 7.000e+01 7.000e+00 3.000e+01 1.500e+01 6.500e+01 1.500e+01 3.500e+01
 4.000e+01 5.000e+01 4.000e+00 5.120e+02 8.000e+00 2.048e+03 2.500e+01]","[0.000e+00 0.000e+00 1.000e+00 1.000e+00 0.000e+00 0.000e+00 1.000e+00
 1.000e+00 0.000e+00 1.000e+00 1.000e+00 0.000e+00 6.000e+00 2.000e+01
 1.100e+01 7.000e+01 6.000e+01 1.100e+01 2.400e+01 6.000e+00 4.500e+01
 6.500e+01 6.000e+00 1.100e+01 2.500e+01 5.000e+01 4.000e+01 2.500e+01
 6.500e+01 7.500e+01 4.000e+00 3.978e+03 9.000e+00 5.120e+02 1.900e+01]","[0.000e+00 1.000e+00 1.000e+00 0.000e+00 0.000e+00 0.000e+00 1.000e+00
 0.000e+00 0.000e+00 0.000e+00 0.000e+00 0.000e+00 1.300e+01 2.500e+01
 1.100e+01 7.500e+01 6.500e+01 1.600e+01 1.600e+01 1.100e+01 2.500e+01
 6.500e+01 7.000e+00 1.200e+01 1.500e+01 9.000e+01 2.000e+01 1.000e+01
 7.000e+01 7.500e+01 2.000e+00 8.192e+03 4.000e+00 5.120e+02 1.700e+01]","[0.000e+00 1.000e+00 1.000e+00 1.000e+00 0.000e+00 1.000e+00 0.000e+00
 0.000e+00 0.000e+00 1.000e+00 0.000e+00 1.000e+00 1.900e+01 1.500e+01
 2.200e+01 4.500e+01 5.500e+01 1.100e+01 3.000e+00 8.000e+00 3.500e+01
 9.000e+01 1.000e+00 1.600e+01 2.000e+01 8.500e+01 1.500e+01 4.500e+01
 2.500e+01 7.000e+01 1.600e+01 3.754e+03 8.000e+00 5.120e+02 2.000e+01]","[0.000e+00 0.000e+00 1.000e+00 0.000e+00 0.000e+00 1.000e+00 0.000e+00
 0.000e+00 0.000e+00 1.000e+00 0.000e+00 0.000e+00 6.000e+00 2.500e+01
 9.000e+00 4.500e+01 8.500e+01 6.000e+00 2.200e+01 1.000e+00 3.500e+01
 9.000e+01 1.000e+00 1.000e+01 3.000e+01 9.000e+01 1.000e+01 4.000e+01
 9.000e+01 9.000e+01 8.000e+00 5.120e+02 2.000e+00 1.024e+03 2.500e+01]","[  0.   0.   1.   0.   0.   0.   1.   0.   0.   0.   1.   0.  12.  15.
  21.  70.  70.   8.   2.   3.  50.  65.   9.  17.  45.  80.  20.  15.
  50.  85.   1. 944.   9. 512.  19.]","[1.000e+00 1.000e+00 1.000e+00 0.000e+00 0.000e+00 0.000e+00 1.000e+00
 1.000e+00 0.000e+00 1.000e+00 0.000e+00 1.000e+00 6.000e+00 2.000e+01
 1.100e+01 7.000e+01 6.000e+01 1.100e+01 2.400e+01 6.000e+00 4.500e+01
 6.500e+01 6.000e+00 1.100e+01 2.500e+01 5.000e+01 4.000e+01 2.500e+01
 6.500e+01 7.500e+01 4.000e+00 3.978e+03 9.000e+00 5.120e+02 1.900e+01]","[1.000e+00 0.000e+00 1.000e+00 1.000e+00 1.000e+00 1.000e+00 1.000e+00
 1.000e+00 1.000e+00 0.000e+00 0.000e+00 0.000e+00 6.000e+00 2.000e+01
 1.100e+01 7.000e+01 6.000e+01 1.100e+01 2.400e+01 6.000e+00 4.500e+01
 6.500e+01 6.000e+00 1.100e+01 2.500e+01 5.000e+01 4.000e+01 2.500e+01
 6.500e+01 7.500e+01 4.000e+00 3.978e+03 9.000e+00 5.120e+02 1.900e+01]","[1.000e+00 1.000e+00 1.000e+00 0.000e+00 1.000e+00 1.000e+00 0.000e+00
 1.000e+00 0.000e+00 0.000e+00 0.000e+00 1.000e+00 1.200e+01 4.000e+01
 9.000e+00 5.500e+01 7.500e+01 1.100e+01 1.600e+01 4.000e+00 4.500e+01
 6.000e+01 7.000e+00 2.600e+01 2.500e+01 5.000e+01 2.500e+01 4.000e+01
 2.500e+01 6.500e+01 2.000e+00 6.670e+03 1.400e+01 2.048e+03 6.000e+00]","[1.000e+00 1.000e+00 1.000e+00 1.000e+00 1.000e+00 1.000e+00 0.000e+00
 1.000e+00 0.000e+00 1.000e+00 1.000e+00 1.000e+00 6.000e+00 2.000e+01
 1.100e+01 7.000e+01 6.000e+01 1.100e+01 2.400e+01 6.000e+00 4.500e+01
 6.500e+01 6.000e+00 1.100e+01 2.500e+01 5.000e+01 4.000e+01 2.500e+01
 6.500e+01 7.500e+01 4.000e+00 3.978e+03 9.000e+00 5.120e+02 1.900e+01]","[1.000e+00 0.000e+00 1.000e+00 0.000e+00 0.000e+00 0.000e+00 0.000e+00
 1.000e+00 0.000e+00 0.000e+00 0.000e+00 0.000e+00 5.000e+00 3.500e+01
 2.300e+01 5.500e+01 7.000e+01 5.000e+00 1.200e+01 6.000e+00 6.000e+01
 7.000e+01 4.000e+00 2.400e+01 2.500e+01 8.000e+01 4.000e+01 4.500e+01
 9.000e+01 6.000e+01 8.000e+00 5.263e+03 8.000e+00 2.560e+02 1.600e+01]","[1.000e+00 0.000e+00 1.000e+00 0.000e+00 0.000e+00 0.000e+00 0.000e+00
 0.000e+00 0.000e+00 1.000e+00 0.000e+00 0.000e+00 4.000e+00 1.000e+01
 2.000e+00 7.000e+01 6.000e+01 5.000e+00 2.800e+01 6.000e+00 5.000e+01
 6.000e+01 8.000e+00 2.000e+01 1.500e+01 8.000e+01 4.500e+01 5.000e+01
 1.000e+01 5.500e+01 8.000e+00 7.200e+03 4.000e+00 2.048e+03 7.000e+00]","[0.000e+00 0.000e+00 0.000e+00 0.000e+00 0.000e+00 0.000e+00 0.000e+00
 0.000e+00 0.000e+00 0.000e+00 0.000e+00 1.000e+00 1.300e+01 3.000e+01
 3.000e+00 6.500e+01 7.000e+01 1.400e+01 7.000e+00 8.000e+00 7.000e+01
 6.000e+01 7.000e+00 2.000e+01 4.500e+01 8.000e+01 1.500e+01 3.000e+01
 2.000e+01 9.000e+01 1.600e+01 6.943e+03 1.100e+01 5.120e+02 1.600e+01]","[1.000e+00 0.000e+00 1.000e+00 1.000e+00 1.000e+00 1.000e+00 0.000e+00
 1.000e+00 1.000e+00 1.000e+00 1.000e+00 1.000e+00 1.000e+01 1.000e+01
 4.000e+00 5.000e+01 8.000e+01 2.000e+00 8.000e+00 3.000e+00 5.000e+01
 5.500e+01 3.000e+00 1.500e+01 2.000e+01 7.500e+01 2.000e+01 4.000e+01
 9.000e+01 7.000e+01 2.000e+00 4.096e+03 8.000e+00 1.024e+03 1.000e+01]","[1.000e+00 0.000e+00 1.000e+00 1.000e+00 1.000e+00 1.000e+00 1.000e+00
 0.000e+00 0.000e+00 0.000e+00 1.000e+00 1.000e+00 1.700e+01 3.000e+01
 1.800e+01 7.500e+01 6.500e+01 5.000e+00 5.000e+00 3.000e+00 5.500e+01
 7.000e+01 2.000e+00 2.200e+01 3.000e+01 9.000e+01 1.000e+01 3.000e+01
 6.500e+01 7.000e+01 8.000e+00 4.590e+03 1.400e+01 2.048e+03 2.300e+01]","[1.00e+00 1.00e+00 1.00e+00 0.00e+00 1.00e+00 0.00e+00 1.00e+00 1.00e+00
 0.00e+00 1.00e+00 1.00e+00 0.00e+00 3.00e+00 1.50e+01 1.50e+01 4.00e+01
 6.50e+01 1.10e+01 1.70e+01 1.00e+01 7.50e+01 8.00e+01 1.00e+01 1.80e+01
 2.00e+01 7.50e+01 1.00e+01 4.00e+01 2.50e+01 7.50e+01 2.00e+00 4.31e+03
 1.40e+01 5.12e+02 8.00e+00]","[1.000e+00 1.000e+00 1.000e+00 1.000e+00 0.000e+00 0.000e+00 1.000e+00
 1.000e+00 0.000e+00 0.000e+00 0.000e+00 1.000e+00 4.000e+00 2.000e+01
 9.000e+00 5.500e+01 8.000e+01 1.000e+01 2.300e+01 3.000e+00 6.000e+01
 6.000e+01 9.000e+00 2.100e+01 2.000e+01 7.500e+01 1.500e+01 3.000e+01
 3.500e+01 6.000e+01 8.000e+00 1.106e+03 1.500e+01 1.024e+03 8.000e+00]","[0.000e+00 1.000e+00 1.000e+00 0.000e+00 1.000e+00 1.000e+00 0.000e+00
 0.000e+00 0.000e+00 0.000e+00 0.000e+00 1.000e+00 1.800e+01 1.000e+01
 3.000e+01 7.000e+01 8.500e+01 8.000e+00 2.000e+00 8.000e+00 7.500e+01
 6.000e+01 6.000e+00 1.700e+01 4.000e+01 6.000e+01 5.000e+01 2.500e+01
 3.000e+01 7.000e+01 1.000e+00 2.124e+03 1.000e+01 5.120e+02 1.500e+01]","[1.000e+00 0.000e+00 1.000e+00 0.000e+00 1.000e+00 1.000e+00 1.000e+00
 1.000e+00 1.000e+00 1.000e+00 1.000e+00 1.000e+00 1.000e+01 3.000e+01
 2.000e+01 7.500e+01 8.000e+01 5.000e+00 5.000e+00 1.000e+01 3.000e+01
 7.500e+01 1.000e+01 1.500e+01 3.500e+01 6.500e+01 3.500e+01 2.000e+01
 2.500e+01 8.000e+01 1.600e+01 6.355e+03 9.000e+00 1.024e+03 2.200e+01]","[1.000e+00 0.000e+00 1.000e+00 1.000e+00 0.000e+00 0.000e+00 1.000e+00
 0.000e+00 0.000e+00 0.000e+00 0.000e+00 1.000e+00 1.100e+01 5.000e+00
 2.900e+01 6.000e+01 8.500e+01 1.300e+01 2.800e+01 5.000e+00 4.000e+01
 6.000e+01 5.000e+00 1.200e+01 3.500e+01 6.000e+01 3.000e+01 2.000e+01
 1.500e+01 7.000e+01 1.000e+00 7.932e+03 8.000e+00 5.120e+02 9.000e+00]","[0.000e+00 1.000e+00 1.000e+00 1.000e+00 1.000e+00 1.000e+00 1.000e+00
 1.000e+00 0.000e+00 1.000e+00 1.000e+00 1.000e+00 6.000e+00 2.000e+01
 1.100e+01 7.000e+01 6.000e+01 1.100e+01 2.400e+01 6.000e+00 4.500e+01
 6.500e+01 6.000e+00 1.100e+01 2.500e+01 5.000e+01 4.000e+01 2.500e+01
 6.500e+01 7.500e+01 4.000e+00 3.978e+03 9.000e+00 5.120e+02 1.900e+01]","[1.000e+00 1.000e+00 1.000e+00 1.000e+00 1.000e+00 0.000e+00 1.000e+00
 1.000e+00 0.000e+00 1.000e+00 1.000e+00 1.000e+00 8.000e+00 1.000e+01
 2.700e+01 7.500e+01 7.000e+01 6.000e+00 2.500e+01 1.000e+01 3.000e+01
 6.500e+01 3.000e+00 2.900e+01 2.000e+01 5.000e+01 3.000e+01 5.000e+01
 1.500e+01 7.500e+01 4.000e+00 4.082e+03 1.000e+01 5.120e+02 1.100e+01]","[1.000e+00 0.000e+00 1.000e+00 0.000e+00 1.000e+00 0.000e+00 1.000e+00
 1.000e+00 1.000e+00 1.000e+00 0.000e+00 0.000e+00 4.000e+00 5.000e+00
 6.000e+00 4.500e+01 8.000e+01 5.000e+00 2.800e+01 9.000e+00 2.500e+01
 7.500e+01 4.000e+00 1.500e+01 2.000e+01 8.000e+01 4.500e+01 1.500e+01
 3.500e+01 7.500e+01 2.000e+00 7.394e+03 2.000e+00 2.048e+03 1.400e+01]","[0.000e+00 1.000e+00 1.000e+00 1.000e+00 1.000e+00 0.000e+00 1.000e+00
 0.000e+00 0.000e+00 1.000e+00 0.000e+00 0.000e+00 1.800e+01 1.000e+01
 3.000e+01 7.000e+01 8.500e+01 8.000e+00 2.000e+00 8.000e+00 7.500e+01
 6.000e+01 6.000e+00 1.700e+01 4.000e+01 6.000e+01 5.000e+01 2.500e+01
 3.000e+01 7.000e+01 1.000e+00 2.124e+03 1.000e+01 5.120e+02 1.500e+01]","[1.000e+00 1.000e+00 1.000e+00 0.000e+00 1.000e+00 0.000e+00 1.000e+00
 0.000e+00 0.000e+00 0.000e+00 1.000e+00 0.000e+00 1.100e+01 5.000e+00
 2.900e+01 6.000e+01 8.500e+01 1.300e+01 2.800e+01 5.000e+00 4.000e+01
 6.000e+01 5.000e+00 1.200e+01 3.500e+01 6.000e+01 3.000e+01 2.000e+01
 1.500e+01 7.000e+01 1.000e+00 7.932e+03 8.000e+00 5.120e+02 9.000e+00]","[0.000e+00 1.000e+00 1.000e+00 1.000e+00 1.000e+00 1.000e+00 1.000e+00
 0.000e+00 0.000e+00 0.000e+00 0.000e+00 1.000e+00 6.000e+00 2.000e+01
 1.100e+01 7.000e+01 6.000e+01 1.100e+01 2.400e+01 6.000e+00 4.500e+01
 6.500e+01 6.000e+00 1.100e+01 2.500e+01 5.000e+01 4.000e+01 2.500e+01
 6.500e+01 7.500e+01 4.000e+00 3.978e+03 9.000e+00 5.120e+02 1.900e+01]","[0.000e+00 0.000e+00 1.000e+00 1.000e+00 1.000e+00 1.000e+00 0.000e+00
 1.000e+00 1.000e+00 1.000e+00 0.000e+00 0.000e+00 1.200e+01 4.000e+01
 9.000e+00 5.500e+01 7.500e+01 1.100e+01 1.600e+01 4.000e+00 4.500e+01
 6.000e+01 7.000e+00 2.600e+01 2.500e+01 5.000e+01 2.500e+01 4.000e+01
 2.500e+01 6.500e+01 2.000e+00 6.670e+03 1.400e+01 2.048e+03 6.000e+00]","[1.000e+00 0.000e+00 0.000e+00 1.000e+00 1.000e+00 0.000e+00 0.000e+00
 1.000e+00 1.000e+00 0.000e+00 0.000e+00 0.000e+00 1.100e+01 5.000e+00
 2.900e+01 6.000e+01 8.500e+01 1.300e+01 2.800e+01 5.000e+00 4.000e+01
 6.000e+01 5.000e+00 1.200e+01 3.500e+01 6.000e+01 3.000e+01 2.000e+01
 1.500e+01 7.000e+01 1.000e+00 7.932e+03 8.000e+00 5.120e+02 9.000e+00]","[1.000e+00 0.000e+00 0.000e+00 0.000e+00 1.000e+00 0.000e+00 1.000e+00
 1.000e+00 1.000e+00 0.000e+00 0.000e+00 1.000e+00 5.000e+00 3.500e+01
 2.300e+01 5.500e+01 7.000e+01 5.000e+00 1.200e+01 6.000e+00 6.000e+01
 7.000e+01 4.000e+00 2.400e+01 2.500e+01 8.000e+01 4.000e+01 4.500e+01
 9.000e+01 6.000e+01 8.000e+00 5.263e+03 8.000e+00 2.560e+02 1.600e+01]","[0.000e+00 0.000e+00 1.000e+00 0.000e+00 1.000e+00 1.000e+00 1.000e+00
 0.000e+00 0.000e+00 1.000e+00 0.000e+00 1.000e+00 6.000e+00 2.000e+01
 1.100e+01 7.000e+01 6.000e+01 1.100e+01 2.400e+01 6.000e+00 4.500e+01
 6.500e+01 6.000e+00 1.100e+01 2.500e+01 5.000e+01 4.000e+01 2.500e+01
 6.500e+01 7.500e+01 4.000e+00 3.978e+03 9.000e+00 5.120e+02 1.900e+01]","[1.000e+00 0.000e+00 0.000e+00 0.000e+00 1.000e+00 0.000e+00 0.000e+00
 0.000e+00 0.000e+00 0.000e+00 0.000e+00 0.000e+00 1.000e+01 3.500e+01
 6.000e+00 6.500e+01 9.000e+01 1.200e+01 1.500e+01 4.000e+00 2.500e+01
 6.500e+01 5.000e+00 8.000e+00 2.000e+01 7.500e+01 4.000e+01 3.000e+01
 6.000e+01 7.500e+01 2.000e+00 5.234e+03 9.000e+00 2.560e+02 1.100e+01]","[0.000e+00 0.000e+00 1.000e+00 1.000e+00 1.000e+00 1.000e+00 0.000e+00
 1.000e+00 1.000e+00 1.000e+00 0.000e+00 0.000e+00 1.600e+01 2.500e+01
 8.000e+00 5.000e+01 8.000e+01 1.000e+01 8.000e+00 1.000e+01 4.000e+01
 9.000e+01 8.000e+00 1.100e+01 4.500e+01 9.000e+01 4.000e+01 4.500e+01
 5.000e+01 9.000e+01 1.000e+00 6.650e+02 2.000e+00 1.024e+03 9.000e+00]","[0.000e+00 1.000e+00 1.000e+00 0.000e+00 0.000e+00 1.000e+00 1.000e+00
 1.000e+00 0.000e+00 0.000e+00 1.000e+00 1.000e+00 1.400e+01 1.000e+01
 3.200e+01 4.000e+01 6.500e+01 1.000e+01 3.000e+01 1.000e+00 3.500e+01
 8.500e+01 7.000e+00 1.800e+01 2.000e+01 5.500e+01 2.000e+01 1.500e+01
 4.500e+01 9.000e+01 2.000e+00 5.725e+03 3.000e+00 2.560e+02 9.000e+00]","[1.000e+00 0.000e+00 1.000e+00 0.000e+00 0.000e+00 0.000e+00 0.000e+00
 0.000e+00 0.000e+00 1.000e+00 0.000e+00 0.000e+00 3.000e+00 5.000e+00
 4.000e+00 6.000e+01 6.500e+01 8.000e+00 1.700e+01 5.000e+00 5.500e+01
 5.500e+01 4.000e+00 1.900e+01 3.500e+01 8.000e+01 2.000e+01 4.500e+01
 3.000e+01 6.500e+01 8.000e+00 6.828e+03 1.500e+01 2.560e+02 2.500e+01]","[1.000e+00 0.000e+00 0.000e+00 0.000e+00 0.000e+00 0.000e+00 0.000e+00
 0.000e+00 1.000e+00 0.000e+00 0.000e+00 0.000e+00 8.000e+00 1.500e+01
 2.600e+01 4.000e+01 8.500e+01 1.500e+01 1.700e+01 1.000e+00 7.500e+01
 8.000e+01 8.000e+00 1.300e+01 2.500e+01 5.000e+01 2.000e+01 5.000e+01
 9.000e+01 7.500e+01 8.000e+00 7.523e+03 9.000e+00 2.560e+02 2.300e+01]","[1.000e+00 0.000e+00 0.000e+00 0.000e+00 1.000e+00 0.000e+00 0.000e+00
 0.000e+00 0.000e+00 0.000e+00 0.000e+00 0.000e+00 1.000e+01 3.000e+01
 2.000e+01 7.500e+01 8.000e+01 5.000e+00 5.000e+00 1.000e+01 3.000e+01
 7.500e+01 1.000e+01 1.500e+01 3.500e+01 6.500e+01 3.500e+01 2.000e+01
 2.500e+01 8.000e+01 1.600e+01 6.355e+03 9.000e+00 1.024e+03 2.200e+01]","[1.000e+00 1.000e+00 1.000e+00 1.000e+00 0.000e+00 1.000e+00 1.000e+00
 0.000e+00 0.000e+00 1.000e+00 0.000e+00 0.000e+00 2.000e+00 5.000e+00
 1.500e+01 7.500e+01 6.500e+01 3.000e+00 1.700e+01 2.000e+00 5.000e+01
 6.000e+01 3.000e+00 7.000e+00 2.000e+01 7.000e+01 3.500e+01 3.000e+01
 4.500e+01 7.500e+01 1.000e+00 3.488e+03 4.000e+00 1.024e+03 2.200e+01]","[1.000e+00 0.000e+00 1.000e+00 0.000e+00 1.000e+00 0.000e+00 1.000e+00
 0.000e+00 1.000e+00 0.000e+00 1.000e+00 1.000e+00 6.000e+00 2.000e+01
 1.100e+01 7.000e+01 6.000e+01 1.100e+01 2.400e+01 6.000e+00 4.500e+01
 6.500e+01 6.000e+00 1.100e+01 2.500e+01 5.000e+01 4.000e+01 2.500e+01
 6.500e+01 7.500e+01 4.000e+00 3.978e+03 9.000e+00 5.120e+02 1.900e+01]","[1.000e+00 1.000e+00 1.000e+00 1.000e+00 1.000e+00 1.000e+00 1.000e+00
 1.000e+00 0.000e+00 0.000e+00 1.000e+00 1.000e+00 1.600e+01 5.000e+00
 1.600e+01 7.500e+01 5.500e+01 1.600e+01 3.000e+01 1.000e+00 3.500e+01
 8.000e+01 3.000e+00 2.000e+01 3.500e+01 6.500e+01 1.500e+01 2.500e+01
 4.000e+01 5.500e+01 2.000e+00 5.632e+03 6.000e+00 2.048e+03 1.400e+01]","[1.000e+00 0.000e+00 1.000e+00 1.000e+00 1.000e+00 0.000e+00 1.000e+00
 1.000e+00 1.000e+00 1.000e+00 1.000e+00 1.000e+00 4.000e+00 1.000e+01
 1.600e+01 7.000e+01 5.500e+01 1.500e+01 4.000e+00 1.000e+01 4.500e+01
 9.000e+01 1.000e+00 1.200e+01 1.000e+01 6.500e+01 4.500e+01 2.000e+01
 2.000e+01 8.000e+01 1.600e+01 6.171e+03 1.500e+01 1.024e+03 5.000e+00]","[1.000e+00 0.000e+00 0.000e+00 1.000e+00 1.000e+00 0.000e+00 0.000e+00
 1.000e+00 1.000e+00 0.000e+00 0.000e+00 0.000e+00 6.000e+00 2.000e+01
 1.100e+01 7.000e+01 6.000e+01 1.100e+01 2.400e+01 6.000e+00 4.500e+01
 6.500e+01 6.000e+00 1.100e+01 2.500e+01 5.000e+01 4.000e+01 2.500e+01
 6.500e+01 7.500e+01 4.000e+00 3.978e+03 9.000e+00 5.120e+02 1.900e+01]","[0.000e+00 1.000e+00 1.000e+00 0.000e+00 1.000e+00 0.000e+00 1.000e+00
 1.000e+00 0.000e+00 0.000e+00 1.000e+00 0.000e+00 6.000e+00 2.000e+01
 1.100e+01 7.000e+01 6.000e+01 1.100e+01 2.400e+01 6.000e+00 4.500e+01
 6.500e+01 6.000e+00 1.100e+01 2.500e+01 5.000e+01 4.000e+01 2.500e+01
 6.500e+01 7.500e+01 4.000e+00 3.978e+03 9.000e+00 5.120e+02 1.900e+01]","[1.000e+00 0.000e+00 1.000e+00 1.000e+00 1.000e+00 0.000e+00 1.000e+00
 1.000e+00 1.000e+00 1.000e+00 1.000e+00 1.000e+00 1.000e+01 1.000e+01
 4.000e+00 5.000e+01 8.000e+01 1.600e+01 8.000e+00 3.000e+00 5.000e+01
 8.000e+01 3.000e+00 1.500e+01 2.000e+01 7.500e+01 2.000e+01 1.000e+01
 2.000e+01 7.000e+01 2.000e+00 4.096e+03 8.000e+00 1.024e+03 1.000e+01]","[0.000e+00 0.000e+00 0.000e+00 1.000e+00 0.000e+00 1.000e+00 0.000e+00
 0.000e+00 0.000e+00 0.000e+00 0.000e+00 0.000e+00 1.600e+01 2.500e+01
 1.000e+00 7.500e+01 7.500e+01 1.600e+01 8.000e+00 5.000e+00 4.500e+01
 5.500e+01 5.000e+00 4.000e+00 5.000e+01 6.000e+01 3.000e+01 3.000e+01
 9.000e+01 8.000e+01 8.000e+00 8.192e+03 2.000e+00 1.024e+03 2.500e+01]","[0.000e+00 0.000e+00 1.000e+00 1.000e+00 1.000e+00 1.000e+00 0.000e+00
 1.000e+00 0.000e+00 1.000e+00 1.000e+00 1.000e+00 8.000e+00 4.000e+01
 1.700e+01 5.000e+01 7.500e+01 1.500e+01 6.000e+00 8.000e+00 3.000e+01
 6.000e+01 2.000e+00 1.800e+01 4.000e+01 8.500e+01 2.000e+01 3.500e+01
 6.500e+01 6.000e+01 8.000e+00 7.415e+03 8.000e+00 2.560e+02 8.000e+00]","[1.000e+00 0.000e+00 0.000e+00 0.000e+00 1.000e+00 0.000e+00 0.000e+00
 0.000e+00 0.000e+00 0.000e+00 0.000e+00 0.000e+00 4.000e+00 3.000e+01
 1.500e+01 6.500e+01 7.000e+01 1.200e+01 2.000e+00 1.000e+01 5.000e+01
 8.000e+01 4.000e+00 5.000e+00 4.000e+01 7.500e+01 4.000e+01 1.500e+01
 4.000e+01 9.000e+01 4.000e+00 4.325e+03 1.000e+01 1.024e+03 2.500e+01]","[0.000e+00 1.000e+00 1.000e+00 1.000e+00 1.000e+00 1.000e+00 0.000e+00
 1.000e+00 0.000e+00 1.000e+00 1.000e+00 0.000e+00 1.600e+01 3.500e+01
 4.000e+00 7.500e+01 5.500e+01 1.100e+01 6.000e+00 9.000e+00 7.000e+01
 5.500e+01 7.000e+00 1.100e+01 4.000e+01 8.500e+01 1.500e+01 4.000e+01
 5.000e+01 8.500e+01 1.000e+00 7.678e+03 6.000e+00 1.024e+03 9.000e+00]","[0.000e+00 0.000e+00 0.000e+00 1.000e+00 1.000e+00 0.000e+00 0.000e+00
 0.000e+00 0.000e+00 0.000e+00 0.000e+00 0.000e+00 1.000e+01 1.000e+01
 4.000e+00 5.000e+01 8.000e+01 2.000e+00 8.000e+00 3.000e+00 5.000e+01
 8.000e+01 3.000e+00 1.500e+01 2.000e+01 5.000e+01 2.000e+01 4.000e+01
 9.000e+01 7.000e+01 2.000e+00 4.096e+03 8.000e+00 1.024e+03 1.000e+01]","[0.000e+00 0.000e+00 1.000e+00 0.000e+00 0.000e+00 0.000e+00 0.000e+00
 0.000e+00 0.000e+00 1.000e+00 0.000e+00 1.000e+00 1.000e+00 2.500e+01
 9.000e+00 7.500e+01 8.000e+01 8.000e+00 1.700e+01 3.000e+00 7.000e+01
 9.000e+01 9.000e+00 2.300e+01 2.500e+01 7.000e+01 2.500e+01 2.000e+01
 4.000e+01 7.500e+01 1.000e+00 3.528e+03 7.000e+00 2.048e+03 1.400e+01]","[1.000e+00 0.000e+00 0.000e+00 1.000e+00 1.000e+00 1.000e+00 1.000e+00
 1.000e+00 0.000e+00 0.000e+00 0.000e+00 1.000e+00 1.200e+01 3.000e+01
 1.800e+01 5.500e+01 7.000e+01 2.000e+00 1.000e+00 2.000e+00 4.500e+01
 9.000e+01 2.000e+00 6.000e+00 4.000e+01 7.000e+01 2.500e+01 4.000e+01
 2.000e+01 5.500e+01 1.600e+01 4.768e+03 5.000e+00 2.048e+03 1.600e+01]","[1.000e+00 1.000e+00 1.000e+00 1.000e+00 0.000e+00 1.000e+00 0.000e+00
 1.000e+00 0.000e+00 1.000e+00 0.000e+00 0.000e+00 2.000e+00 5.000e+00
 1.500e+01 7.500e+01 6.500e+01 3.000e+00 1.700e+01 2.000e+00 5.000e+01
 6.000e+01 3.000e+00 7.000e+00 2.000e+01 7.000e+01 3.500e+01 3.000e+01
 4.500e+01 7.500e+01 1.000e+00 3.488e+03 4.000e+00 1.024e+03 2.200e+01]","[0.000e+00 0.000e+00 1.000e+00 0.000e+00 0.000e+00 1.000e+00 1.000e+00
 1.000e+00 1.000e+00 0.000e+00 1.000e+00 1.000e+00 1.200e+01 4.000e+01
 9.000e+00 5.500e+01 7.500e+01 1.100e+01 1.600e+01 4.000e+00 4.500e+01
 6.000e+01 7.000e+00 2.600e+01 2.500e+01 5.000e+01 2.500e+01 4.000e+01
 2.500e+01 6.500e+01 2.000e+00 6.670e+03 1.400e+01 2.048e+03 6.000e+00]","[1.000e+00 1.000e+00 1.000e+00 0.000e+00 0.000e+00 1.000e+00 0.000e+00
 1.000e+00 0.000e+00 0.000e+00 1.000e+00 1.000e+00 5.000e+00 4.000e+01
 1.500e+01 5.500e+01 8.500e+01 8.000e+00 1.200e+01 5.000e+00 4.000e+01
 7.000e+01 1.000e+01 2.500e+01 2.000e+01 6.500e+01 2.000e+01 1.500e+01
 4.500e+01 6.000e+01 8.000e+00 6.509e+03 1.600e+01 2.048e+03 2.300e+01]","[1.000e+00 1.000e+00 1.000e+00 0.000e+00 1.000e+00 0.000e+00 1.000e+00
 0.000e+00 0.000e+00 0.000e+00 1.000e+00 0.000e+00 1.200e+01 4.000e+01
 9.000e+00 5.500e+01 7.500e+01 1.100e+01 1.600e+01 4.000e+00 4.500e+01
 6.000e+01 7.000e+00 2.600e+01 2.500e+01 5.000e+01 2.500e+01 4.000e+01
 2.500e+01 6.500e+01 2.000e+00 6.670e+03 1.400e+01 2.048e+03 6.000e+00]","[0.000e+00 0.000e+00 0.000e+00 1.000e+00 0.000e+00 0.000e+00 1.000e+00
 0.000e+00 0.000e+00 0.000e+00 0.000e+00 0.000e+00 1.900e+01 5.000e+00
 3.200e+01 5.500e+01 8.000e+01 9.000e+00 2.400e+01 2.000e+00 5.500e+01
 6.500e+01 5.000e+00 4.000e+00 4.500e+01 6.000e+01 3.000e+01 3.000e+01
 4.500e+01 5.500e+01 3.200e+01 4.603e+03 1.300e+01 5.120e+02 1.500e+01]","[1.000e+00 0.000e+00 0.000e+00 0.000e+00 0.000e+00 0.000e+00 0.000e+00
 0.000e+00 1.000e+00 0.000e+00 0.000e+00 0.000e+00 1.500e+01 1.000e+01
 1.000e+01 4.000e+01 8.000e+01 7.000e+00 2.300e+01 3.000e+00 2.500e+01
 8.000e+01 5.000e+00 2.000e+01 3.000e+01 5.000e+01 3.500e+01 2.000e+01
 2.500e+01 8.500e+01 2.000e+00 4.965e+03 1.300e+01 2.560e+02 1.900e+01]","[0.000e+00 0.000e+00 0.000e+00 0.000e+00 0.000e+00 1.000e+00 1.000e+00
 0.000e+00 0.000e+00 0.000e+00 0.000e+00 0.000e+00 1.200e+01 2.500e+01
 2.600e+01 6.000e+01 7.500e+01 1.300e+01 1.000e+01 7.000e+00 2.500e+01
 6.000e+01 5.000e+00 2.800e+01 5.000e+01 5.500e+01 2.000e+01 3.000e+01
 8.500e+01 8.500e+01 1.600e+01 5.747e+03 9.000e+00 2.048e+03 8.000e+00]","[0.000e+00 0.000e+00 1.000e+00 0.000e+00 0.000e+00 0.000e+00 1.000e+00
 0.000e+00 0.000e+00 0.000e+00 1.000e+00 0.000e+00 2.000e+01 3.000e+01
 6.000e+00 4.500e+01 9.000e+01 4.000e+00 3.000e+01 9.000e+00 5.500e+01
 5.500e+01 1.000e+01 2.000e+01 3.000e+01 9.000e+01 2.000e+01 2.000e+01
 7.000e+01 7.000e+01 1.000e+00 3.072e+03 6.000e+00 2.048e+03 5.000e+00]","[1.000e+00 0.000e+00 1.000e+00 1.000e+00 0.000e+00 0.000e+00 1.000e+00
 1.000e+00 0.000e+00 0.000e+00 1.000e+00 1.000e+00 1.400e+01 1.000e+01
 3.200e+01 4.000e+01 6.500e+01 1.000e+01 3.000e+01 1.000e+00 3.500e+01
 8.500e+01 7.000e+00 1.800e+01 2.000e+01 5.500e+01 2.000e+01 1.500e+01
 4.500e+01 9.000e+01 2.000e+00 5.725e+03 3.000e+00 2.560e+02 9.000e+00]","[0.000e+00 0.000e+00 0.000e+00 0.000e+00 0.000e+00 0.000e+00 1.000e+00
 0.000e+00 1.000e+00 0.000e+00 0.000e+00 0.000e+00 1.000e+01 1.000e+01
 4.000e+00 5.000e+01 5.500e+01 2.000e+00 8.000e+00 3.000e+00 5.000e+01
 8.000e+01 3.000e+00 1.500e+01 2.000e+01 7.500e+01 2.000e+01 1.000e+01
 2.000e+01 7.000e+01 2.000e+00 4.096e+03 8.000e+00 1.024e+03 1.000e+01]","[0.000e+00 0.000e+00 1.000e+00 0.000e+00 0.000e+00 0.000e+00 0.000e+00
 1.000e+00 0.000e+00 1.000e+00 1.000e+00 1.000e+00 5.000e+00 3.500e+01
 2.300e+01 5.500e+01 7.000e+01 5.000e+00 1.200e+01 6.000e+00 6.000e+01
 7.000e+01 4.000e+00 2.400e+01 2.500e+01 8.000e+01 4.000e+01 4.500e+01
 9.000e+01 6.000e+01 8.000e+00 5.263e+03 8.000e+00 2.560e+02 1.600e+01]","[1.000e+00 1.000e+00 1.000e+00 0.000e+00 1.000e+00 1.000e+00 1.000e+00
 1.000e+00 0.000e+00 1.000e+00 1.000e+00 1.000e+00 1.100e+01 2.500e+01
 8.000e+00 5.000e+01 8.000e+01 1.000e+01 1.000e+01 8.000e+00 6.000e+01
 9.000e+01 1.000e+00 5.000e+00 4.500e+01 5.500e+01 1.500e+01 2.000e+01
 4.500e+01 9.000e+01 4.000e+00 6.953e+03 1.000e+01 5.120e+02 2.200e+01]","[0.000e+00 0.000e+00 1.000e+00 1.000e+00 1.000e+00 1.000e+00 1.000e+00
 1.000e+00 1.000e+00 1.000e+00 0.000e+00 1.000e+00 4.000e+00 5.000e+00
 6.000e+00 4.500e+01 8.000e+01 5.000e+00 2.800e+01 9.000e+00 2.500e+01
 7.500e+01 4.000e+00 1.500e+01 2.000e+01 8.000e+01 4.500e+01 1.500e+01
 3.500e+01 7.500e+01 2.000e+00 7.394e+03 2.000e+00 2.048e+03 1.400e+01]","[0.000e+00 0.000e+00 0.000e+00 0.000e+00 1.000e+00 0.000e+00 0.000e+00
 1.000e+00 0.000e+00 0.000e+00 0.000e+00 0.000e+00 9.000e+00 2.500e+01
 2.300e+01 5.000e+01 9.000e+01 4.000e+00 2.500e+01 5.000e+00 4.500e+01
 8.500e+01 4.000e+00 6.000e+00 2.500e+01 8.500e+01 3.500e+01 2.500e+01
 2.500e+01 6.500e+01 4.000e+00 7.592e+03 8.000e+00 2.560e+02 9.000e+00]","[1.000e+00 1.000e+00 1.000e+00 1.000e+00 0.000e+00 0.000e+00 1.000e+00
 1.000e+00 0.000e+00 0.000e+00 0.000e+00 1.000e+00 5.000e+00 3.500e+01
 2.300e+01 5.500e+01 7.000e+01 5.000e+00 1.200e+01 6.000e+00 6.000e+01
 7.000e+01 4.000e+00 2.400e+01 2.500e+01 8.000e+01 4.000e+01 4.500e+01
 9.000e+01 6.000e+01 8.000e+00 5.263e+03 8.000e+00 2.560e+02 1.600e+01]","[0.000e+00 1.000e+00 1.000e+00 0.000e+00 1.000e+00 1.000e+00 1.000e+00
 0.000e+00 0.000e+00 1.000e+00 1.000e+00 0.000e+00 1.100e+01 5.000e+00
 2.900e+01 6.000e+01 8.500e+01 1.300e+01 2.800e+01 5.000e+00 4.000e+01
 6.000e+01 5.000e+00 1.200e+01 3.500e+01 6.000e+01 3.000e+01 2.000e+01
 1.500e+01 7.000e+01 1.000e+00 7.932e+03 8.000e+00 5.120e+02 9.000e+00]","[0.000e+00 0.000e+00 1.000e+00 0.000e+00 0.000e+00 0.000e+00 1.000e+00
 0.000e+00 0.000e+00 0.000e+00 1.000e+00 0.000e+00 1.000e+01 1.000e+01
 4.000e+00 5.000e+01 8.000e+01 2.000e+00 8.000e+00 3.000e+00 5.000e+01
 8.000e+01 3.000e+00 1.500e+01 2.000e+01 7.500e+01 2.000e+01 4.000e+01
 2.000e+01 7.000e+01 2.000e+00 8.192e+03 8.000e+00 2.560e+02 1.000e+01]","[1.000e+00 0.000e+00 1.000e+00 0.000e+00 0.000e+00 1.000e+00 1.000e+00
 0.000e+00 0.000e+00 1.000e+00 1.000e+00 0.000e+00 4.000e+00 5.000e+00
 6.000e+00 4.500e+01 8.000e+01 5.000e+00 2.800e+01 9.000e+00 2.500e+01
 7.500e+01 4.000e+00 1.500e+01 2.000e+01 8.000e+01 4.500e+01 1.500e+01
 3.500e+01 7.500e+01 2.000e+00 7.394e+03 2.000e+00 2.048e+03 1.400e+01]","[0.000e+00 1.000e+00 1.000e+00 0.000e+00 0.000e+00 0.000e+00 0.000e+00
 1.000e+00 0.000e+00 0.000e+00 0.000e+00 0.000e+00 1.000e+01 1.000e+01
 4.000e+00 5.000e+01 8.000e+01 2.000e+00 8.000e+00 3.000e+00 2.500e+01
 8.000e+01 3.000e+00 1.500e+01 5.000e+01 7.500e+01 2.000e+01 4.000e+01
 2.000e+01 7.000e+01 2.000e+00 4.096e+03 8.000e+00 1.024e+03 1.000e+01]","[1.000e+00 0.000e+00 1.000e+00 1.000e+00 1.000e+00 0.000e+00 0.000e+00
 1.000e+00 0.000e+00 0.000e+00 1.000e+00 0.000e+00 9.000e+00 4.000e+01
 1.000e+00 6.000e+01 5.500e+01 7.000e+00 2.100e+01 1.000e+00 5.000e+01
 9.000e+01 1.000e+00 1.200e+01 3.000e+01 7.500e+01 4.500e+01 1.500e+01
 1.000e+01 6.000e+01 8.000e+00 8.172e+03 1.100e+01 1.024e+03 2.500e+01]","[1.000e+00 0.000e+00 0.000e+00 0.000e+00 1.000e+00 1.000e+00 0.000e+00
 0.000e+00 0.000e+00 0.000e+00 0.000e+00 1.000e+00 6.000e+00 2.000e+01
 1.100e+01 7.000e+01 6.000e+01 1.100e+01 2.400e+01 6.000e+00 4.500e+01
 6.500e+01 6.000e+00 1.100e+01 2.500e+01 5.000e+01 4.000e+01 2.500e+01
 6.500e+01 7.500e+01 4.000e+00 3.978e+03 9.000e+00 5.120e+02 1.900e+01]","[0.000e+00 0.000e+00 0.000e+00 1.000e+00 0.000e+00 1.000e+00 1.000e+00
 0.000e+00 1.000e+00 0.000e+00 0.000e+00 1.000e+00 1.600e+01 2.500e+01
 8.000e+00 5.000e+01 8.000e+01 1.000e+01 8.000e+00 1.000e+01 4.000e+01
 9.000e+01 8.000e+00 1.100e+01 4.500e+01 9.000e+01 4.000e+01 4.500e+01
 5.000e+01 9.000e+01 1.000e+00 6.650e+02 2.000e+00 1.024e+03 9.000e+00]","[1.000e+00 1.000e+00 1.000e+00 1.000e+00 1.000e+00 1.000e+00 1.000e+00
 0.000e+00 0.000e+00 1.000e+00 1.000e+00 1.000e+00 1.600e+01 3.500e+01
 5.000e+00 4.000e+01 6.500e+01 2.000e+00 2.400e+01 7.000e+00 5.500e+01
 8.000e+01 4.000e+00 1.100e+01 4.500e+01 5.000e+01 2.500e+01 4.000e+01
 6.500e+01 9.000e+01 1.600e+01 4.359e+03 3.000e+00 1.024e+03 1.200e+01]","[0.000e+00 0.000e+00 0.000e+00 0.000e+00 0.000e+00 0.000e+00 1.000e+00
 1.000e+00 0.000e+00 0.000e+00 0.000e+00 0.000e+00 1.000e+01 1.000e+01
 4.000e+00 5.000e+01 8.000e+01 2.000e+00 8.000e+00 3.000e+00 5.000e+01
 8.000e+01 3.000e+00 1.500e+01 2.000e+01 5.000e+01 2.000e+01 4.000e+01
 2.000e+01 7.000e+01 2.000e+00 4.096e+03 8.000e+00 2.048e+03 1.000e+01]","[1.000e+00 1.000e+00 1.000e+00 1.000e+00 0.000e+00 1.000e+00 1.000e+00
 1.000e+00 0.000e+00 1.000e+00 0.000e+00 1.000e+00 1.900e+01 5.000e+00
 1.800e+01 3.000e+01 8.500e+01 3.000e+00 5.000e+00 1.000e+00 3.000e+01
 5.500e+01 4.000e+00 1.700e+01 4.500e+01 9.000e+01 3.000e+01 1.500e+01
 5.500e+01 5.500e+01 8.000e+00 1.731e+03 4.000e+00 5.120e+02 1.100e+01]","[0.000e+00 0.000e+00 1.000e+00 0.000e+00 0.000e+00 1.000e+00 0.000e+00
 0.000e+00 0.000e+00 1.000e+00 0.000e+00 0.000e+00 1.600e+01 5.000e+00
 9.000e+00 5.500e+01 6.500e+01 1.000e+01 1.500e+01 7.000e+00 7.500e+01
 9.000e+01 7.000e+00 1.000e+01 4.000e+01 8.000e+01 4.000e+01 2.000e+01
 1.000e+01 6.000e+01 1.000e+00 2.432e+03 2.000e+00 1.024e+03 5.000e+00]","[1.000e+00 0.000e+00 0.000e+00 0.000e+00 1.000e+00 0.000e+00 1.000e+00
 1.000e+00 1.000e+00 0.000e+00 0.000e+00 1.000e+00 2.000e+00 5.000e+00
 1.500e+01 7.500e+01 6.500e+01 3.000e+00 1.700e+01 2.000e+00 5.000e+01
 6.000e+01 3.000e+00 7.000e+00 2.000e+01 7.000e+01 3.500e+01 3.000e+01
 4.500e+01 7.500e+01 1.000e+00 3.488e+03 4.000e+00 1.024e+03 2.200e+01]","[0.000e+00 1.000e+00 1.000e+00 1.000e+00 1.000e+00 1.000e+00 0.000e+00
 1.000e+00 0.000e+00 1.000e+00 0.000e+00 1.000e+00 6.000e+00 2.500e+01
 2.500e+01 5.500e+01 6.500e+01 2.000e+00 4.000e+00 3.000e+00 2.500e+01
 5.500e+01 6.000e+00 1.900e+01 2.000e+01 6.500e+01 4.000e+01 1.000e+01
 5.500e+01 9.000e+01 8.000e+00 7.334e+03 1.400e+01 2.048e+03 2.000e+01]","[1.000e+00 0.000e+00 1.000e+00 0.000e+00 1.000e+00 1.000e+00 1.000e+00
 1.000e+00 0.000e+00 0.000e+00 1.000e+00 1.000e+00 1.100e+01 3.500e+01
 2.100e+01 5.500e+01 8.500e+01 1.300e+01 7.000e+00 4.000e+00 2.500e+01
 7.000e+01 8.000e+00 2.200e+01 5.000e+01 8.000e+01 4.000e+01 4.000e+01
 9.000e+01 8.000e+01 1.000e+00 4.275e+03 1.300e+01 2.560e+02 2.100e+01]","[1.000e+00 0.000e+00 0.000e+00 0.000e+00 0.000e+00 0.000e+00 1.000e+00
 0.000e+00 0.000e+00 0.000e+00 0.000e+00 0.000e+00 1.600e+01 3.000e+01
 1.800e+01 6.000e+01 7.000e+01 1.500e+01 1.900e+01 2.000e+00 6.500e+01
 6.000e+01 1.000e+00 2.000e+01 2.500e+01 6.500e+01 4.500e+01 3.000e+01
 4.500e+01 6.500e+01 1.000e+00 1.015e+03 5.000e+00 2.048e+03 1.700e+01]","[1.000e+00 0.000e+00 1.000e+00 1.000e+00 1.000e+00 0.000e+00 0.000e+00
 1.000e+00 0.000e+00 0.000e+00 1.000e+00 0.000e+00 1.100e+01 5.000e+00
 2.900e+01 6.000e+01 8.500e+01 1.300e+01 2.800e+01 5.000e+00 4.000e+01
 6.000e+01 5.000e+00 1.200e+01 3.500e+01 6.000e+01 3.000e+01 2.000e+01
 1.500e+01 7.000e+01 1.000e+00 7.932e+03 8.000e+00 5.120e+02 9.000e+00]","[1.000e+00 0.000e+00 0.000e+00 0.000e+00 1.000e+00 0.000e+00 1.000e+00
 1.000e+00 1.000e+00 0.000e+00 0.000e+00 1.000e+00 1.400e+01 1.000e+01
 3.200e+01 4.000e+01 6.500e+01 1.000e+01 3.000e+01 1.000e+00 3.500e+01
 8.500e+01 7.000e+00 1.800e+01 2.000e+01 5.500e+01 2.000e+01 1.500e+01
 4.500e+01 9.000e+01 2.000e+00 5.725e+03 3.000e+00 2.560e+02 9.000e+00]","[0.000e+00 0.000e+00 1.000e+00 1.000e+00 0.000e+00 1.000e+00 1.000e+00
 1.000e+00 1.000e+00 0.000e+00 0.000e+00 1.000e+00 1.700e+01 3.000e+01
 1.800e+01 7.500e+01 6.500e+01 5.000e+00 5.000e+00 3.000e+00 5.500e+01
 7.000e+01 2.000e+00 2.200e+01 3.000e+01 9.000e+01 1.000e+01 3.000e+01
 6.500e+01 7.000e+01 8.000e+00 4.590e+03 1.400e+01 2.048e+03 2.300e+01]","[0.000e+00 0.000e+00 1.000e+00 1.000e+00 1.000e+00 0.000e+00 1.000e+00
 0.000e+00 1.000e+00 1.000e+00 0.000e+00 1.000e+00 1.100e+01 1.500e+01
 3.000e+01 2.500e+01 7.500e+01 1.400e+01 1.900e+01 3.000e+00 5.000e+01
 8.500e+01 3.000e+00 2.500e+01 1.000e+01 5.000e+01 5.000e+01 3.000e+01
 9.000e+01 6.500e+01 2.000e+00 7.365e+03 1.100e+01 5.120e+02 6.000e+00]","[1.000e+00 0.000e+00 0.000e+00 1.000e+00 0.000e+00 1.000e+00 1.000e+00
 1.000e+00 1.000e+00 0.000e+00 0.000e+00 0.000e+00 6.000e+00 2.000e+01
 1.100e+01 7.000e+01 6.000e+01 1.100e+01 2.400e+01 6.000e+00 4.500e+01
 6.500e+01 6.000e+00 1.100e+01 2.500e+01 5.000e+01 4.000e+01 2.500e+01
 6.500e+01 7.500e+01 4.000e+00 3.978e+03 9.000e+00 5.120e+02 1.900e+01]","[0.000e+00 1.000e+00 1.000e+00 0.000e+00 0.000e+00 0.000e+00 1.000e+00
 0.000e+00 0.000e+00 0.000e+00 0.000e+00 0.000e+00 1.000e+01 1.000e+01
 4.000e+00 2.500e+01 8.000e+01 2.000e+00 8.000e+00 3.000e+00 5.000e+01
 8.000e+01 3.000e+00 1.500e+01 2.000e+01 7.500e+01 2.000e+01 4.000e+01
 2.000e+01 7.000e+01 2.000e+00 4.096e+03 8.000e+00 2.048e+03 1.000e+01]","[0.000e+00 0.000e+00 0.000e+00 1.000e+00 0.000e+00 0.000e+00 1.000e+00
 1.000e+00 1.000e+00 0.000e+00 0.000e+00 0.000e+00 2.000e+00 5.000e+00
 1.500e+01 7.500e+01 6.500e+01 3.000e+00 1.700e+01 2.000e+00 5.000e+01
 6.000e+01 3.000e+00 7.000e+00 2.000e+01 7.000e+01 3.500e+01 3.000e+01
 4.500e+01 7.500e+01 1.000e+00 3.488e+03 4.000e+00 1.024e+03 2.200e+01]","[1.000e+00 0.000e+00 0.000e+00 1.000e+00 1.000e+00 1.000e+00 0.000e+00
 1.000e+00 1.000e+00 0.000e+00 0.000e+00 1.000e+00 2.000e+00 5.000e+00
 1.500e+01 7.500e+01 6.500e+01 3.000e+00 1.700e+01 2.000e+00 5.000e+01
 6.000e+01 3.000e+00 7.000e+00 2.000e+01 7.000e+01 3.500e+01 3.000e+01
 4.500e+01 7.500e+01 1.000e+00 3.488e+03 4.000e+00 1.024e+03 2.200e+01]","[1.000e+00 0.000e+00 0.000e+00 0.000e+00 0.000e+00 0.000e+00 0.000e+00
 1.000e+00 0.000e+00 0.000e+00 0.000e+00 0.000e+00 1.000e+00 4.000e+01
 1.000e+00 7.500e+01 9.000e+01 9.000e+00 1.500e+01 1.000e+01 5.000e+01
 7.500e+01 5.000e+00 1.700e+01 1.000e+01 7.000e+01 5.000e+01 5.000e+01
 9.000e+01 5.000e+01 3.200e+01 4.352e+03 2.000e+00 2.048e+03 2.500e+01]","[0.000e+00 0.000e+00 0.000e+00 0.000e+00 1.000e+00 1.000e+00 0.000e+00
 0.000e+00 0.000e+00 0.000e+00 0.000e+00 0.000e+00 1.000e+01 1.000e+01
 4.000e+00 2.500e+01 8.000e+01 1.600e+01 8.000e+00 3.000e+00 5.000e+01
 8.000e+01 3.000e+00 1.500e+01 2.000e+01 7.500e+01 2.000e+01 4.000e+01
 2.000e+01 7.000e+01 2.000e+00 4.096e+03 8.000e+00 1.024e+03 1.000e+01]","[1.000e+00 1.000e+00 1.000e+00 0.000e+00 0.000e+00 0.000e+00 1.000e+00
 0.000e+00 0.000e+00 1.000e+00 1.000e+00 1.000e+00 1.100e+01 4.000e+01
 5.000e+00 6.000e+01 9.000e+01 1.000e+01 6.000e+00 2.000e+00 4.000e+01
 6.000e+01 8.000e+00 1.600e+01 1.000e+01 5.500e+01 2.000e+01 2.500e+01
 2.500e+01 7.000e+01 4.000e+00 1.784e+03 1.400e+01 5.120e+02 2.400e+01]","[0.000e+00 1.000e+00 1.000e+00 0.000e+00 1.000e+00 1.000e+00 0.000e+00
 0.000e+00 0.000e+00 0.000e+00 0.000e+00 1.000e+00 1.900e+01 1.500e+01
 2.200e+01 4.500e+01 5.500e+01 1.100e+01 3.000e+00 8.000e+00 3.500e+01
 9.000e+01 1.000e+00 1.600e+01 2.000e+01 8.500e+01 1.500e+01 4.500e+01
 2.500e+01 7.000e+01 1.600e+01 3.754e+03 8.000e+00 5.120e+02 2.000e+01]","[1.000e+00 0.000e+00 0.000e+00 0.000e+00 0.000e+00 0.000e+00 1.000e+00
 0.000e+00 1.000e+00 0.000e+00 0.000e+00 1.000e+00 6.000e+00 2.500e+01
 2.500e+01 5.500e+01 6.500e+01 2.000e+00 4.000e+00 3.000e+00 2.500e+01
 5.500e+01 6.000e+00 1.900e+01 2.000e+01 6.500e+01 4.000e+01 1.000e+01
 5.500e+01 9.000e+01 8.000e+00 7.334e+03 1.400e+01 2.048e+03 2.000e+01]","[0.000e+00 0.000e+00 1.000e+00 1.000e+00 0.000e+00 1.000e+00 0.000e+00
 1.000e+00 1.000e+00 1.000e+00 1.000e+00 1.000e+00 1.900e+01 3.000e+01
 1.500e+01 5.500e+01 6.500e+01 1.000e+01 6.000e+00 7.000e+00 3.500e+01
 8.500e+01 5.000e+00 4.000e+00 3.000e+01 7.000e+01 1.000e+01 5.000e+01
 2.000e+01 5.000e+01 1.600e+01 1.851e+03 7.000e+00 2.560e+02 1.800e+01]","[1.000e+00 1.000e+00 1.000e+00 0.000e+00 0.000e+00 1.000e+00 0.000e+00
 1.000e+00 0.000e+00 0.000e+00 1.000e+00 1.000e+00 6.000e+00 2.000e+01
 1.100e+01 7.000e+01 6.000e+01 1.100e+01 2.400e+01 6.000e+00 4.500e+01
 6.500e+01 6.000e+00 1.100e+01 2.500e+01 5.000e+01 4.000e+01 2.500e+01
 6.500e+01 7.500e+01 4.000e+00 3.978e+03 9.000e+00 5.120e+02 1.900e+01]","[1.000e+00 0.000e+00 1.000e+00 1.000e+00 0.000e+00 1.000e+00 0.000e+00
 1.000e+00 0.000e+00 0.000e+00 0.000e+00 0.000e+00 1.300e+01 3.000e+01
 3.200e+01 7.500e+01 7.500e+01 1.500e+01 4.000e+00 1.000e+00 4.500e+01
 7.000e+01 7.000e+00 2.500e+01 1.000e+01 5.500e+01 1.500e+01 4.000e+01
 7.500e+01 6.500e+01 8.000e+00 5.368e+03 9.000e+00 5.120e+02 1.800e+01]","[0.000e+00 0.000e+00 0.000e+00 0.000e+00 0.000e+00 1.000e+00 0.000e+00
 1.000e+00 0.000e+00 0.000e+00 0.000e+00 0.000e+00 1.700e+01 4.000e+01
 1.300e+01 5.000e+01 8.000e+01 5.000e+00 2.600e+01 4.000e+00 3.500e+01
 5.500e+01 9.000e+00 2.100e+01 2.000e+01 5.000e+01 1.000e+01 1.000e+01
 5.500e+01 5.500e+01 1.600e+01 7.893e+03 1.000e+01 2.560e+02 8.000e+00]","[0.000e+00 1.000e+00 1.000e+00 0.000e+00 1.000e+00 0.000e+00 1.000e+00
 1.000e+00 0.000e+00 0.000e+00 0.000e+00 1.000e+00 5.000e+00 3.500e+01
 2.300e+01 5.500e+01 7.000e+01 5.000e+00 1.200e+01 6.000e+00 6.000e+01
 7.000e+01 4.000e+00 2.400e+01 2.500e+01 8.000e+01 4.000e+01 4.500e+01
 9.000e+01 6.000e+01 8.000e+00 5.263e+03 8.000e+00 2.560e+02 1.600e+01]","[1.000e+00 0.000e+00 1.000e+00 0.000e+00 0.000e+00 1.000e+00 1.000e+00
 1.000e+00 0.000e+00 1.000e+00 1.000e+00 1.000e+00 1.800e+01 1.000e+01
 3.000e+01 7.000e+01 8.500e+01 8.000e+00 2.000e+00 8.000e+00 7.500e+01
 6.000e+01 6.000e+00 1.700e+01 4.000e+01 6.000e+01 5.000e+01 2.500e+01
 3.000e+01 7.000e+01 1.000e+00 2.124e+03 1.000e+01 5.120e+02 1.500e+01]","[1.000e+00 0.000e+00 1.000e+00 0.000e+00 0.000e+00 1.000e+00 1.000e+00
 1.000e+00 0.000e+00 1.000e+00 1.000e+00 1.000e+00 6.000e+00 2.500e+01
 2.500e+01 5.500e+01 6.500e+01 2.000e+00 4.000e+00 3.000e+00 2.500e+01
 5.500e+01 6.000e+00 1.900e+01 2.000e+01 6.500e+01 4.000e+01 1.000e+01
 5.500e+01 9.000e+01 8.000e+00 7.334e+03 1.400e+01 2.048e+03 2.000e+01]","[0.000e+00 0.000e+00 1.000e+00 1.000e+00 0.000e+00 0.000e+00 1.000e+00
 1.000e+00 0.000e+00 1.000e+00 1.000e+00 0.000e+00 5.000e+00 3.500e+01
 2.300e+01 5.500e+01 7.000e+01 5.000e+00 1.200e+01 6.000e+00 6.000e+01
 7.000e+01 4.000e+00 2.400e+01 2.500e+01 8.000e+01 4.000e+01 4.500e+01
 9.000e+01 6.000e+01 8.000e+00 5.263e+03 8.000e+00 2.560e+02 1.600e+01]","[1.00e+00 0.00e+00 1.00e+00 0.00e+00 1.00e+00 1.00e+00 0.00e+00 1.00e+00
 0.00e+00 1.00e+00 1.00e+00 0.00e+00 1.10e+01 4.00e+01 2.00e+01 5.00e+01
 6.00e+01 8.00e+00 1.50e+01 6.00e+00 4.00e+01 5.50e+01 2.00e+00 1.80e+01
 1.00e+01 6.50e+01 2.00e+01 2.00e+01 3.50e+01 5.00e+01 4.00e+00 3.22e+03
 1.30e+01 2.56e+02 2.30e+01]","[0.000e+00 1.000e+00 1.000e+00 0.000e+00 0.000e+00 1.000e+00 1.000e+00
 0.000e+00 0.000e+00 1.000e+00 0.000e+00 0.000e+00 6.000e+00 2.000e+01
 1.100e+01 7.000e+01 6.000e+01 1.100e+01 2.400e+01 6.000e+00 4.500e+01
 6.500e+01 6.000e+00 1.100e+01 2.500e+01 5.000e+01 4.000e+01 2.500e+01
 6.500e+01 7.500e+01 4.000e+00 3.978e+03 9.000e+00 5.120e+02 1.900e+01]","[1.000e+00 0.000e+00 0.000e+00 0.000e+00 0.000e+00 1.000e+00 0.000e+00
 0.000e+00 0.000e+00 0.000e+00 0.000e+00 0.000e+00 2.000e+01 2.000e+01
 1.800e+01 2.500e+01 5.500e+01 2.000e+00 9.000e+00 5.000e+00 4.000e+01
 8.000e+01 8.000e+00 2.200e+01 5.000e+01 5.500e+01 1.500e+01 5.000e+01
 6.000e+01 5.000e+01 8.000e+00 4.573e+03 1.200e+01 1.024e+03 2.300e+01]","[1.000e+00 1.000e+00 1.000e+00 1.000e+00 1.000e+00 1.000e+00 0.000e+00
 1.000e+00 0.000e+00 1.000e+00 1.000e+00 1.000e+00 7.000e+00 1.000e+01
 3.200e+01 6.500e+01 7.500e+01 6.000e+00 1.600e+01 1.000e+01 5.500e+01
 8.000e+01 5.000e+00 1.200e+01 2.500e+01 5.000e+01 1.000e+01 2.000e+01
 1.000e+01 9.000e+01 2.000e+00 4.352e+03 4.000e+00 5.120e+02 1.400e+01]","[1.000e+00 0.000e+00 0.000e+00 0.000e+00 1.000e+00 0.000e+00 1.000e+00
 1.000e+00 1.000e+00 0.000e+00 0.000e+00 1.000e+00 1.800e+01 1.000e+01
 3.000e+01 7.000e+01 8.500e+01 8.000e+00 2.000e+00 8.000e+00 7.500e+01
 6.000e+01 6.000e+00 1.700e+01 4.000e+01 6.000e+01 5.000e+01 2.500e+01
 3.000e+01 7.000e+01 1.000e+00 2.124e+03 1.000e+01 5.120e+02 1.500e+01]","[0.000e+00 1.000e+00 1.000e+00 1.000e+00 1.000e+00 1.000e+00 0.000e+00
 1.000e+00 0.000e+00 1.000e+00 1.000e+00 0.000e+00 6.000e+00 2.500e+01
 2.500e+01 5.500e+01 6.500e+01 2.000e+00 4.000e+00 3.000e+00 2.500e+01
 5.500e+01 6.000e+00 1.900e+01 2.000e+01 6.500e+01 4.000e+01 1.000e+01
 5.500e+01 9.000e+01 8.000e+00 7.334e+03 1.400e+01 2.048e+03 2.000e+01]","[0.000e+00 1.000e+00 1.000e+00 1.000e+00 1.000e+00 1.000e+00 0.000e+00
 1.000e+00 0.000e+00 1.000e+00 0.000e+00 1.000e+00 2.000e+00 3.500e+01
 2.600e+01 3.500e+01 5.500e+01 8.000e+00 6.000e+00 8.000e+00 3.000e+01
 5.500e+01 9.000e+00 1.000e+01 4.000e+01 7.500e+01 2.500e+01 4.500e+01
 1.000e+01 7.500e+01 1.600e+01 6.299e+03 5.000e+00 5.120e+02 1.800e+01]","[1.000e+00 1.000e+00 1.000e+00 0.000e+00 1.000e+00 0.000e+00 1.000e+00
 1.000e+00 0.000e+00 1.000e+00 1.000e+00 0.000e+00 1.100e+01 5.000e+00
 2.900e+01 6.000e+01 8.500e+01 1.300e+01 2.800e+01 5.000e+00 4.000e+01
 6.000e+01 5.000e+00 1.200e+01 3.500e+01 6.000e+01 3.000e+01 2.000e+01
 1.500e+01 7.000e+01 1.000e+00 7.932e+03 8.000e+00 5.120e+02 9.000e+00]","[1.000e+00 0.000e+00 0.000e+00 0.000e+00 0.000e+00 0.000e+00 0.000e+00
 1.000e+00 0.000e+00 0.000e+00 0.000e+00 0.000e+00 1.600e+01 2.500e+01
 1.000e+00 5.500e+01 9.000e+01 1.000e+01 8.000e+00 1.000e+00 5.500e+01
 6.500e+01 1.000e+01 2.200e+01 1.000e+01 6.000e+01 3.000e+01 4.000e+01
 7.000e+01 9.000e+01 4.000e+00 4.352e+03 1.400e+01 2.048e+03 1.500e+01]","[0.000e+00 0.000e+00 1.000e+00 1.000e+00 0.000e+00 1.000e+00 1.000e+00
 0.000e+00 0.000e+00 1.000e+00 1.000e+00 1.000e+00 6.000e+00 2.000e+01
 1.100e+01 7.000e+01 6.000e+01 1.100e+01 2.400e+01 6.000e+00 4.500e+01
 6.500e+01 6.000e+00 1.100e+01 2.500e+01 5.000e+01 4.000e+01 2.500e+01
 6.500e+01 7.500e+01 4.000e+00 3.978e+03 9.000e+00 5.120e+02 1.900e+01]","[1.000e+00 1.000e+00 1.000e+00 0.000e+00 1.000e+00 1.000e+00 1.000e+00
 0.000e+00 0.000e+00 0.000e+00 0.000e+00 0.000e+00 1.100e+01 1.500e+01
 3.000e+01 2.500e+01 7.500e+01 1.400e+01 1.900e+01 3.000e+00 5.000e+01
 8.500e+01 3.000e+00 2.500e+01 1.000e+01 5.000e+01 5.000e+01 3.000e+01
 9.000e+01 6.500e+01 2.000e+00 7.365e+03 1.100e+01 5.120e+02 6.000e+00]","[0.000e+00 0.000e+00 1.000e+00 1.000e+00 0.000e+00 1.000e+00 0.000e+00
 1.000e+00 1.000e+00 0.000e+00 1.000e+00 0.000e+00 6.000e+00 2.000e+01
 1.100e+01 7.000e+01 6.000e+01 1.100e+01 2.400e+01 6.000e+00 4.500e+01
 6.500e+01 6.000e+00 1.100e+01 2.500e+01 5.000e+01 4.000e+01 2.500e+01
 6.500e+01 7.500e+01 4.000e+00 3.978e+03 9.000e+00 5.120e+02 1.900e+01]","[0.000e+00 0.000e+00 1.000e+00 0.000e+00 1.000e+00 1.000e+00 0.000e+00
 1.000e+00 1.000e+00 1.000e+00 1.000e+00 1.000e+00 4.000e+00 2.000e+01
 9.000e+00 5.500e+01 8.000e+01 1.000e+01 2.300e+01 3.000e+00 6.000e+01
 6.000e+01 9.000e+00 2.100e+01 2.000e+01 7.500e+01 1.500e+01 3.000e+01
 3.500e+01 6.000e+01 8.000e+00 1.106e+03 1.500e+01 1.024e+03 8.000e+00]","[1.000e+00 1.000e+00 1.000e+00 1.000e+00 0.000e+00 1.000e+00 1.000e+00
 1.000e+00 0.000e+00 1.000e+00 1.000e+00 0.000e+00 1.600e+01 3.500e+01
 4.000e+00 7.500e+01 5.500e+01 1.100e+01 6.000e+00 9.000e+00 7.000e+01
 5.500e+01 7.000e+00 1.100e+01 4.000e+01 8.500e+01 1.500e+01 4.000e+01
 5.000e+01 8.500e+01 1.000e+00 7.678e+03 6.000e+00 1.024e+03 9.000e+00]","[1.000e+00 1.000e+00 1.000e+00 0.000e+00 1.000e+00 1.000e+00 0.000e+00
 0.000e+00 0.000e+00 1.000e+00 1.000e+00 1.000e+00 5.000e+00 4.000e+01
 2.800e+01 5.000e+01 8.500e+01 1.200e+01 1.300e+01 3.000e+00 4.500e+01
 8.500e+01 4.000e+00 9.000e+00 3.000e+01 5.000e+01 1.000e+01 1.000e+01
 5.000e+01 9.000e+01 1.600e+01 4.343e+03 1.300e+01 1.024e+03 2.000e+01]","[1.000e+00 1.000e+00 1.000e+00 1.000e+00 0.000e+00 0.000e+00 1.000e+00
 1.000e+00 0.000e+00 0.000e+00 0.000e+00 1.000e+00 5.000e+00 4.000e+01
 1.500e+01 5.500e+01 8.500e+01 8.000e+00 1.200e+01 5.000e+00 4.000e+01
 7.000e+01 1.000e+01 2.500e+01 2.000e+01 6.500e+01 2.000e+01 1.500e+01
 4.500e+01 6.000e+01 8.000e+00 6.509e+03 1.600e+01 2.048e+03 2.300e+01]","[0.000e+00 0.000e+00 1.000e+00 0.000e+00 1.000e+00 1.000e+00 0.000e+00
 1.000e+00 1.000e+00 1.000e+00 1.000e+00 1.000e+00 1.300e+01 3.000e+01
 3.200e+01 7.500e+01 7.500e+01 1.500e+01 4.000e+00 1.000e+00 4.500e+01
 7.000e+01 7.000e+00 2.500e+01 1.000e+01 5.500e+01 1.500e+01 4.000e+01
 7.500e+01 6.500e+01 8.000e+00 5.368e+03 9.000e+00 5.120e+02 1.800e+01]","[1.000e+00 0.000e+00 1.000e+00 0.000e+00 0.000e+00 1.000e+00 1.000e+00
 1.000e+00 0.000e+00 1.000e+00 1.000e+00 1.000e+00 1.100e+01 1.500e+01
 3.000e+01 2.500e+01 7.500e+01 1.400e+01 1.900e+01 3.000e+00 5.000e+01
 8.500e+01 3.000e+00 2.500e+01 1.000e+01 5.000e+01 5.000e+01 3.000e+01
 9.000e+01 6.500e+01 2.000e+00 7.365e+03 1.100e+01 5.120e+02 6.000e+00]","[1.00e+00 1.00e+00 1.00e+00 1.00e+00 1.00e+00 0.00e+00 1.00e+00 0.00e+00
 0.00e+00 1.00e+00 0.00e+00 0.00e+00 1.10e+01 4.00e+01 2.00e+01 5.00e+01
 6.00e+01 8.00e+00 1.50e+01 6.00e+00 4.00e+01 5.50e+01 2.00e+00 1.80e+01
 1.00e+01 6.50e+01 2.00e+01 2.00e+01 3.50e+01 5.00e+01 4.00e+00 3.22e+03
 1.30e+01 2.56e+02 2.30e+01]","[0.000e+00 0.000e+00 0.000e+00 0.000e+00 0.000e+00 0.000e+00 0.000e+00
 0.000e+00 0.000e+00 0.000e+00 0.000e+00 0.000e+00 1.300e+01 3.000e+01
 2.100e+01 2.500e+01 9.000e+01 2.000e+00 2.600e+01 9.000e+00 6.500e+01
 8.000e+01 1.100e+01 8.000e+00 2.000e+01 6.000e+01 2.500e+01 3.500e+01
 9.000e+01 7.500e+01 2.000e+00 8.192e+03 1.000e+01 2.560e+02 1.400e+01]","[1.000e+00 0.000e+00 1.000e+00 1.000e+00 1.000e+00 1.000e+00 1.000e+00
 0.000e+00 0.000e+00 1.000e+00 1.000e+00 0.000e+00 1.900e+01 5.000e+00
 1.800e+01 3.000e+01 8.500e+01 3.000e+00 5.000e+00 1.000e+00 3.000e+01
 5.500e+01 4.000e+00 1.700e+01 4.500e+01 9.000e+01 3.000e+01 1.500e+01
 5.500e+01 5.500e+01 8.000e+00 1.731e+03 4.000e+00 5.120e+02 1.100e+01]","[  1.   0.   1.   1.   1.   1.   1.   0.   1.   1.   1.   1.  11.   5.
  32.  25.  85.  16.  22.   7.  55.  85.   3.   4.  50.  70.  30.  20.
  70.  60.   8. 512.   6. 256.  10.]","[0.000e+00 0.000e+00 1.000e+00 1.000e+00 1.000e+00 0.000e+00 0.000e+00
 1.000e+00 0.000e+00 1.000e+00 0.000e+00 0.000e+00 6.000e+00 2.000e+01
 1.100e+01 7.000e+01 6.000e+01 1.100e+01 2.400e+01 6.000e+00 4.500e+01
 6.500e+01 6.000e+00 1.100e+01 2.500e+01 5.000e+01 4.000e+01 2.500e+01
 6.500e+01 7.500e+01 4.000e+00 3.978e+03 9.000e+00 5.120e+02 1.900e+01]","[1.000e+00 1.000e+00 1.000e+00 1.000e+00 0.000e+00 1.000e+00 0.000e+00
 0.000e+00 0.000e+00 0.000e+00 0.000e+00 1.000e+00 8.000e+00 4.000e+01
 1.700e+01 5.000e+01 7.500e+01 1.500e+01 6.000e+00 8.000e+00 3.000e+01
 6.000e+01 2.000e+00 1.800e+01 4.000e+01 8.500e+01 2.000e+01 3.500e+01
 6.500e+01 6.000e+01 8.000e+00 7.415e+03 8.000e+00 2.560e+02 8.000e+00]","[1.000e+00 0.000e+00 0.000e+00 0.000e+00 0.000e+00 0.000e+00 1.000e+00
 0.000e+00 0.000e+00 0.000e+00 0.000e+00 0.000e+00 1.200e+01 1.500e+01
 1.800e+01 3.500e+01 5.500e+01 5.000e+00 2.700e+01 8.000e+00 4.500e+01
 8.000e+01 5.000e+00 1.400e+01 5.000e+01 7.000e+01 3.500e+01 1.500e+01
 4.500e+01 7.500e+01 1.000e+00 4.682e+03 4.000e+00 2.048e+03 9.000e+00]","[1.000e+00 1.000e+00 1.000e+00 1.000e+00 0.000e+00 1.000e+00 0.000e+00
 1.000e+00 0.000e+00 1.000e+00 0.000e+00 0.000e+00 6.000e+00 2.000e+01
 1.600e+01 2.500e+01 8.500e+01 5.000e+00 1.500e+01 9.000e+00 6.500e+01
 8.000e+01 5.000e+00 2.100e+01 4.000e+01 7.000e+01 3.000e+01 1.500e+01
 4.500e+01 9.000e+01 1.600e+01 1.858e+03 1.600e+01 1.024e+03 2.200e+01]","[0.00e+00 0.00e+00 0.00e+00 1.00e+00 0.00e+00 1.00e+00 1.00e+00 0.00e+00
 1.00e+00 0.00e+00 0.00e+00 1.00e+00 3.00e+00 1.50e+01 1.50e+01 4.00e+01
 6.50e+01 1.10e+01 1.70e+01 1.00e+01 7.50e+01 8.00e+01 1.00e+01 1.80e+01
 2.00e+01 7.50e+01 1.00e+01 4.00e+01 2.50e+01 7.50e+01 2.00e+00 4.31e+03
 1.40e+01 5.12e+02 8.00e+00]","[1.000e+00 1.000e+00 1.000e+00 0.000e+00 1.000e+00 1.000e+00 1.000e+00
 1.000e+00 0.000e+00 1.000e+00 1.000e+00 1.000e+00 5.000e+00 3.000e+01
 2.500e+01 7.500e+01 8.000e+01 6.000e+00 8.000e+00 9.000e+00 5.500e+01
 7.500e+01 7.000e+00 1.100e+01 5.000e+01 5.000e+01 3.000e+01 4.000e+01
 4.000e+01 5.000e+01 4.000e+00 3.437e+03 8.000e+00 1.024e+03 1.500e+01]","[1.000e+00 1.000e+00 1.000e+00 0.000e+00 0.000e+00 0.000e+00 0.000e+00
 0.000e+00 0.000e+00 0.000e+00 0.000e+00 0.000e+00 1.100e+01 2.500e+01
 2.500e+01 4.500e+01 7.500e+01 1.400e+01 1.500e+01 1.000e+01 2.500e+01
 8.500e+01 7.000e+00 1.000e+01 5.000e+01 5.000e+01 2.000e+01 2.000e+01
 7.000e+01 7.000e+01 4.000e+00 5.120e+02 1.400e+01 2.048e+03 1.500e+01]","[1.000e+00 0.000e+00 0.000e+00 0.000e+00 0.000e+00 0.000e+00 1.000e+00
 0.000e+00 0.000e+00 0.000e+00 0.000e+00 0.000e+00 2.000e+01 5.000e+00
 2.900e+01 6.500e+01 7.500e+01 1.400e+01 1.700e+01 3.000e+00 5.500e+01
 7.000e+01 1.000e+00 1.600e+01 4.000e+01 6.500e+01 1.000e+01 3.500e+01
 4.500e+01 6.500e+01 8.000e+00 3.529e+03 4.000e+00 1.024e+03 1.100e+01]","[1.000e+00 0.000e+00 1.000e+00 1.000e+00 1.000e+00 0.000e+00 0.000e+00
 1.000e+00 1.000e+00 0.000e+00 1.000e+00 0.000e+00 1.200e+01 4.000e+01
 9.000e+00 5.500e+01 7.500e+01 1.100e+01 1.600e+01 4.000e+00 4.500e+01
 6.000e+01 7.000e+00 2.600e+01 2.500e+01 5.000e+01 2.500e+01 4.000e+01
 2.500e+01 6.500e+01 2.000e+00 6.670e+03 1.400e+01 2.048e+03 6.000e+00]","[0.000e+00 1.000e+00 1.000e+00 0.000e+00 1.000e+00 1.000e+00 1.000e+00
 1.000e+00 0.000e+00 1.000e+00 0.000e+00 0.000e+00 1.200e+01 4.000e+01
 9.000e+00 5.500e+01 7.500e+01 1.100e+01 1.600e+01 4.000e+00 4.500e+01
 6.000e+01 7.000e+00 2.600e+01 2.500e+01 5.000e+01 2.500e+01 4.000e+01
 2.500e+01 6.500e+01 2.000e+00 6.670e+03 1.400e+01 2.048e+03 6.000e+00]","[0.000e+00 0.000e+00 1.000e+00 1.000e+00 1.000e+00 0.000e+00 1.000e+00
 1.000e+00 1.000e+00 0.000e+00 1.000e+00 1.000e+00 6.000e+00 2.000e+01
 1.100e+01 7.000e+01 6.000e+01 1.100e+01 2.400e+01 6.000e+00 4.500e+01
 6.500e+01 6.000e+00 1.100e+01 2.500e+01 5.000e+01 4.000e+01 2.500e+01
 6.500e+01 7.500e+01 4.000e+00 3.978e+03 9.000e+00 5.120e+02 1.900e+01]","[0.000e+00 1.000e+00 1.000e+00 1.000e+00 1.000e+00 1.000e+00 1.000e+00
 1.000e+00 0.000e+00 1.000e+00 1.000e+00 1.000e+00 8.000e+00 1.500e+01
 6.000e+00 4.000e+01 8.500e+01 6.000e+00 1.300e+01 6.000e+00 3.500e+01
 5.500e+01 6.000e+00 5.000e+00 2.000e+01 7.500e+01 4.000e+01 3.000e+01
 1.500e+01 6.500e+01 8.000e+00 6.472e+03 7.000e+00 5.120e+02 5.000e+00]","[0.000e+00 0.000e+00 1.000e+00 0.000e+00 1.000e+00 0.000e+00 0.000e+00
 1.000e+00 0.000e+00 1.000e+00 1.000e+00 1.000e+00 1.000e+00 2.000e+01
 2.800e+01 7.500e+01 9.000e+01 1.100e+01 1.400e+01 1.000e+00 4.000e+01
 8.000e+01 1.000e+01 1.000e+01 2.000e+01 9.000e+01 4.500e+01 3.500e+01
 4.000e+01 8.000e+01 8.000e+00 5.836e+03 8.000e+00 2.048e+03 1.500e+01]","[1.000e+00 0.000e+00 0.000e+00 1.000e+00 1.000e+00 1.000e+00 1.000e+00
 1.000e+00 1.000e+00 0.000e+00 0.000e+00 1.000e+00 1.500e+01 1.000e+01
 1.000e+01 4.000e+01 8.000e+01 7.000e+00 2.300e+01 3.000e+00 2.500e+01
 8.000e+01 5.000e+00 2.000e+01 3.000e+01 5.000e+01 3.500e+01 2.000e+01
 2.500e+01 8.500e+01 2.000e+00 4.965e+03 1.300e+01 2.560e+02 1.900e+01]","[1.000e+00 1.000e+00 1.000e+00 1.000e+00 0.000e+00 1.000e+00 0.000e+00
 1.000e+00 0.000e+00 1.000e+00 0.000e+00 0.000e+00 5.000e+00 3.500e+01
 1.100e+01 3.000e+01 9.000e+01 1.200e+01 1.500e+01 1.000e+01 4.000e+01
 7.500e+01 1.000e+00 1.600e+01 3.500e+01 5.500e+01 4.000e+01 1.000e+01
 2.500e+01 7.500e+01 2.000e+00 1.996e+03 1.500e+01 2.560e+02 1.800e+01]","[1.000e+00 0.000e+00 0.000e+00 0.000e+00 0.000e+00 0.000e+00 0.000e+00
 0.000e+00 1.000e+00 0.000e+00 0.000e+00 0.000e+00 1.000e+01 3.000e+01
 2.000e+01 7.500e+01 8.000e+01 5.000e+00 5.000e+00 1.000e+01 3.000e+01
 7.500e+01 1.000e+01 1.500e+01 3.500e+01 6.500e+01 3.500e+01 2.000e+01
 2.500e+01 8.000e+01 1.600e+01 6.355e+03 9.000e+00 1.024e+03 2.200e+01]","[0.000e+00 0.000e+00 1.000e+00 0.000e+00 0.000e+00 1.000e+00 1.000e+00
 0.000e+00 1.000e+00 1.000e+00 0.000e+00 1.000e+00 1.100e+01 5.000e+00
 2.900e+01 6.000e+01 8.500e+01 1.300e+01 2.800e+01 5.000e+00 4.000e+01
 6.000e+01 5.000e+00 1.200e+01 3.500e+01 6.000e+01 3.000e+01 2.000e+01
 1.500e+01 7.000e+01 1.000e+00 7.932e+03 8.000e+00 5.120e+02 9.000e+00]","[0.000e+00 0.000e+00 1.000e+00 0.000e+00 1.000e+00 0.000e+00 0.000e+00
 1.000e+00 1.000e+00 1.000e+00 0.000e+00 0.000e+00 6.000e+00 2.000e+01
 1.100e+01 7.000e+01 6.000e+01 1.100e+01 2.400e+01 6.000e+00 4.500e+01
 6.500e+01 6.000e+00 1.100e+01 2.500e+01 5.000e+01 4.000e+01 2.500e+01
 6.500e+01 7.500e+01 4.000e+00 3.978e+03 9.000e+00 5.120e+02 1.900e+01]","[0.00e+00 0.00e+00 0.00e+00 1.00e+00 0.00e+00 1.00e+00 0.00e+00 0.00e+00
 0.00e+00 0.00e+00 0.00e+00 0.00e+00 1.50e+01 3.00e+01 1.50e+01 3.00e+01
 7.00e+01 2.00e+00 1.50e+01 7.00e+00 5.50e+01 8.00e+01 1.00e+00 1.30e+01
 4.50e+01 5.50e+01 2.50e+01 1.00e+01 6.50e+01 5.50e+01 1.00e+00 5.64e+03
 5.00e+00 5.12e+02 1.10e+01]","[0.000e+00 0.000e+00 0.000e+00 1.000e+00 0.000e+00 0.000e+00 0.000e+00
 0.000e+00 1.000e+00 0.000e+00 0.000e+00 0.000e+00 1.000e+01 3.500e+01
 6.000e+00 6.500e+01 9.000e+01 1.200e+01 1.500e+01 4.000e+00 2.500e+01
 6.500e+01 5.000e+00 8.000e+00 2.000e+01 7.500e+01 4.000e+01 3.000e+01
 6.000e+01 7.500e+01 2.000e+00 5.234e+03 9.000e+00 2.560e+02 1.100e+01]","[0.000e+00 0.000e+00 0.000e+00 1.000e+00 0.000e+00 0.000e+00 0.000e+00
 0.000e+00 0.000e+00 0.000e+00 0.000e+00 1.000e+00 1.000e+01 1.000e+01
 4.000e+00 5.000e+01 8.000e+01 2.000e+00 8.000e+00 1.000e+01 5.000e+01
 8.000e+01 3.000e+00 1.500e+01 2.000e+01 7.500e+01 2.000e+01 4.000e+01
 2.000e+01 7.000e+01 2.000e+00 4.096e+03 8.000e+00 2.048e+03 1.000e+01]","[1.000e+00 0.000e+00 1.000e+00 0.000e+00 0.000e+00 0.000e+00 1.000e+00
 1.000e+00 1.000e+00 1.000e+00 1.000e+00 0.000e+00 1.000e+01 3.500e+01
 1.600e+01 3.000e+01 5.500e+01 1.200e+01 1.000e+01 1.000e+01 2.500e+01
 7.500e+01 1.000e+00 2.900e+01 3.000e+01 6.500e+01 2.500e+01 5.000e+01
 3.000e+01 5.500e+01 1.000e+00 2.024e+03 1.300e+01 2.048e+03 1.900e+01]","[0.000e+00 0.000e+00 1.000e+00 1.000e+00 1.000e+00 0.000e+00 1.000e+00
 1.000e+00 1.000e+00 0.000e+00 1.000e+00 1.000e+00 6.000e+00 2.000e+01
 1.100e+01 7.000e+01 6.000e+01 1.100e+01 2.400e+01 6.000e+00 4.500e+01
 6.500e+01 6.000e+00 1.100e+01 2.500e+01 5.000e+01 4.000e+01 2.500e+01
 6.500e+01 7.500e+01 4.000e+00 3.978e+03 9.000e+00 5.120e+02 1.900e+01]","[1.000e+00 1.000e+00 1.000e+00 1.000e+00 0.000e+00 1.000e+00 0.000e+00
 0.000e+00 0.000e+00 0.000e+00 0.000e+00 1.000e+00 8.000e+00 4.000e+01
 1.700e+01 5.000e+01 7.500e+01 1.500e+01 6.000e+00 8.000e+00 3.000e+01
 6.000e+01 2.000e+00 1.800e+01 4.000e+01 8.500e+01 2.000e+01 3.500e+01
 6.500e+01 6.000e+01 8.000e+00 7.415e+03 8.000e+00 2.560e+02 8.000e+00]","[0.000e+00 0.000e+00 1.000e+00 1.000e+00 1.000e+00 0.000e+00 1.000e+00
 1.000e+00 1.000e+00 0.000e+00 1.000e+00 1.000e+00 1.200e+01 4.000e+01
 9.000e+00 5.500e+01 7.500e+01 1.100e+01 1.600e+01 4.000e+00 4.500e+01
 6.000e+01 7.000e+00 2.600e+01 2.500e+01 5.000e+01 2.500e+01 4.000e+01
 2.500e+01 6.500e+01 2.000e+00 6.670e+03 1.400e+01 2.048e+03 6.000e+00]","[0.000e+00 0.000e+00 1.000e+00 1.000e+00 1.000e+00 1.000e+00 1.000e+00
 1.000e+00 1.000e+00 1.000e+00 1.000e+00 1.000e+00 1.600e+01 5.000e+00
 9.000e+00 3.500e+01 5.500e+01 1.400e+01 1.500e+01 1.000e+01 3.500e+01
 6.500e+01 5.000e+00 1.600e+01 1.000e+01 8.000e+01 4.000e+01 4.000e+01
 7.000e+01 8.000e+01 8.000e+00 4.352e+03 6.000e+00 2.048e+03 1.000e+01]","[0.000e+00 0.000e+00 1.000e+00 0.000e+00 0.000e+00 1.000e+00 1.000e+00
 1.000e+00 1.000e+00 0.000e+00 1.000e+00 1.000e+00 2.000e+00 5.000e+00
 1.500e+01 7.500e+01 6.500e+01 3.000e+00 1.700e+01 2.000e+00 5.000e+01
 6.000e+01 3.000e+00 7.000e+00 2.000e+01 7.000e+01 3.500e+01 3.000e+01
 4.500e+01 7.500e+01 1.000e+00 3.488e+03 4.000e+00 1.024e+03 2.200e+01]","[1.000e+00 0.000e+00 1.000e+00 0.000e+00 0.000e+00 0.000e+00 1.000e+00
 1.000e+00 1.000e+00 1.000e+00 1.000e+00 0.000e+00 1.500e+01 5.000e+00
 1.400e+01 7.500e+01 9.000e+01 1.200e+01 2.200e+01 2.000e+00 4.500e+01
 6.500e+01 6.000e+00 2.600e+01 1.000e+01 6.000e+01 5.000e+01 3.500e+01
 5.500e+01 5.500e+01 1.000e+00 7.049e+03 1.000e+01 2.560e+02 2.400e+01]","[0.000e+00 0.000e+00 0.000e+00 1.000e+00 0.000e+00 0.000e+00 0.000e+00
 1.000e+00 0.000e+00 0.000e+00 0.000e+00 1.000e+00 8.000e+00 4.000e+01
 1.700e+01 5.000e+01 7.500e+01 1.500e+01 6.000e+00 8.000e+00 3.000e+01
 6.000e+01 2.000e+00 1.800e+01 4.000e+01 8.500e+01 2.000e+01 3.500e+01
 6.500e+01 6.000e+01 8.000e+00 7.415e+03 8.000e+00 2.560e+02 8.000e+00]","[1.000e+00 0.000e+00 0.000e+00 1.000e+00 1.000e+00 1.000e+00 1.000e+00
 1.000e+00 1.000e+00 0.000e+00 0.000e+00 1.000e+00 1.000e+00 3.500e+01
 9.000e+00 4.500e+01 8.500e+01 1.600e+01 8.000e+00 5.000e+00 7.500e+01
 6.500e+01 1.000e+00 1.600e+01 2.000e+01 7.000e+01 2.000e+01 2.000e+01
 9.000e+01 5.000e+01 1.000e+00 6.272e+03 6.000e+00 1.024e+03 1.500e+01]","[1.000e+00 0.000e+00 0.000e+00 1.000e+00 1.000e+00 1.000e+00 1.000e+00
 1.000e+00 1.000e+00 0.000e+00 0.000e+00 1.000e+00 3.000e+00 1.000e+01
 2.900e+01 2.500e+01 9.000e+01 8.000e+00 1.400e+01 8.000e+00 4.000e+01
 6.000e+01 6.000e+00 1.500e+01 4.000e+01 7.500e+01 3.000e+01 3.000e+01
 8.000e+01 6.000e+01 2.000e+00 4.643e+03 1.300e+01 2.560e+02 9.000e+00]","[1.000e+00 0.000e+00 0.000e+00 0.000e+00 1.000e+00 0.000e+00 1.000e+00
 1.000e+00 0.000e+00 0.000e+00 0.000e+00 1.000e+00 1.100e+01 4.000e+01
 5.000e+00 6.000e+01 9.000e+01 1.000e+01 6.000e+00 2.000e+00 4.000e+01
 6.000e+01 8.000e+00 1.600e+01 1.000e+01 5.500e+01 2.000e+01 2.500e+01
 2.500e+01 7.000e+01 4.000e+00 1.784e+03 1.400e+01 5.120e+02 2.400e+01]","[  0.   1.   1.   1.   0.   0.   0.   0.   0.   0.   0.   0.  10.  35.
  10.  75.  75.   6.  15.   5.  30.  70.   6.   6.  30.  70.  25.  10.
  80.  60.   8. 603.  10. 256.  19.]"
488.0,1389.5,3773.5,828.5,1130.5,1120.5,4326.0,1128.0,1294.0,6226.5,1490.5,2064.5,562.0,498.5,1788.5,6172.5,589.0,572.5,4526.0,5399.0,985.0,4620.0,1721.5,3999.5,482.0,749.0,480.0,563.0,558.0,539.5,457.5,572.5,632.5,638.5,995.5,1484.0,493.0,566.5,2058.5,1641.0,564.5,1064.0,3558.5,3577.5,559.0,405.5,478.0,817.5,637.5,532.5,2065.5,1580.0,603.5,635.0,562.5,550.0,631.5,994.0,1757.5,2698.5,491.0,1119.0,539.0,1793.5,590.0,1488.0,479.0,635.0,659.5,460.5,593.0,477.0,642.5,476.5,558.5,4339.0,654.0,922.5,434.0,546.5,1806.0,2000.5,4122.5,482.5,572.5,537.0,1610.5,1018.5,640.5,485.5,2979.0,1079.0,1177.5,499.5,874.5,491.5,6637.0,481.5,526.0,1073.5,555.5,1728.5,576.5,3182.5,481.5,539.5,779.0,994.5,642.5,467.5,2382.5,1034.5,493.0,556.0,532.0,561.0,1569.5,1593.0,471.5,3062.5,843.0,1153.5,482.0,511.0,1176.0,505.5,632.0,480.0,581.0,1147.0,477.0,839.0,615.0,436.5,440.5,3308.0,842.5,762.0,2077.5,1493.0,1390.5,634.0,1168.5,8581.0,984.0,611.0,1287.0,1071.0,686.5,634.5,6768.0,528.0,879.0,1196.0,1474.0,480.0,1136.0,639.0,540.5,567.5,1710.5,498.5,2998.0,993.0,1124.0,540.5,682.5,1145.5,1138.5,1184.0,638.0,1089.5,621.5,3504.0,872.0,670.5,669.5,3963.5,479.0,545.5,560.0,854.0,876.5,502.5,549.0,3049.0,407.5,564.5,719.0,596.0,906.5,427.5,560.0,1089.5,477.0,1113.5,410.0,414.0,7639.0,887.0,1503.5,2406.0,860.5
200
