1,2,3,4,5,6,7,8,9,10,11,12,13,14,15,16,17,18,19,20,21,22,23,24,25,26,27,28,29,30,31,32,33,34,35,36,37,38,39,40,41,42,43,44,45,46,47,48,49,50,51,52,53,54,55,56,57,58,59,60,61,62,63,64,65,66,67,68,69,70,71,72,73,74,75,76,77,78,79,80,81,82,83,84,85,86,87,88,89,90,91,92,93,94,95,96,97,98,99,100,101,102,103,104,105,106,107,108,109,110,111,112,113,114,115,116,117,118,119,120,121,122,123,124,125,126,127,128,129,130,131,132,133,134,135,136,137,138,139,140,141,142,143,144,145,146,147,148,149,150,151,152,153,154,155,156,157,158,159,160,161,162,163,164,165,166,167,168,169,170,171,172,173,174,175,176,177,178,179,180,181,182,183,184,185,186,187,188,189,190,191,192,193,194,195,196,197,198,199,200,201,202,203,204,205,206,207,208,209,210,211,212,213,214,215,216,217,218,219,220,221,222,223,224,225,226,227,228,229,230,231,232,233,234,235,236,237,238,239,240,241,242,243,244,245,246,247,248,249,250,251,252,253,254
[  1.   0.   1.   0.   0.   1.   1.   1. 256. 512.  64.],"[1.0000e+00 1.0000e+00 1.0000e+00 0.0000e+00 1.0000e+00 0.0000e+00
 1.0000e+00 0.0000e+00 6.5536e+04 8.0000e+00 8.0000e+00]","[0.000e+00 0.000e+00 1.000e+00 0.000e+00 1.000e+00 0.000e+00 0.000e+00
 0.000e+00 4.096e+03 8.000e+00 6.400e+01]","[1.000e+00 0.000e+00 1.000e+00 0.000e+00 0.000e+00 1.000e+00 0.000e+00
 1.000e+00 4.096e+03 6.400e+01 8.000e+00]",[  1.   0.   1.   1.   0.   0.   1.   1. 256. 512.  64.],"[1.000e+00 1.000e+00 1.000e+00 1.000e+00 0.000e+00 0.000e+00 0.000e+00
 0.000e+00 4.096e+03 5.120e+02 8.000e+00]",[  1.   0.   1.   1.   0.   0.   0.   0. 256. 512.  64.],"[1.0000e+00 0.0000e+00 1.0000e+00 0.0000e+00 1.0000e+00 0.0000e+00
 0.0000e+00 1.0000e+00 6.5536e+04 6.4000e+01 6.4000e+01]","[1.0000e+00 1.0000e+00 1.0000e+00 0.0000e+00 0.0000e+00 1.0000e+00
 1.0000e+00 0.0000e+00 6.5536e+04 5.1200e+02 1.0000e+00]",[  1.   1.   1.   0.   1.   0.   0.   0. 256. 512.   8.],"[0.000e+00 0.000e+00 1.000e+00 0.000e+00 0.000e+00 1.000e+00 0.000e+00
 0.000e+00 4.096e+03 5.120e+02 1.000e+00]",[  1.   0.   1.   1.   0.   0.   0.   0. 256. 512.  64.],"[1.000e+00 0.000e+00 1.000e+00 1.000e+00 0.000e+00 0.000e+00 0.000e+00
 0.000e+00 4.096e+03 8.000e+00 6.400e+01]",[  1.   0.   1.   1.   0.   0.   0.   0. 256.  64.  64.],"[1.0000e+00 0.0000e+00 1.0000e+00 0.0000e+00 1.0000e+00 0.0000e+00
 1.0000e+00 0.0000e+00 6.5536e+04 5.1200e+02 6.4000e+01]","[1.000e+00 0.000e+00 1.000e+00 0.000e+00 0.000e+00 1.000e+00 1.000e+00
 0.000e+00 4.096e+03 5.120e+02 6.400e+01]",[  1.   0.   1.   0.   1.   0.   1.   0. 256. 512.   1.],"[1.0000e+00 1.0000e+00 1.0000e+00 1.0000e+00 0.0000e+00 0.0000e+00
 1.0000e+00 0.0000e+00 6.5536e+04 5.1200e+02 6.4000e+01]","[1.000e+00 1.000e+00 1.000e+00 0.000e+00 1.000e+00 0.000e+00 1.000e+00
 0.000e+00 4.096e+03 6.400e+01 6.400e+01]","[1.0000e+00 1.0000e+00 1.0000e+00 0.0000e+00 1.0000e+00 0.0000e+00
 1.0000e+00 0.0000e+00 6.5536e+04 5.1200e+02 8.0000e+00]",[  1.   0.   1.   0.   1.   0.   0.   0. 256. 512.  64.],"[1.000e+00 0.000e+00 1.000e+00 0.000e+00 0.000e+00 1.000e+00 1.000e+00
 0.000e+00 4.096e+03 5.120e+02 8.000e+00]","[1.000e+00 0.000e+00 1.000e+00 1.000e+00 0.000e+00 0.000e+00 1.000e+00
 0.000e+00 4.096e+03 5.120e+02 6.400e+01]","[1.0000e+00 0.0000e+00 1.0000e+00 1.0000e+00 0.0000e+00 0.0000e+00
 1.0000e+00 0.0000e+00 6.5536e+04 5.1200e+02 8.0000e+00]","[1.0000e+00 0.0000e+00 1.0000e+00 1.0000e+00 0.0000e+00 0.0000e+00
 1.0000e+00 0.0000e+00 6.5536e+04 8.0000e+00 6.4000e+01]","[1.0000e+00 0.0000e+00 1.0000e+00 1.0000e+00 0.0000e+00 0.0000e+00
 0.0000e+00 0.0000e+00 6.5536e+04 5.1200e+02 6.4000e+01]","[1.0000e+00 0.0000e+00 1.0000e+00 0.0000e+00 0.0000e+00 1.0000e+00
 1.0000e+00 1.0000e+00 6.5536e+04 8.0000e+00 8.0000e+00]","[1.0000e+00 0.0000e+00 1.0000e+00 0.0000e+00 0.0000e+00 1.0000e+00
 1.0000e+00 0.0000e+00 6.5536e+04 5.1200e+02 8.0000e+00]","[1.0000e+00 1.0000e+00 1.0000e+00 0.0000e+00 0.0000e+00 1.0000e+00
 1.0000e+00 0.0000e+00 6.5536e+04 8.0000e+00 6.4000e+01]","[1.0000e+00 1.0000e+00 1.0000e+00 0.0000e+00 1.0000e+00 0.0000e+00
 1.0000e+00 0.0000e+00 6.5536e+04 6.4000e+01 1.0000e+00]","[1.0000e+00 1.0000e+00 1.0000e+00 0.0000e+00 1.0000e+00 0.0000e+00
 1.0000e+00 0.0000e+00 6.5536e+04 5.1200e+02 1.0000e+00]","[1.0000e+00 1.0000e+00 1.0000e+00 0.0000e+00 1.0000e+00 0.0000e+00
 1.0000e+00 0.0000e+00 6.5536e+04 6.4000e+01 6.4000e+01]","[1.0000e+00 0.0000e+00 1.0000e+00 0.0000e+00 0.0000e+00 1.0000e+00
 1.0000e+00 0.0000e+00 6.5536e+04 5.1200e+02 6.4000e+01]","[1.0000e+00 1.0000e+00 1.0000e+00 0.0000e+00 1.0000e+00 0.0000e+00
 1.0000e+00 0.0000e+00 6.5536e+04 5.1200e+02 1.0000e+00]",[  1.   1.   1.   1.   0.   0.   0.   0. 256.  64.   1.],"[1.0000e+00 0.0000e+00 1.0000e+00 1.0000e+00 0.0000e+00 0.0000e+00
 0.0000e+00 0.0000e+00 6.5536e+04 6.4000e+01 1.0000e+00]",[  1.   0.   1.   1.   0.   0.   0.   0. 256.  64.   1.],"[1.000e+00 0.000e+00 1.000e+00 1.000e+00 0.000e+00 0.000e+00 1.000e+00
 0.000e+00 4.096e+03 5.120e+02 1.000e+00]","[1.0000e+00 1.0000e+00 1.0000e+00 0.0000e+00 1.0000e+00 0.0000e+00
 1.0000e+00 0.0000e+00 6.5536e+04 5.1200e+02 6.4000e+01]",[  1.   0.   1.   1.   0.   0.   0.   0. 256. 512.   1.],[  1.   1.   1.   0.   0.   1.   1.   0. 256. 512.   8.],[  1.   1.   1.   0.   1.   0.   1.   1. 256. 512.   1.],[  1.   0.   1.   0.   0.   1.   0.   0. 256. 512.   1.],[  1.   1.   1.   0.   1.   0.   1.   0. 256. 512.   1.],[  1.   1.   1.   1.   0.   0.   1.   0. 256. 512.   1.],[  1.   0.   1.   1.   0.   0.   1.   0. 256. 512.   8.],"[1.000e+00 0.000e+00 1.000e+00 0.000e+00 0.000e+00 1.000e+00 1.000e+00
 0.000e+00 4.096e+03 5.120e+02 1.000e+00]",[  1.   0.   1.   1.   0.   0.   0.   0. 256. 512.  64.],"[1.0000e+00 0.0000e+00 1.0000e+00 1.0000e+00 0.0000e+00 0.0000e+00
 0.0000e+00 1.0000e+00 6.5536e+04 5.1200e+02 1.0000e+00]",[  1.   0.   1.   0.   0.   1.   1.   0. 256.  64.   1.],"[1.0000e+00 0.0000e+00 1.0000e+00 0.0000e+00 1.0000e+00 0.0000e+00
 1.0000e+00 0.0000e+00 6.5536e+04 6.4000e+01 8.0000e+00]","[1.0000e+00 0.0000e+00 1.0000e+00 1.0000e+00 0.0000e+00 0.0000e+00
 1.0000e+00 0.0000e+00 6.5536e+04 6.4000e+01 8.0000e+00]","[1.0000e+00 0.0000e+00 1.0000e+00 0.0000e+00 0.0000e+00 1.0000e+00
 1.0000e+00 0.0000e+00 6.5536e+04 6.4000e+01 1.0000e+00]","[1.000e+00 0.000e+00 1.000e+00 0.000e+00 0.000e+00 1.000e+00 1.000e+00
 0.000e+00 4.096e+03 6.400e+01 8.000e+00]",[  1.   0.   1.   1.   0.   0.   0.   1. 256.  64.   8.],"[1.0000e+00 0.0000e+00 1.0000e+00 0.0000e+00 0.0000e+00 1.0000e+00
 1.0000e+00 1.0000e+00 6.5536e+04 6.4000e+01 6.4000e+01]","[1.0000e+00 0.0000e+00 1.0000e+00 1.0000e+00 0.0000e+00 0.0000e+00
 1.0000e+00 0.0000e+00 6.5536e+04 8.0000e+00 8.0000e+00]",[  1.   1.   1.   0.   1.   0.   1.   0. 256.  64.   1.],[  1.   0.   1.   1.   0.   0.   0.   1. 256.  64.  64.],"[1.0000e+00 1.0000e+00 1.0000e+00 0.0000e+00 1.0000e+00 0.0000e+00
 1.0000e+00 1.0000e+00 6.5536e+04 6.4000e+01 8.0000e+00]","[1.0000e+00 0.0000e+00 1.0000e+00 1.0000e+00 0.0000e+00 0.0000e+00
 1.0000e+00 0.0000e+00 6.5536e+04 5.1200e+02 6.4000e+01]","[1.0000e+00 0.0000e+00 1.0000e+00 0.0000e+00 0.0000e+00 1.0000e+00
 0.0000e+00 0.0000e+00 6.5536e+04 6.4000e+01 6.4000e+01]","[1.0000e+00 0.0000e+00 1.0000e+00 0.0000e+00 0.0000e+00 1.0000e+00
 1.0000e+00 1.0000e+00 6.5536e+04 5.1200e+02 1.0000e+00]",[  1.   0.   1.   0.   0.   1.   1.   0. 256. 512.   8.],"[1.0000e+00 0.0000e+00 1.0000e+00 0.0000e+00 0.0000e+00 1.0000e+00
 1.0000e+00 0.0000e+00 6.5536e+04 6.4000e+01 8.0000e+00]","[1.0000e+00 1.0000e+00 1.0000e+00 0.0000e+00 1.0000e+00 0.0000e+00
 1.0000e+00 0.0000e+00 6.5536e+04 8.0000e+00 6.4000e+01]","[1.0000e+00 0.0000e+00 1.0000e+00 1.0000e+00 0.0000e+00 0.0000e+00
 1.0000e+00 1.0000e+00 6.5536e+04 8.0000e+00 8.0000e+00]","[1.0000e+00 1.0000e+00 1.0000e+00 0.0000e+00 1.0000e+00 0.0000e+00
 1.0000e+00 0.0000e+00 6.5536e+04 5.1200e+02 6.4000e+01]","[1.0000e+00 0.0000e+00 1.0000e+00 0.0000e+00 1.0000e+00 0.0000e+00
 1.0000e+00 0.0000e+00 6.5536e+04 8.0000e+00 1.0000e+00]",[  1.   1.   1.   0.   1.   0.   0.   0. 256.   8.   1.],[  1.   0.   1.   1.   0.   0.   1.   0. 256.   8.   1.],[  1.   0.   1.   1.   0.   0.   0.   1. 256.   8.   1.],"[1.0000e+00 0.0000e+00 1.0000e+00 1.0000e+00 0.0000e+00 0.0000e+00
 0.0000e+00 1.0000e+00 6.5536e+04 8.0000e+00 1.0000e+00]","[1.000e+00 1.000e+00 1.000e+00 0.000e+00 0.000e+00 1.000e+00 0.000e+00
 0.000e+00 4.096e+03 8.000e+00 1.000e+00]","[1.0000e+00 1.0000e+00 1.0000e+00 0.0000e+00 1.0000e+00 0.0000e+00
 1.0000e+00 0.0000e+00 6.5536e+04 8.0000e+00 1.0000e+00]",[  1.   0.   1.   0.   0.   1.   0.   0. 256.   8.   1.],"[1.0000e+00 0.0000e+00 1.0000e+00 1.0000e+00 0.0000e+00 0.0000e+00
 0.0000e+00 1.0000e+00 6.5536e+04 8.0000e+00 8.0000e+00]","[1.0000e+00 0.0000e+00 1.0000e+00 1.0000e+00 0.0000e+00 0.0000e+00
 1.0000e+00 0.0000e+00 6.5536e+04 5.1200e+02 6.4000e+01]",[  1.   0.   1.   1.   0.   0.   1.   0. 256.   8.   1.],"[1.0000e+00 0.0000e+00 1.0000e+00 1.0000e+00 0.0000e+00 0.0000e+00
 1.0000e+00 1.0000e+00 6.5536e+04 8.0000e+00 1.0000e+00]","[1.000e+00 1.000e+00 1.000e+00 0.000e+00 1.000e+00 0.000e+00 1.000e+00
 0.000e+00 4.096e+03 5.120e+02 6.400e+01]",[  1.   1.   1.   0.   1.   0.   0.   1. 256. 512.  64.],"[1.0000e+00 0.0000e+00 1.0000e+00 0.0000e+00 0.0000e+00 1.0000e+00
 0.0000e+00 0.0000e+00 6.5536e+04 8.0000e+00 1.0000e+00]","[1.000e+00 0.000e+00 1.000e+00 0.000e+00 0.000e+00 1.000e+00 0.000e+00
 0.000e+00 4.096e+03 6.400e+01 1.000e+00]",[  1.   0.   1.   1.   0.   0.   1.   1. 256.   8.   1.],"[1.000e+00 1.000e+00 1.000e+00 0.000e+00 1.000e+00 0.000e+00 0.000e+00
 0.000e+00 4.096e+03 8.000e+00 1.000e+00]",[  1.   1.   1.   0.   0.   1.   0.   1. 256. 512.  64.],"[1.0000e+00 0.0000e+00 1.0000e+00 1.0000e+00 0.0000e+00 0.0000e+00
 0.0000e+00 1.0000e+00 6.5536e+04 5.1200e+02 6.4000e+01]","[1.0000e+00 0.0000e+00 1.0000e+00 1.0000e+00 0.0000e+00 0.0000e+00
 0.0000e+00 0.0000e+00 6.5536e+04 6.4000e+01 8.0000e+00]","[1.0000e+00 1.0000e+00 1.0000e+00 0.0000e+00 1.0000e+00 0.0000e+00
 0.0000e+00 0.0000e+00 6.5536e+04 8.0000e+00 6.4000e+01]","[1.0000e+00 1.0000e+00 1.0000e+00 0.0000e+00 1.0000e+00 0.0000e+00
 0.0000e+00 0.0000e+00 6.5536e+04 5.1200e+02 6.4000e+01]",[  1.   0.   1.   1.   0.   0.   0.   0. 256. 512.   1.],"[1.0000e+00 1.0000e+00 1.0000e+00 0.0000e+00 1.0000e+00 0.0000e+00
 0.0000e+00 0.0000e+00 6.5536e+04 8.0000e+00 1.0000e+00]",[  1.   0.   1.   0.   0.   1.   1.   0. 256.   8.   1.],[  1.   1.   1.   0.   1.   0.   0.   0. 256.   8.   1.],[  1.   1.   1.   0.   1.   0.   1.   0. 256.  64.   8.],"[1.0000e+00 0.0000e+00 1.0000e+00 1.0000e+00 0.0000e+00 0.0000e+00
 1.0000e+00 0.0000e+00 6.5536e+04 6.4000e+01 6.4000e+01]",[  1.   0.   1.   1.   0.   0.   1.   0. 256. 512.  64.],"[1.0000e+00 0.0000e+00 1.0000e+00 1.0000e+00 0.0000e+00 0.0000e+00
 1.0000e+00 0.0000e+00 6.5536e+04 5.1200e+02 6.4000e+01]","[1.000e+00 0.000e+00 1.000e+00 0.000e+00 0.000e+00 1.000e+00 1.000e+00
 1.000e+00 4.096e+03 5.120e+02 1.000e+00]","[1.0000e+00 1.0000e+00 1.0000e+00 0.0000e+00 1.0000e+00 0.0000e+00
 1.0000e+00 1.0000e+00 6.5536e+04 8.0000e+00 1.0000e+00]",[  1.   0.   1.   1.   0.   0.   1.   0. 256.  64.   1.],[  1.   1.   1.   0.   1.   0.   1.   1. 256.   8.   1.],[  1.   1.   1.   0.   1.   0.   0.   0. 256. 512.  64.],"[1.0000e+00 1.0000e+00 1.0000e+00 1.0000e+00 0.0000e+00 0.0000e+00
 0.0000e+00 1.0000e+00 6.5536e+04 5.1200e+02 6.4000e+01]","[1.0000e+00 0.0000e+00 1.0000e+00 1.0000e+00 0.0000e+00 0.0000e+00
 1.0000e+00 0.0000e+00 6.5536e+04 8.0000e+00 1.0000e+00]",[  1.   0.   1.   0.   0.   1.   0.   0. 256. 512.  64.],"[1.0000e+00 0.0000e+00 1.0000e+00 1.0000e+00 0.0000e+00 0.0000e+00
 1.0000e+00 0.0000e+00 6.5536e+04 6.4000e+01 6.4000e+01]",[  1.   0.   1.   0.   0.   1.   0.   0. 256. 512.   8.],"[1.0000e+00 1.0000e+00 1.0000e+00 1.0000e+00 0.0000e+00 0.0000e+00
 1.0000e+00 0.0000e+00 6.5536e+04 8.0000e+00 1.0000e+00]","[1.0000e+00 1.0000e+00 1.0000e+00 1.0000e+00 0.0000e+00 0.0000e+00
 0.0000e+00 1.0000e+00 6.5536e+04 6.4000e+01 6.4000e+01]","[1.0000e+00 1.0000e+00 1.0000e+00 0.0000e+00 1.0000e+00 0.0000e+00
 1.0000e+00 0.0000e+00 6.5536e+04 8.0000e+00 1.0000e+00]",[  1.   0.   1.   1.   0.   0.   1.   0. 256. 512.   1.],"[1.0000e+00 0.0000e+00 1.0000e+00 1.0000e+00 0.0000e+00 0.0000e+00
 1.0000e+00 1.0000e+00 6.5536e+04 8.0000e+00 6.4000e+01]","[0.000e+00 0.000e+00 1.000e+00 0.000e+00 1.000e+00 0.000e+00 0.000e+00
 0.000e+00 4.096e+03 5.120e+02 1.000e+00]",[  1.   0.   1.   1.   0.   0.   0.   0. 256.  64.  64.],[  1.   0.   1.   1.   0.   0.   0.   0. 256. 512.  64.],[  1.   0.   1.   0.   0.   1.   1.   1. 256. 512.   1.],"[1.000e+00 0.000e+00 1.000e+00 0.000e+00 0.000e+00 1.000e+00 0.000e+00
 0.000e+00 4.096e+03 6.400e+01 6.400e+01]",[  1.   1.   1.   0.   1.   0.   1.   1. 256.  64.   1.],"[1.0000e+00 0.0000e+00 1.0000e+00 1.0000e+00 0.0000e+00 0.0000e+00
 1.0000e+00 0.0000e+00 6.5536e+04 5.1200e+02 8.0000e+00]",[  1.   1.   1.   0.   1.   0.   0.   1. 256.  64.   1.],"[1.0000e+00 1.0000e+00 1.0000e+00 0.0000e+00 0.0000e+00 1.0000e+00
 0.0000e+00 1.0000e+00 6.5536e+04 5.1200e+02 6.4000e+01]","[1.000e+00 0.000e+00 1.000e+00 1.000e+00 0.000e+00 0.000e+00 1.000e+00
 1.000e+00 4.096e+03 6.400e+01 6.400e+01]","[1.0000e+00 0.0000e+00 1.0000e+00 0.0000e+00 1.0000e+00 0.0000e+00
 0.0000e+00 0.0000e+00 6.5536e+04 6.4000e+01 1.0000e+00]","[1.0000e+00 0.0000e+00 1.0000e+00 1.0000e+00 0.0000e+00 0.0000e+00
 1.0000e+00 0.0000e+00 6.5536e+04 8.0000e+00 1.0000e+00]",[  1.   0.   1.   0.   0.   1.   1.   0. 256.  64.  64.],"[1.0000e+00 1.0000e+00 1.0000e+00 1.0000e+00 0.0000e+00 0.0000e+00
 0.0000e+00 0.0000e+00 6.5536e+04 6.4000e+01 1.0000e+00]","[1.0000e+00 0.0000e+00 1.0000e+00 0.0000e+00 0.0000e+00 1.0000e+00
 1.0000e+00 0.0000e+00 6.5536e+04 8.0000e+00 1.0000e+00]","[1.0000e+00 1.0000e+00 1.0000e+00 0.0000e+00 1.0000e+00 0.0000e+00
 1.0000e+00 0.0000e+00 6.5536e+04 6.4000e+01 1.0000e+00]","[1.0000e+00 1.0000e+00 1.0000e+00 0.0000e+00 1.0000e+00 0.0000e+00
 0.0000e+00 1.0000e+00 6.5536e+04 5.1200e+02 6.4000e+01]","[1.000e+00 0.000e+00 1.000e+00 0.000e+00 1.000e+00 0.000e+00 1.000e+00
 0.000e+00 4.096e+03 5.120e+02 6.400e+01]",[  0.   0.   1.   1.   0.   0.   0.   0. 256.  64.  64.],"[1.0000e+00 0.0000e+00 1.0000e+00 0.0000e+00 0.0000e+00 1.0000e+00
 0.0000e+00 0.0000e+00 6.5536e+04 6.4000e+01 1.0000e+00]","[1.0000e+00 1.0000e+00 1.0000e+00 1.0000e+00 0.0000e+00 0.0000e+00
 0.0000e+00 1.0000e+00 6.5536e+04 5.1200e+02 1.0000e+00]","[1.000e+00 1.000e+00 1.000e+00 1.000e+00 0.000e+00 0.000e+00 0.000e+00
 1.000e+00 4.096e+03 5.120e+02 6.400e+01]","[1.0000e+00 0.0000e+00 1.0000e+00 0.0000e+00 0.0000e+00 1.0000e+00
 1.0000e+00 0.0000e+00 6.5536e+04 5.1200e+02 6.4000e+01]","[1.0000e+00 1.0000e+00 1.0000e+00 0.0000e+00 1.0000e+00 0.0000e+00
 1.0000e+00 1.0000e+00 6.5536e+04 8.0000e+00 6.4000e+01]",[  1.   0.   1.   1.   0.   0.   0.   1. 256. 512.  64.],"[1.0000e+00 0.0000e+00 1.0000e+00 1.0000e+00 0.0000e+00 0.0000e+00
 0.0000e+00 1.0000e+00 6.5536e+04 6.4000e+01 6.4000e+01]","[1.0000e+00 1.0000e+00 1.0000e+00 1.0000e+00 0.0000e+00 0.0000e+00
 0.0000e+00 1.0000e+00 6.5536e+04 5.1200e+02 6.4000e+01]","[1.0000e+00 1.0000e+00 1.0000e+00 1.0000e+00 0.0000e+00 0.0000e+00
 0.0000e+00 0.0000e+00 6.5536e+04 5.1200e+02 6.4000e+01]",[  1.   1.   1.   0.   0.   1.   1.   0. 256.  64.   8.],"[1.0000e+00 1.0000e+00 1.0000e+00 0.0000e+00 0.0000e+00 1.0000e+00
 0.0000e+00 0.0000e+00 6.5536e+04 5.1200e+02 1.0000e+00]","[1.0000e+00 1.0000e+00 1.0000e+00 1.0000e+00 0.0000e+00 0.0000e+00
 0.0000e+00 0.0000e+00 6.5536e+04 5.1200e+02 8.0000e+00]","[1.0000e+00 1.0000e+00 1.0000e+00 1.0000e+00 0.0000e+00 0.0000e+00
 0.0000e+00 0.0000e+00 6.5536e+04 5.1200e+02 6.4000e+01]","[1.0000e+00 1.0000e+00 1.0000e+00 1.0000e+00 0.0000e+00 0.0000e+00
 1.0000e+00 1.0000e+00 6.5536e+04 5.1200e+02 6.4000e+01]",[  1.   0.   1.   0.   1.   0.   0.   0. 256. 512.   1.],"[1.0000e+00 1.0000e+00 1.0000e+00 1.0000e+00 0.0000e+00 0.0000e+00
 0.0000e+00 0.0000e+00 6.5536e+04 6.4000e+01 6.4000e+01]","[1.0000e+00 1.0000e+00 1.0000e+00 1.0000e+00 0.0000e+00 0.0000e+00
 0.0000e+00 0.0000e+00 6.5536e+04 5.1200e+02 6.4000e+01]","[1.000e+00 0.000e+00 1.000e+00 1.000e+00 0.000e+00 0.000e+00 0.000e+00
 0.000e+00 4.096e+03 5.120e+02 6.400e+01]","[1.000e+00 0.000e+00 1.000e+00 1.000e+00 0.000e+00 0.000e+00 0.000e+00
 1.000e+00 4.096e+03 5.120e+02 8.000e+00]",[  1.   1.   1.   1.   0.   0.   1.   0. 256.  64.   1.],"[1.000e+00 1.000e+00 1.000e+00 0.000e+00 0.000e+00 1.000e+00 1.000e+00
 0.000e+00 4.096e+03 6.400e+01 1.000e+00]","[1.0000e+00 1.0000e+00 1.0000e+00 0.0000e+00 1.0000e+00 0.0000e+00
 0.0000e+00 0.0000e+00 6.5536e+04 6.4000e+01 1.0000e+00]","[1.000e+00 0.000e+00 1.000e+00 1.000e+00 0.000e+00 0.000e+00 0.000e+00
 1.000e+00 4.096e+03 5.120e+02 6.400e+01]",[  1.   0.   1.   0.   0.   1.   0.   0. 256.  64.   1.],"[1.0000e+00 1.0000e+00 1.0000e+00 0.0000e+00 0.0000e+00 1.0000e+00
 0.0000e+00 0.0000e+00 6.5536e+04 8.0000e+00 1.0000e+00]","[1.000e+00 1.000e+00 1.000e+00 1.000e+00 0.000e+00 0.000e+00 0.000e+00
 0.000e+00 4.096e+03 5.120e+02 6.400e+01]","[1.0000e+00 0.0000e+00 1.0000e+00 0.0000e+00 0.0000e+00 1.0000e+00
 0.0000e+00 0.0000e+00 6.5536e+04 6.4000e+01 8.0000e+00]","[1.0000e+00 1.0000e+00 1.0000e+00 0.0000e+00 0.0000e+00 1.0000e+00
 0.0000e+00 0.0000e+00 6.5536e+04 5.1200e+02 6.4000e+01]",[  1.   1.   1.   1.   0.   0.   0.   1. 256.  64.   8.],"[1.0000e+00 1.0000e+00 1.0000e+00 0.0000e+00 1.0000e+00 0.0000e+00
 0.0000e+00 0.0000e+00 6.5536e+04 8.0000e+00 1.0000e+00]",[  1.   1.   1.   1.   0.   0.   0.   0. 256. 512.  64.],[  1.   0.   1.   1.   0.   0.   0.   1. 256.  64.   1.],"[1.000e+00 0.000e+00 1.000e+00 1.000e+00 0.000e+00 0.000e+00 0.000e+00
 0.000e+00 4.096e+03 5.120e+02 6.400e+01]","[1.0000e+00 0.0000e+00 1.0000e+00 1.0000e+00 0.0000e+00 0.0000e+00
 0.0000e+00 0.0000e+00 6.5536e+04 5.1200e+02 8.0000e+00]","[1.0000e+00 1.0000e+00 1.0000e+00 1.0000e+00 0.0000e+00 0.0000e+00
 0.0000e+00 0.0000e+00 6.5536e+04 5.1200e+02 6.4000e+01]","[1.0000e+00 1.0000e+00 1.0000e+00 1.0000e+00 0.0000e+00 0.0000e+00
 0.0000e+00 1.0000e+00 6.5536e+04 6.4000e+01 6.4000e+01]","[1.0000e+00 1.0000e+00 1.0000e+00 1.0000e+00 0.0000e+00 0.0000e+00
 0.0000e+00 0.0000e+00 6.5536e+04 5.1200e+02 8.0000e+00]",[  1.   1.   1.   0.   1.   0.   0.   0. 256. 512.   1.],[  1.   1.   1.   0.   0.   1.   1.   0. 256.  64.   1.],"[1.0000e+00 1.0000e+00 1.0000e+00 0.0000e+00 0.0000e+00 1.0000e+00
 0.0000e+00 0.0000e+00 6.5536e+04 6.4000e+01 8.0000e+00]",[  1.   0.   1.   0.   0.   1.   1.   1. 256. 512.   8.],"[1.0000e+00 1.0000e+00 1.0000e+00 0.0000e+00 0.0000e+00 1.0000e+00
 0.0000e+00 0.0000e+00 6.5536e+04 6.4000e+01 6.4000e+01]","[1.0000e+00 1.0000e+00 1.0000e+00 1.0000e+00 0.0000e+00 0.0000e+00
 1.0000e+00 1.0000e+00 6.5536e+04 6.4000e+01 6.4000e+01]",[  1.   1.   1.   1.   0.   0.   0.   0. 256.  64.   1.],[  1.   1.   1.   0.   1.   0.   1.   0. 256.   8.   1.],"[1.0000e+00 0.0000e+00 1.0000e+00 1.0000e+00 0.0000e+00 0.0000e+00
 0.0000e+00 0.0000e+00 6.5536e+04 5.1200e+02 6.4000e+01]",[  1.   1.   1.   1.   0.   0.   0.   0. 256. 512.  64.],[  1.   1.   1.   1.   0.   0.   0.   1. 256. 512.  64.],"[1.000e+00 1.000e+00 1.000e+00 0.000e+00 1.000e+00 0.000e+00 1.000e+00
 0.000e+00 4.096e+03 8.000e+00 1.000e+00]","[1.0000e+00 0.0000e+00 1.0000e+00 0.0000e+00 0.0000e+00 1.0000e+00
 0.0000e+00 1.0000e+00 6.5536e+04 5.1200e+02 1.0000e+00]","[1.0000e+00 1.0000e+00 1.0000e+00 1.0000e+00 0.0000e+00 0.0000e+00
 0.0000e+00 1.0000e+00 6.5536e+04 5.1200e+02 1.0000e+00]",[  1.   0.   1.   0.   0.   1.   0.   0. 256.  64.   8.],"[1.0000e+00 0.0000e+00 1.0000e+00 0.0000e+00 0.0000e+00 1.0000e+00
 0.0000e+00 0.0000e+00 6.5536e+04 6.4000e+01 1.0000e+00]",[  1.   0.   1.   0.   0.   1.   1.   1. 256. 512.   1.],"[1.0000e+00 1.0000e+00 1.0000e+00 1.0000e+00 0.0000e+00 0.0000e+00
 0.0000e+00 0.0000e+00 6.5536e+04 5.1200e+02 8.0000e+00]","[1.0000e+00 0.0000e+00 1.0000e+00 0.0000e+00 1.0000e+00 0.0000e+00
 0.0000e+00 0.0000e+00 6.5536e+04 8.0000e+00 8.0000e+00]","[1.000e+00 0.000e+00 1.000e+00 1.000e+00 0.000e+00 0.000e+00 0.000e+00
 0.000e+00 4.096e+03 5.120e+02 8.000e+00]","[1.0000e+00 0.0000e+00 1.0000e+00 1.0000e+00 0.0000e+00 0.0000e+00
 1.0000e+00 1.0000e+00 6.5536e+04 5.1200e+02 6.4000e+01]","[1.0000e+00 0.0000e+00 1.0000e+00 1.0000e+00 0.0000e+00 0.0000e+00
 1.0000e+00 1.0000e+00 6.5536e+04 6.4000e+01 8.0000e+00]","[1.0000e+00 1.0000e+00 1.0000e+00 0.0000e+00 0.0000e+00 1.0000e+00
 0.0000e+00 0.0000e+00 6.5536e+04 6.4000e+01 1.0000e+00]","[1.0000e+00 0.0000e+00 1.0000e+00 0.0000e+00 0.0000e+00 1.0000e+00
 1.0000e+00 0.0000e+00 6.5536e+04 6.4000e+01 1.0000e+00]","[1.0000e+00 1.0000e+00 1.0000e+00 0.0000e+00 0.0000e+00 1.0000e+00
 1.0000e+00 0.0000e+00 6.5536e+04 6.4000e+01 8.0000e+00]","[1.0000e+00 0.0000e+00 1.0000e+00 1.0000e+00 0.0000e+00 0.0000e+00
 0.0000e+00 0.0000e+00 6.5536e+04 8.0000e+00 6.4000e+01]","[1.0000e+00 0.0000e+00 1.0000e+00 1.0000e+00 0.0000e+00 0.0000e+00
 0.0000e+00 1.0000e+00 6.5536e+04 5.1200e+02 6.4000e+01]",[  1.   0.   1.   1.   0.   0.   0.   1. 256. 512.   8.],"[1.0000e+00 1.0000e+00 1.0000e+00 1.0000e+00 0.0000e+00 0.0000e+00
 0.0000e+00 1.0000e+00 6.5536e+04 5.1200e+02 6.4000e+01]","[1.0000e+00 0.0000e+00 1.0000e+00 1.0000e+00 0.0000e+00 0.0000e+00
 0.0000e+00 0.0000e+00 6.5536e+04 8.0000e+00 1.0000e+00]","[1.000e+00 1.000e+00 1.000e+00 0.000e+00 1.000e+00 0.000e+00 0.000e+00
 0.000e+00 4.096e+03 5.120e+02 1.000e+00]","[1.0000e+00 1.0000e+00 1.0000e+00 0.0000e+00 1.0000e+00 0.0000e+00
 0.0000e+00 0.0000e+00 6.5536e+04 5.1200e+02 8.0000e+00]","[1.0000e+00 0.0000e+00 1.0000e+00 1.0000e+00 0.0000e+00 0.0000e+00
 0.0000e+00 1.0000e+00 6.5536e+04 8.0000e+00 6.4000e+01]","[1.0000e+00 0.0000e+00 1.0000e+00 1.0000e+00 0.0000e+00 0.0000e+00
 0.0000e+00 1.0000e+00 6.5536e+04 5.1200e+02 6.4000e+01]","[1.0000e+00 1.0000e+00 1.0000e+00 0.0000e+00 1.0000e+00 0.0000e+00
 0.0000e+00 0.0000e+00 6.5536e+04 6.4000e+01 8.0000e+00]",[  1.   1.   1.   0.   0.   1.   0.   0. 256.  64.   1.],"[1.000e+00 1.000e+00 1.000e+00 0.000e+00 1.000e+00 0.000e+00 0.000e+00
 1.000e+00 4.096e+03 5.120e+02 6.400e+01]",[  1.   1.   1.   0.   1.   0.   0.   0. 256.  64.   1.],"[1.0000e+00 1.0000e+00 1.0000e+00 1.0000e+00 0.0000e+00 0.0000e+00
 0.0000e+00 1.0000e+00 6.5536e+04 5.1200e+02 8.0000e+00]","[1.000e+00 0.000e+00 1.000e+00 1.000e+00 0.000e+00 0.000e+00 0.000e+00
 0.000e+00 4.096e+03 5.120e+02 1.000e+00]","[1.0000e+00 0.0000e+00 1.0000e+00 1.0000e+00 0.0000e+00 0.0000e+00
 1.0000e+00 1.0000e+00 6.5536e+04 6.4000e+01 6.4000e+01]","[1.0000e+00 1.0000e+00 1.0000e+00 1.0000e+00 0.0000e+00 0.0000e+00
 0.0000e+00 0.0000e+00 6.5536e+04 6.4000e+01 8.0000e+00]",[  1.   1.   1.   0.   0.   1.   0.   0. 256. 512.  64.],"[1.000e+00 1.000e+00 1.000e+00 0.000e+00 0.000e+00 1.000e+00 0.000e+00
 0.000e+00 4.096e+03 5.120e+02 6.400e+01]","[1.0000e+00 1.0000e+00 1.0000e+00 0.0000e+00 1.0000e+00 0.0000e+00
 0.0000e+00 0.0000e+00 6.5536e+04 8.0000e+00 6.4000e+01]","[1.0000e+00 1.0000e+00 1.0000e+00 1.0000e+00 0.0000e+00 0.0000e+00
 0.0000e+00 1.0000e+00 6.5536e+04 6.4000e+01 6.4000e+01]","[1.0000e+00 1.0000e+00 1.0000e+00 1.0000e+00 0.0000e+00 0.0000e+00
 0.0000e+00 0.0000e+00 6.5536e+04 6.4000e+01 8.0000e+00]","[1.0000e+00 1.0000e+00 1.0000e+00 0.0000e+00 1.0000e+00 0.0000e+00
 0.0000e+00 0.0000e+00 6.5536e+04 5.1200e+02 1.0000e+00]","[1.0000e+00 0.0000e+00 1.0000e+00 0.0000e+00 0.0000e+00 1.0000e+00
 0.0000e+00 1.0000e+00 6.5536e+04 5.1200e+02 1.0000e+00]",[  1.   0.   1.   1.   0.   0.   1.   0. 256.  64.   8.],[  1.   0.   1.   1.   0.   0.   0.   1. 256. 512.   1.],"[1.000e+00 1.000e+00 1.000e+00 0.000e+00 1.000e+00 0.000e+00 0.000e+00
 0.000e+00 4.096e+03 8.000e+00 8.000e+00]",[  1.   1.   1.   0.   0.   1.   0.   1. 256.  64.   1.],"[1.0000e+00 1.0000e+00 1.0000e+00 1.0000e+00 0.0000e+00 0.0000e+00
 1.0000e+00 1.0000e+00 6.5536e+04 6.4000e+01 6.4000e+01]",[  1.   0.   1.   1.   0.   0.   1.   0. 256.  64.   1.],[  1.   0.   1.   1.   0.   0.   0.   1. 256. 512.  64.],"[1.000e+00 1.000e+00 1.000e+00 0.000e+00 0.000e+00 1.000e+00 0.000e+00
 1.000e+00 4.096e+03 6.400e+01 6.400e+01]",[  1.   0.   1.   1.   0.   0.   1.   0. 256.  64.   1.],"[1.0000e+00 1.0000e+00 1.0000e+00 0.0000e+00 0.0000e+00 1.0000e+00
 0.0000e+00 0.0000e+00 6.5536e+04 6.4000e+01 1.0000e+00]","[1.0000e+00 1.0000e+00 1.0000e+00 0.0000e+00 1.0000e+00 0.0000e+00
 0.0000e+00 1.0000e+00 6.5536e+04 5.1200e+02 8.0000e+00]","[1.000e+00 1.000e+00 1.000e+00 0.000e+00 0.000e+00 1.000e+00 0.000e+00
 0.000e+00 4.096e+03 5.120e+02 6.400e+01]","[1.0000e+00 1.0000e+00 1.0000e+00 0.0000e+00 1.0000e+00 0.0000e+00
 0.0000e+00 0.0000e+00 6.5536e+04 8.0000e+00 8.0000e+00]",[  1.   0.   1.   1.   0.   0.   0.   1. 256. 512.   8.],"[1.000e+00 1.000e+00 1.000e+00 0.000e+00 1.000e+00 0.000e+00 1.000e+00
 0.000e+00 4.096e+03 8.000e+00 6.400e+01]","[1.000e+00 0.000e+00 1.000e+00 1.000e+00 0.000e+00 0.000e+00 1.000e+00
 0.000e+00 4.096e+03 6.400e+01 6.400e+01]","[1.0000e+00 1.0000e+00 1.0000e+00 1.0000e+00 0.0000e+00 0.0000e+00
 0.0000e+00 0.0000e+00 6.5536e+04 5.1200e+02 1.0000e+00]","[1.000e+00 1.000e+00 1.000e+00 1.000e+00 0.000e+00 0.000e+00 0.000e+00
 0.000e+00 4.096e+03 6.400e+01 1.000e+00]","[1.000e+00 0.000e+00 1.000e+00 1.000e+00 0.000e+00 0.000e+00 1.000e+00
 0.000e+00 4.096e+03 6.400e+01 1.000e+00]",[  1.   0.   1.   1.   0.   0.   0.   0. 256. 512.   8.],[  1.   0.   1.   0.   0.   1.   0.   0. 256. 512.  64.],"[1.0000e+00 1.0000e+00 1.0000e+00 0.0000e+00 1.0000e+00 0.0000e+00
 0.0000e+00 1.0000e+00 6.5536e+04 6.4000e+01 8.0000e+00]","[1.0000e+00 1.0000e+00 1.0000e+00 0.0000e+00 1.0000e+00 0.0000e+00
 0.0000e+00 0.0000e+00 6.5536e+04 6.4000e+01 1.0000e+00]",[  1.   0.   1.   1.   0.   0.   1.   0. 256.  64.  64.],"[1.000e+00 0.000e+00 1.000e+00 1.000e+00 0.000e+00 0.000e+00 0.000e+00
 0.000e+00 4.096e+03 6.400e+01 6.400e+01]","[1.000e+00 1.000e+00 1.000e+00 1.000e+00 0.000e+00 0.000e+00 1.000e+00
 1.000e+00 4.096e+03 5.120e+02 6.400e+01]",[  1.   1.   1.   1.   0.   0.   1.   0. 256. 512.  64.],[  1.   0.   1.   0.   0.   1.   0.   1. 256.  64.   1.],"[1.000e+00 0.000e+00 1.000e+00 1.000e+00 0.000e+00 0.000e+00 1.000e+00
 0.000e+00 4.096e+03 6.400e+01 1.000e+00]","[1.000e+00 0.000e+00 1.000e+00 1.000e+00 0.000e+00 0.000e+00 0.000e+00
 0.000e+00 4.096e+03 5.120e+02 6.400e+01]","[1.000e+00 1.000e+00 1.000e+00 0.000e+00 0.000e+00 1.000e+00 0.000e+00
 0.000e+00 4.096e+03 6.400e+01 1.000e+00]","[1.000e+00 0.000e+00 1.000e+00 0.000e+00 0.000e+00 1.000e+00 0.000e+00
 1.000e+00 4.096e+03 6.400e+01 8.000e+00]","[1.000e+00 1.000e+00 1.000e+00 0.000e+00 1.000e+00 0.000e+00 0.000e+00
 0.000e+00 4.096e+03 8.000e+00 1.000e+00]","[1.0000e+00 0.0000e+00 1.0000e+00 1.0000e+00 0.0000e+00 0.0000e+00
 0.0000e+00 1.0000e+00 6.5536e+04 6.4000e+01 6.4000e+01]",[  1.   1.   1.   0.   1.   0.   1.   1. 256. 512.  64.]
66.95442,61.072,142.59304,61.97414,68.31548,66.91638,57.55776,124.91508,61.3593,62.76702,124.5854,57.55776,68.63506,60.31724,183.96716,60.91276,168.03008,66.4672,64.81616,65.64336,119.13246,61.58386,64.82308,63.00506,65.11014,63.8527,77.65294,64.27176,76.5226,60.72236,59.44794,60.54748,66.31668,59.44794,61.75838,59.2532,61.5545,62.89136,64.49122,60.05058,60.86454,63.66312,61.98094,60.42356,61.2544,67.391,63.48608,57.55776,65.68756,58.70572,178.05722,65.2189,66.08812,66.38948,59.8243,67.61356,68.76882,61.02158,69.62692,66.17652,61.63208,60.6387,71.07574,61.99804,65.60718,60.84856,67.06784,64.49122,195.83798,61.02224,66.38508,72.51996,73.01804,80.96556,62.06858,75.8466,66.27538,61.63208,66.38508,71.27526,59.9573,60.80256,78.72336,68.59646,77.183,62.09794,62.80772,58.88278,61.36082,65.5255,60.06514,60.05058,58.14306,82.58612,61.02224,62.11918,60.56744,65.94566,61.63208,67.87554,67.99004,59.14678,77.21358,62.75928,55.97176,66.42318,61.56876,60.56744,70.28,68.59372,60.58388,62.06858,66.31226,65.15092,124.4384,60.31724,57.55776,67.62936,59.7906,64.12856,63.00506,63.66606,67.62396,62.80038,119.49972,66.42318,63.64128,58.3118,85.37784,60.72236,66.89696,180.8247,123.8099,60.23758,64.78384,68.27636,66.31668,71.66022,65.65044,61.48692,55.97176,56.86404,64.97624,60.71928,59.57054,56.86404,60.98544,130.95498,59.57274,56.86404,57.69104,66.43056,61.17042,63.44972,57.46366,66.10128,62.38484,79.9052,63.79578,62.47892,60.51112,63.55902,58.14306,61.66848,62.45114,57.69104,64.05008,56.86404,60.58388,59.57054,60.48508,65.45206,63.97494,63.53994,59.0877,64.80794,61.75838,58.9856,63.8527,61.66848,62.92092,62.91166,61.96262,64.78384,64.62572,60.23758,67.62936,59.57054,132.12136,63.82168,71.7009,70.3974,58.88552,66.08812,68.01396,65.29248,58.88278,59.45774,55.97176,65.53812,60.43964,59.11362,70.79542,58.88278,59.37668,61.54948,62.63726,62.24836,62.49724,62.40172,69.09474,64.29004,58.90066,60.14096,65.5255,60.58388,64.29004,59.16556,61.96262,62.39712,61.7266,59.71142,61.9925,64.80794,59.14678,65.65044,64.59998,59.14678,58.88552,62.46328,60.14096,63.06456,59.45774,63.34992,58.41284,61.214,59.25988,60.37182,63.11236,61.56876,59.81042,57.46366,63.53058,63.58248,66.14376,62.47854,61.28034,60.37182,57.69104,62.86458,61.97414,62.09794,61.48692,64.81348
200
