1,2,3,4,5,6,7,8,9,10,11,12,13,14,15,16,17,18,19,20,21,22,23,24,25,26,27,28,29,30,31,32,33,34,35,36,37,38,39,40,41,42,43,44,45,46,47,48,49,50,51,52,53,54,55,56,57,58,59,60,61,62,63,64,65,66,67,68,69,70,71,72,73,74,75,76,77,78,79,80,81,82,83,84,85,86,87,88,89,90,91,92,93,94,95,96,97,98,99,100,101,102,103,104,105,106,107,108,109,110,111,112,113,114,115,116,117,118,119,120,121,122,123,124,125,126,127,128,129,130,131,132,133,134,135,136,137,138,139,140,141,142,143,144,145,146,147,148,149,150,151,152,153,154,155,156,157,158,159,160,161,162,163,164,165,166,167,168,169,170,171,172,173,174,175,176,177,178,179,180,181,182,183,184,185,186,187,188,189,190,191,192,193,194,195,196,197,198,199,200,201,202,203,204,205,206,207,208,209,210,211,212,213,214,215,216,217,218,219,220,221,222,223,224,225,226
"[ 4.000e+00  3.200e+01  6.440e+02 -2.000e+00  1.860e+02  9.000e+00
  1.000e+00  1.196e+03  8.500e+01]","[ 6.000e+00  8.500e+01  6.870e+02 -1.000e+00  1.280e+02  1.800e+01
  0.000e+00  4.376e+03  1.000e+02]",[  7. 115. 810.  -4. 146.   8.   1. 365. 486.],"[ 8.000e+00  1.230e+02  1.000e+03 -5.000e+00  2.710e+02  8.000e+00
  1.000e+00  2.323e+03  3.870e+02]","[ 9.000e+00  1.190e+02  4.810e+02 -1.000e+00  2.170e+02  8.000e+00
  1.000e+00  3.497e+03  4.150e+02]","[ 1.000e+00  1.010e+02  7.180e+02 -1.000e+00  2.130e+02  1.800e+01
  0.000e+00  3.874e+03  3.140e+02]","[ 9.000e+00  9.600e+01  3.310e+02 -2.000e+00  2.340e+02  2.000e+01
  0.000e+00  2.972e+03  3.230e+02]",[  6.  76. 861.  -1. 101.  19.   1.  93. 454.],"[ 6.00e+00  1.15e+02  8.35e+02 -4.00e+00  1.11e+02  1.90e+01  1.00e+00
  3.97e+03  1.18e+02]","[ 1.100e+01  1.280e+02  9.540e+02 -5.000e+00  3.000e+02  1.200e+01
  1.000e+00  2.263e+03  2.620e+02]","[ 7.000e+00  6.500e+01  9.990e+02 -4.000e+00  1.520e+02  6.000e+00
  1.000e+00  2.382e+03  3.010e+02]",[  1. 104. 587.  -4. 142.  11.   0. 234. 386.],[   4.  108.  730.   -4.  225.   16.    0. 2222.  191.],"[ 6.000e+00  1.110e+02  3.030e+02 -4.000e+00  2.130e+02  1.100e+01
  1.000e+00  1.227e+03  8.200e+01]","[ 5.000e+00  5.800e+01  5.760e+02 -4.000e+00  1.460e+02  1.200e+01
  0.000e+00  4.303e+03  2.710e+02]",[  4.  47. 344.  -4. 159.  12.   0. 372. 128.],"[ 2.000e+00  1.170e+02  4.450e+02 -5.000e+00  2.540e+02  1.900e+01
  0.000e+00  2.138e+03  2.150e+02]",[  6.  53. 729.  -3. 115.  20.   0. 287.  91.],[  7. 104. 428.  -4. 107.  16.   0. 478.  92.],[  2.  63. 443.  -1. 232.  19.   0. 952.  30.],[   2.  105.  928.   -4.  236.   12.    0. 1422.  113.],"[ 1.000e+01  3.300e+01  7.300e+02 -3.000e+00  1.210e+02  1.900e+01
  1.000e+00  1.227e+03  1.490e+02]",[   6.   56.  743.   -4.  133.   11.    0. 1024.  501.],[  7.  90. 601.  -4. 269.  18.   1. 385.  98.],"[ 5.000e+00  1.090e+02  7.690e+02 -2.000e+00  1.290e+02  1.700e+01
  0.000e+00  4.439e+03  4.890e+02]",[  6.  98. 937.  -1. 261.   6.   0. 501. 454.],[  11.   42.  256.   -5.  100.   19.    0. 2386.  182.],[ 10.  55. 631.  -4. 140.   6.   0. 857. 501.],[  4. 104. 647.  -5. 106.  13.   1. 165. 193.],[  1.  71. 532.  -5. 215.  18.   0. 565. 445.],"[ 1.000e+00  5.800e+01  3.610e+02 -4.000e+00  2.360e+02  8.000e+00
  0.000e+00  3.521e+03  4.900e+02]","[ 1.000e+00  1.240e+02  3.760e+02 -5.000e+00  1.000e+02  8.000e+00
  1.000e+00  2.638e+03  2.500e+02]",[   5.   89.  419.   -4.  139.   11.    0. 2213.  475.],[  9.  32. 269.  -4. 195.  13.   0. 839. 377.],"[ 9.000e+00  1.060e+02  3.720e+02 -2.000e+00  1.170e+02  1.900e+01
  1.000e+00  1.208e+03  2.360e+02]","[ 6.00e+00  1.15e+02  6.41e+02 -4.00e+00  2.79e+02  1.90e+01  1.00e+00
  2.02e+03  2.40e+01]",[  2.  42. 702.  -3. 118.  17.   0.  68. 409.],"[ 3.000e+00  1.080e+02  6.940e+02 -5.000e+00  2.900e+02  1.900e+01
  1.000e+00  1.244e+03  4.420e+02]","[ 8.000e+00  1.090e+02  4.540e+02 -2.000e+00  2.640e+02  1.700e+01
  1.000e+00  2.041e+03  2.380e+02]","[ 1.10e+01  1.11e+02  9.62e+02 -2.00e+00  2.88e+02  1.80e+01  0.00e+00
  2.04e+03  1.14e+02]",[  10.   54.  455.   -2.  144.   10.    0. 1805.  149.],"[ 1.10e+01  6.30e+01  5.02e+02 -4.00e+00  2.59e+02  9.00e+00  1.00e+00
  3.66e+03  8.60e+01]","[ 7.000e+00  7.500e+01  2.670e+02 -3.000e+00  1.270e+02  1.500e+01
  1.000e+00  4.225e+03  1.170e+02]","[ 8.000e+00  1.080e+02  6.560e+02 -3.000e+00  1.300e+02  9.000e+00
  0.000e+00  4.268e+03  3.460e+02]","[ 1.000e+01  7.400e+01  6.100e+02 -1.000e+00  1.970e+02  9.000e+00
  1.000e+00  3.066e+03  3.980e+02]","[ 3.000e+00  1.080e+02  9.560e+02 -4.000e+00  1.360e+02  1.600e+01
  1.000e+00  4.119e+03  4.670e+02]","[ 8.000e+00  6.300e+01  3.500e+02 -1.000e+00  2.480e+02  8.000e+00
  1.000e+00  4.136e+03  1.970e+02]","[ 8.000e+00  9.000e+01  5.530e+02 -3.000e+00  1.570e+02  1.200e+01
  0.000e+00  3.452e+03  1.360e+02]","[ 1.000e+01  1.210e+02  5.480e+02 -2.000e+00  1.350e+02  1.800e+01
  1.000e+00  4.279e+03  1.950e+02]","[ 1.000e+01  1.280e+02  5.190e+02 -4.000e+00  2.840e+02  2.000e+01
  0.000e+00  4.747e+03  8.000e+00]","[ 1.100e+01  8.700e+01  6.120e+02 -3.000e+00  1.750e+02  1.200e+01
  0.000e+00  3.746e+03  5.000e+01]",[  1.  80. 359.  -1. 300.  20.   1. 642.  39.],"[ 9.000e+00  6.100e+01  4.050e+02 -5.000e+00  2.380e+02  5.000e+00
  1.000e+00  3.715e+03  3.500e+01]","[ 8.000e+00  1.170e+02  6.500e+02 -1.000e+00  2.530e+02  9.000e+00
  1.000e+00  2.859e+03  2.200e+01]",[  11.   64.  868.   -3.  133.   17.    0. 1951.  190.],"[ 8.000e+00  8.600e+01  4.480e+02 -5.000e+00  1.140e+02  1.600e+01
  1.000e+00  3.459e+03  3.210e+02]","[ 1.100e+01  6.900e+01  5.650e+02 -3.000e+00  2.330e+02  1.700e+01
  0.000e+00  4.415e+03  2.280e+02]","[ 9.000e+00  1.100e+02  6.010e+02 -4.000e+00  2.970e+02  1.000e+01
  1.000e+00  3.045e+03  2.880e+02]","[ 9.000e+00  1.160e+02  5.450e+02 -1.000e+00  2.640e+02  2.000e+01
  1.000e+00  3.175e+03  1.780e+02]","[ 8.000e+00  1.080e+02  6.560e+02 -3.000e+00  1.300e+02  9.000e+00
  0.000e+00  4.268e+03  3.460e+02]","[ 1.10e+01  7.00e+01  8.45e+02 -2.00e+00  1.51e+02  8.00e+00  1.00e+00
  2.70e+03  1.90e+01]","[ 1.000e+01  8.700e+01  5.480e+02 -3.000e+00  2.130e+02  7.000e+00
  1.000e+00  4.966e+03  3.000e+02]","[ 1.10e+01  3.80e+01  9.30e+02 -1.00e+00  1.53e+02  6.00e+00  1.00e+00
  3.99e+03  4.41e+02]",[  11.   58.  854.   -4.  283.    8.    0. 3613.    7.],[  11.   64.  868.   -3.  133.   17.    0. 1951.  190.],"[ 8.000e+00  1.270e+02  8.260e+02 -4.000e+00  2.540e+02  1.300e+01
  1.000e+00  4.853e+03  7.900e+01]","[ 4.000e+00  9.500e+01  5.930e+02 -1.000e+00  1.730e+02  1.800e+01
  1.000e+00  4.306e+03  4.630e+02]",[  7.  84. 676.  -3. 187.  12.   1. 879.  72.],"[ 1.100e+01  1.080e+02  6.000e+02 -2.000e+00  1.510e+02  1.100e+01
  1.000e+00  4.002e+03  1.580e+02]","[ 1.100e+01  7.600e+01  8.380e+02 -2.000e+00  1.890e+02  1.800e+01
  0.000e+00  4.281e+03  3.060e+02]","[ 9.000e+00  1.160e+02  5.450e+02 -1.000e+00  2.640e+02  2.000e+01
  1.000e+00  3.175e+03  1.780e+02]",[  11.   84.  893.   -5.  143.   10.    0. 4623.  496.],[ 10. 114. 469.  -5. 111.  18.   1. 492. 496.],"[ 1.100e+01  8.500e+01  6.360e+02 -5.000e+00  1.270e+02  7.000e+00
  1.000e+00  1.211e+03  5.010e+02]","[ 1.100e+01  1.010e+02  4.680e+02 -4.000e+00  1.750e+02  1.300e+01
  1.000e+00  1.554e+03  1.280e+02]","[ 8.000e+00  1.210e+02  8.790e+02 -1.000e+00  1.850e+02  8.000e+00
  0.000e+00  1.474e+03  2.550e+02]","[ 1.000e+01  9.600e+01  5.660e+02 -5.000e+00  1.920e+02  1.500e+01
  1.000e+00  1.415e+03  1.670e+02]",[   8.   86.  901.   -3.  149.    5.    0. 1447.  430.],"[ 8.000e+00  9.900e+01  8.780e+02 -4.000e+00  1.850e+02  1.700e+01
  0.000e+00  4.835e+03  1.190e+02]",[   9.   85.  905.   -5.  208.   11.    0. 1186.  488.],[   9.   82.  593.   -4.  165.   10.    0. 1753.  390.],"[ 1.100e+01  7.000e+01  3.360e+02 -2.000e+00  2.490e+02  1.100e+01
  1.000e+00  1.578e+03  3.430e+02]",[ 11.  47. 796.  -3. 104.   6.   0. 611. 292.],[  10.  122.  466.   -4.  176.   20.    0. 2266.  368.],"[ 1.000e+01  1.180e+02  7.950e+02 -1.000e+00  1.460e+02  8.000e+00
  0.000e+00  2.269e+03  1.690e+02]","[ 8.000e+00  1.170e+02  9.330e+02 -3.000e+00  1.890e+02  1.200e+01
  1.000e+00  2.822e+03  3.360e+02]",[ 10.  93. 669.  -3. 246.   5.   1. 569. 205.],[ 10.  49. 801.  -5. 172.   5.   1. 949. 413.],[   9.   71.  855.   -4.  170.   11.    0. 1948.  104.],[   8.   67.  806.   -5.  123.   16.    0. 4306.    7.],[   3.   95. 1001.   -2.  124.    7.    0. 1970.  330.],"[ 2.000e+00  7.000e+01  9.060e+02 -5.000e+00  2.930e+02  7.000e+00
  1.000e+00  3.581e+03  3.600e+01]",[   3.   95. 1001.   -2.  124.    7.    0. 1970.  330.],[  11.   33. 1019.   -3.  193.   20.    0.  138.  116.],"[ 1.000e+01  1.130e+02  9.680e+02 -2.000e+00  1.780e+02  6.000e+00
  0.000e+00  3.558e+03  2.710e+02]",[  6. 106. 886.  -4. 140.  10.   0. 345.  60.],"[ 5.000e+00  6.900e+01  9.270e+02 -1.000e+00  1.780e+02  5.000e+00
  0.000e+00  2.453e+03  3.700e+02]",[   9.   51.  896.   -3.  114.    6.    0. 1985.  341.],"[ 4.00e+00  4.60e+01  8.97e+02 -2.00e+00  1.10e+02  1.30e+01  0.00e+00
  4.22e+03  1.64e+02]",[   5.  114.  967.   -5.  256.   10.    0. 3743.  405.],[   5.   87. 1015.   -4.  187.   10.    0. 3080.  464.],"[ 5.000e+00  8.300e+01  1.000e+03 -2.000e+00  2.640e+02  1.900e+01
  1.000e+00  2.055e+03  3.580e+02]",[   9.   51.  896.   -3.  114.    6.    0. 1985.  341.],[  3. 116. 932.  -2. 173.   5.   1. 457. 359.],[  8. 120. 517.  -4. 100.  11.   0. 165. 318.],[ 10.  45. 544.  -1. 171.   7.   0. 110. 392.],"[ 1.000e+01  9.400e+01  5.850e+02 -4.000e+00  1.430e+02  5.000e+00
  0.000e+00  4.485e+03  1.590e+02]","[ 3.000e+00  1.120e+02  9.820e+02 -3.000e+00  2.790e+02  1.600e+01
  0.000e+00  4.084e+03  1.960e+02]","[ 7.000e+00  1.180e+02  5.340e+02 -4.000e+00  1.870e+02  1.800e+01
  1.000e+00  2.692e+03  4.500e+02]",[  11.  107. 1024.   -5.  100.   12.    0.    0.  469.],[  6.  92. 849.  -4. 234.  18.   0. 937. 430.],[   7.   80.  953.   -5.  138.    7.    0. 2986.  387.],"[ 9.000e+00  3.700e+01  1.024e+03 -1.000e+00  3.000e+02  5.000e+00
  1.000e+00  5.000e+03  3.300e+02]","[ 1.00e+01  1.12e+02  6.59e+02 -1.00e+00  1.18e+02  1.40e+01  1.00e+00
  1.02e+03  2.48e+02]",[   9.  107.  746.   -2.  166.    7.    0. 1020.  167.],[ 10.  55. 631.  -4. 140.   6.   0. 857. 501.],[   9.  107.  746.   -2.  166.    7.    0. 1020.  167.],[  8.  37. 966.  -4. 166.   6.   0. 342.  63.],"[ 8.000e+00  1.010e+02  3.350e+02 -3.000e+00  1.270e+02  1.200e+01
  1.000e+00  3.681e+03  4.170e+02]","[ 3.000e+00  1.140e+02  9.960e+02 -2.000e+00  2.840e+02  1.500e+01
  1.000e+00  1.958e+03  1.140e+02]",[  4.  71. 748.  -2. 133.   5.   1. 447. 433.],[  2.  62. 991.  -2. 131.  14.   0. 102. 482.],[ 11.  46. 677.  -1. 100.   5.   0. 719. 501.],[ 10. 122. 849.  -2. 220.  11.   0. 633.  64.],[  11.   84.  893.   -5.  143.   10.    0. 4623.  496.],[   9.  107.  746.   -2.  166.    7.    0. 1020.  167.],"[ 1.00e+01  1.12e+02  6.59e+02 -1.00e+00  1.18e+02  1.40e+01  1.00e+00
  1.02e+03  2.48e+02]","[ 9.000e+00  5.600e+01  4.980e+02 -2.000e+00  1.600e+02  7.000e+00
  1.000e+00  3.554e+03  4.960e+02]",[  7.  85. 889.  -4. 186.  16.   0. 606. 145.],"[ 1.100e+01  6.200e+01  4.620e+02 -5.000e+00  1.820e+02  1.200e+01
  1.000e+00  3.128e+03  4.370e+02]","[ 1.100e+01  1.180e+02  5.590e+02 -3.000e+00  1.720e+02  6.000e+00
  1.000e+00  4.341e+03  1.240e+02]","[ 1.100e+01  1.250e+02  8.220e+02 -5.000e+00  1.230e+02  1.700e+01
  1.000e+00  4.243e+03  4.200e+02]","[ 1.000e+01  7.300e+01  8.290e+02 -1.000e+00  1.510e+02  6.000e+00
  0.000e+00  3.913e+03  2.620e+02]","[ 1.000e+01  3.700e+01  9.190e+02 -1.000e+00  1.220e+02  7.000e+00
  1.000e+00  1.646e+03  2.740e+02]","[ 1.000e+01  6.400e+01  9.150e+02 -1.000e+00  1.010e+02  1.100e+01
  0.000e+00  3.468e+03  4.950e+02]","[ 4.000e+00  7.800e+01  1.002e+03 -5.000e+00  1.370e+02  9.000e+00
  1.000e+00  2.550e+02  3.880e+02]","[ 6.000e+00  6.300e+01  7.940e+02 -1.000e+00  1.390e+02  6.000e+00
  1.000e+00  1.401e+03  5.010e+02]","[ 9.000e+00  1.160e+02  5.450e+02 -1.000e+00  2.640e+02  2.000e+01
  1.000e+00  3.175e+03  1.780e+02]","[ 1.000e+00  6.400e+01  1.005e+03 -3.000e+00  1.730e+02  6.000e+00
  1.000e+00  2.237e+03  3.130e+02]",[   4.  100.  882.   -4.  106.    5.    0. 2467.  458.],"[ 1.100e+01  1.010e+02  4.680e+02 -4.000e+00  1.750e+02  1.300e+01
  1.000e+00  1.554e+03  1.280e+02]",[  3.  69. 994.  -4. 250.   5.   1. 825. 145.],"[ 1.000e+00  1.120e+02  4.270e+02 -2.000e+00  1.350e+02  1.300e+01
  1.000e+00  1.506e+03  4.810e+02]","[ 4.000e+00  1.110e+02  4.360e+02 -3.000e+00  1.410e+02  5.000e+00
  1.000e+00  1.039e+03  3.410e+02]",[   2.   89. 1001.   -2.  284.    7.    0. 1166.  338.],[   3.   81.  261.   -2.  127.    6.    0. 1110.  230.],[  3.  84. 524.  -4. 145.  10.   1. 664. 274.],[  7. 122. 771.  -2. 117.  17.   1. 458.  60.],"[ 7.00e+00  8.80e+01  9.97e+02 -4.00e+00  1.59e+02  1.70e+01  1.00e+00
  1.55e+03  1.96e+02]","[ 1.000e+00  1.120e+02  4.270e+02 -2.000e+00  1.350e+02  1.300e+01
  1.000e+00  1.506e+03  4.810e+02]","[ 4.000e+00  7.200e+01  9.970e+02 -4.000e+00  1.590e+02  1.200e+01
  0.000e+00  4.596e+03  4.990e+02]",[ 10.  97. 776.  -2. 120.  19.   0. 782. 432.],"[ 6.000e+00  1.060e+02  7.710e+02 -5.000e+00  1.550e+02  1.200e+01
  1.000e+00  1.937e+03  4.370e+02]",[ 11.  96. 890.  -3. 279.   5.   0. 968. 313.],[ 10.  77. 344.  -3. 116.   5.   0. 193. 282.],"[ 1.000e+01  8.900e+01  8.320e+02 -4.000e+00  1.390e+02  1.400e+01
  1.000e+00  4.501e+03  2.230e+02]",[ 11.  69. 522.  -4. 100.  16.   1. 910. 458.],"[ 4.000e+00  1.120e+02  3.780e+02 -1.000e+00  1.150e+02  5.000e+00
  0.000e+00  1.683e+03  3.550e+02]",[  9.  64. 601.  -2. 120.   5.   1. 791. 222.],"[ 1.100e+01  8.100e+01  8.100e+02 -5.000e+00  1.370e+02  7.000e+00
  1.000e+00  1.523e+03  5.010e+02]","[ 3.000e+00  7.300e+01  3.700e+02 -4.000e+00  1.360e+02  8.000e+00
  1.000e+00  1.588e+03  3.560e+02]","[ 4.000e+00  6.500e+01  6.850e+02 -2.000e+00  1.340e+02  6.000e+00
  0.000e+00  3.374e+03  4.220e+02]","[ 7.000e+00  5.400e+01  8.930e+02 -5.000e+00  2.310e+02  8.000e+00
  1.000e+00  1.008e+03  4.330e+02]","[ 2.000e+00  7.000e+01  1.017e+03 -1.000e+00  1.430e+02  1.200e+01
  0.000e+00  1.309e+03  1.800e+02]",[  4.  38. 838.  -3. 246.   5.   0. 722. 133.],"[ 3.000e+00  9.200e+01  8.780e+02 -2.000e+00  1.370e+02  1.000e+01
  1.000e+00  1.967e+03  4.340e+02]","[ 8.000e+00  7.200e+01  9.600e+02 -1.000e+00  1.670e+02  1.600e+01
  1.000e+00  3.182e+03  3.110e+02]","[ 1.000e+01  8.700e+01  5.480e+02 -3.000e+00  2.130e+02  7.000e+00
  1.000e+00  4.966e+03  3.000e+02]","[ 1.000e+00  8.500e+01  8.140e+02 -1.000e+00  1.010e+02  8.000e+00
  0.000e+00  3.437e+03  3.860e+02]","[ 1.000e+00  1.140e+02  7.910e+02 -2.000e+00  1.290e+02  2.000e+01
  1.000e+00  1.997e+03  3.480e+02]","[ 1.100e+01  7.500e+01  1.000e+03 -5.000e+00  1.260e+02  1.000e+01
  1.000e+00  3.931e+03  1.210e+02]",[ 10. 118. 356.  -1. 277.  12.   0. 456. 436.],[  4. 115. 767.  -4. 113.   9.   0. 263. 320.],"[ 7.000e+00  1.140e+02  7.570e+02 -3.000e+00  1.190e+02  1.300e+01
  0.000e+00  3.624e+03  3.540e+02]","[ 9.000e+00  1.140e+02  9.210e+02 -4.000e+00  1.100e+02  1.800e+01
  1.000e+00  3.454e+03  3.790e+02]","[ 1.000e+00  1.080e+02  9.810e+02 -1.000e+00  1.120e+02  5.000e+00
  1.000e+00  1.742e+03  3.400e+01]",[   9.  128.  568.   -5.  118.   18.    0. 1854.  237.],[  3. 126. 930.  -3. 149.   7.   1.  43. 165.],"[ 1.000e+01  7.900e+01  7.780e+02 -5.000e+00  1.110e+02  1.600e+01
  1.000e+00  4.677e+03  4.980e+02]","[ 2.000e+00  1.070e+02  8.560e+02 -1.000e+00  1.990e+02  1.700e+01
  0.000e+00  4.005e+03  4.020e+02]","[ 3.000e+00  9.400e+01  9.940e+02 -4.000e+00  1.080e+02  8.000e+00
  1.000e+00  2.668e+03  2.050e+02]",[   6.   57.  962.   -4.  166.    5.    0. 1901.  386.],"[ 3.000e+00  7.900e+01  6.090e+02 -1.000e+00  1.020e+02  6.000e+00
  0.000e+00  1.597e+03  1.950e+02]","[ 1.000e+01  8.900e+01  8.320e+02 -4.000e+00  1.390e+02  1.400e+01
  1.000e+00  4.501e+03  2.230e+02]",[   5.   76. 1005.   -4.  265.   17.    0. 2079.  216.],"[ 6.000e+00  3.400e+01  1.005e+03 -5.000e+00  1.290e+02  1.400e+01
  1.000e+00  5.690e+02  4.050e+02]","[ 2.000e+00  1.190e+02  6.500e+02 -2.000e+00  1.120e+02  5.000e+00
  1.000e+00  4.494e+03  1.990e+02]","[ 1.100e+01  8.100e+01  8.100e+02 -5.000e+00  1.370e+02  7.000e+00
  1.000e+00  1.523e+03  5.010e+02]","[ 1.000e+01  5.100e+01  5.170e+02 -4.000e+00  1.870e+02  1.500e+01
  1.000e+00  4.499e+03  4.400e+02]",[  7.  90. 601.  -4. 269.  18.   1. 385.  98.],[  4. 123. 316.  -4. 276.  14.   0. 312. 423.],"[ 1.000e+00  6.400e+01  1.005e+03 -3.000e+00  1.730e+02  6.000e+00
  1.000e+00  2.237e+03  3.130e+02]","[ 1.000e+00  9.900e+01  6.150e+02 -5.000e+00  1.770e+02  1.700e+01
  0.000e+00  1.867e+03  3.200e+01]",[  8. 106. 377.  -5. 299.  17.   0. 213.  99.],"[ 4.00e+00  4.60e+01  8.50e+02 -1.00e+00  2.12e+02  6.00e+00  0.00e+00
  1.86e+03  2.29e+02]",[ 11.  69. 718.  -3. 120.   8.   1. 249.  47.],"[ 8.000e+00  1.000e+02  8.900e+02 -4.000e+00  1.020e+02  5.000e+00
  1.000e+00  3.888e+03  4.470e+02]","[ 1.100e+01  6.700e+01  6.290e+02 -2.000e+00  1.600e+02  1.000e+01
  0.000e+00  4.424e+03  2.000e+02]","[ 1.10e+01  7.00e+01  8.45e+02 -2.00e+00  1.51e+02  8.00e+00  1.00e+00
  2.70e+03  1.90e+01]","[ 1.000e+00  1.080e+02  9.810e+02 -1.000e+00  1.120e+02  5.000e+00
  1.000e+00  1.742e+03  3.400e+01]","[ 3.000e+00  1.260e+02  5.440e+02 -4.000e+00  1.430e+02  1.800e+01
  1.000e+00  1.759e+03  4.930e+02]","[ 8.000e+00  1.210e+02  8.790e+02 -1.000e+00  1.850e+02  8.000e+00
  0.000e+00  1.474e+03  2.550e+02]","[ 1.00e+01  1.25e+02  5.27e+02 -2.00e+00  1.96e+02  9.00e+00  0.00e+00
  4.05e+03  3.20e+01]",[  9.  50. 664.  -1. 104.   5.   1. 605. 243.],[   3.   82.  887.   -5.  116.    5.    0. 1851.   90.],"[ 1.000e+00  9.400e+01  8.190e+02 -2.000e+00  1.740e+02  1.900e+01
  0.000e+00  1.399e+03  2.870e+02]","[ 3.000e+00  1.240e+02  1.002e+03 -1.000e+00  1.900e+02  1.800e+01
  0.000e+00  3.666e+03  7.100e+01]",[  9. 106. 898.  -4. 212.  15.   0. 672. 458.],"[ 1.100e+01  8.500e+01  6.360e+02 -5.000e+00  1.270e+02  7.000e+00
  1.000e+00  1.211e+03  5.010e+02]","[ 8.000e+00  1.170e+02  6.500e+02 -1.000e+00  2.530e+02  9.000e+00
  1.000e+00  2.859e+03  2.200e+01]","[ 1.100e+01  8.900e+01  3.930e+02 -2.000e+00  1.080e+02  5.000e+00
  1.000e+00  1.183e+03  4.380e+02]","[ 1.000e+01  1.240e+02  9.490e+02 -5.000e+00  1.840e+02  7.000e+00
  1.000e+00  3.016e+03  4.820e+02]",[ 11.  47. 796.  -3. 104.   6.   0. 611. 292.],"[ 1.000e+00  9.900e+01  8.530e+02 -2.000e+00  1.360e+02  1.800e+01
  0.000e+00  3.601e+03  2.350e+02]","[ 8.000e+00  1.010e+02  9.310e+02 -2.000e+00  2.120e+02  5.000e+00
  1.000e+00  4.384e+03  2.200e+01]",[  11.   36.  691.   -5.  115.   10.    0. 3742.  378.],"[ 1.100e+01  7.700e+01  5.250e+02 -5.000e+00  1.210e+02  5.000e+00
  1.000e+00  1.013e+03  5.010e+02]",[  5.  88. 480.  -4. 127.  14.   0. 873. 352.],"[ 8.000e+00  1.010e+02  9.310e+02 -2.000e+00  2.120e+02  5.000e+00
  1.000e+00  4.384e+03  2.200e+01]","[ 4.000e+00  1.110e+02  4.360e+02 -3.000e+00  1.410e+02  5.000e+00
  1.000e+00  1.039e+03  3.410e+02]",[  3.  94. 994.  -4. 132.   8.   1. 366. 115.],"[ 9.000e+00  5.200e+01  8.760e+02 -1.000e+00  1.940e+02  9.000e+00
  1.000e+00  4.836e+03  1.360e+02]","[ 1.10e+01  9.60e+01  5.67e+02 -4.00e+00  2.30e+02  1.00e+01  0.00e+00
  4.62e+03  4.93e+02]","[ 9.000e+00  1.120e+02  2.770e+02 -2.000e+00  2.650e+02  1.100e+01
  1.000e+00  3.232e+03  3.300e+01]",[   8.   88.  648.   -5.  152.   18.    0. 3287.  436.],"[ 5.000e+00  1.210e+02  9.430e+02 -2.000e+00  1.740e+02  9.000e+00
  1.000e+00  2.168e+03  4.970e+02]"
-68266.20667,-74576.05667,-74844.81,-72112.73667,-74148.97333,-74157.31,-73064.03667,-72909.90667,-69770.47667,-75210.34333,-72533.84667,-75444.27,-78129.19,-71976.45,-72589.38,-72527.27,-74396.34333,-77094.65333,-70316.05,-72481.29667,-69995.99667,-74511.96667,-79007.99,-74543.11,-72508.28333,-73460.85333,-74486.97333,-74830.72,-74373.68333,-77163.20667,-73891.61333,-71595.05667,-70044.34,-69651.49,-75710.02,-62530.49,-71878.90667,-71189.23,-74219.81667,-71654.59,-75412.25333,-80362.11,-80024.41333,-78561.30667,-72466.40667,-67230.4,-68742.64,-72856.89,-80624.28333,-75875.33667,-79320.13333,-67808.20667,-71837.76,-70967.97667,-72829.85,-73398.8,-74439.00667,-75012.27333,-76977.57667,-78561.30667,-80842.11,-72881.29333,-72434.22667,-70327.6,-72829.85,-73183.68667,-70706.53667,-66266.41333,-73863.56667,-72258.10667,-76977.57667,-82919.95667,-82743.6,-69044.47,-70854.76333,-82571.75,-75331.06,-78800.91333,-76222.01,-79092.20667,-72517.65,-71251.13333,-80575.60333,-75953.24333,-78215.67667,-73537.56,-76200.24667,-71703.23,-68035.60667,-71893.44333,-85332.09333,-73086.21667,-85332.09333,-73670.43333,-69645.91,-69426.77667,-71358.95667,-75929.04667,-75265.80333,-72291.54667,-73366.24333,-76070.45,-75929.04667,-73863.56667,-78060.09,-74076.78333,-69897.64333,-75296.48333,-75067.13667,-76382.86333,-73387.93333,-70471.41333,-72820.41333,-76267.14667,-73656.1,-74830.72,-73656.1,-75340.27,-78512.51333,-74728.46333,-77454.73667,-71648.33,-73225.42333,-75306.38333,-82919.95667,-73656.1,-76267.14667,-77072.19667,-70166.61333,-70317.77333,-71876.89667,-68165.55,-77030.81,-82046.88,-75084.25,-74566.49667,-73547.79667,-76977.57667,-73917.37,-73197.4,-70854.76333,-67594.57,-75994.57667,-80808.08667,-74414.34667,-79307.74333,-74193.42,-73001.74333,-72466.40667,-75994.57667,-61805.37333,-72031.98,-67652.20333,-74397.18333,-73642.40667,-74453.68667,-75704.95667,-73914.32667,-73338.10333,-73418.06,-72940.28667,-73461.27,-73120.67333,-74273.08333,-72406.42333,-72263.35333,-71489.38667,-72881.29333,-69352.85,-80921.25667,-73547.79667,-75559.85333,-75020.63667,-76817.93333,-75549.58667,-78184.35,-77577.37,-73659.62,-79390.59667,-74397.35667,-63872.75,-75233.35,-68622.31333,-74453.68667,-78262.02333,-76148.97667,-75002.75,-73418.06,-76356.85,-74543.11,-75327.20667,-73917.37,-68716.09333,-72451.72667,-71262.13667,-68076.78333,-76731.22667,-76858.41,-80842.11,-78184.35,-69237.47,-82571.75,-66827.78333,-77011.12333,-74542.54667,-75686.50667,-69314.16,-75522.12,-69044.47,-70967.97667,-77228.33,-68238.06,-80575.60333,-71333.79667,-70851.54667,-75040.95333,-74796.98333,-74121.66,-70851.54667,-80808.08667,-74824.98667,-75837.28333,-78304.73,-75027.25667,-72334.14333,-76697.25
200
