1,2,3,4,5,6,7,8,9,10,11,12,13,14,15,16,17,18,19,20,21,22,23,24,25,26,27,28,29,30,31,32,33,34,35,36,37,38,39,40,41,42,43,44,45,46,47,48,49,50,51,52,53,54,55,56,57,58,59,60,61,62,63,64,65,66,67,68,69,70,71,72,73,74,75,76,77,78,79,80,81,82,83,84,85,86,87,88,89,90,91,92,93,94,95,96,97,98,99,100,101,102,103,104,105,106,107,108,109,110,111,112,113,114,115,116,117,118,119,120,121,122,123,124,125,126,127,128,129,130,131,132,133,134,135,136,137,138,139,140,141,142,143,144,145,146,147,148,149,150,151,152,153,154,155,156,157,158,159,160,161,162,163,164,165,166,167,168,169,170,171,172,173,174,175,176,177,178,179,180,181,182,183,184,185,186,187,188,189,190,191,192,193,194,195,196,197,198,199,200,201,202,203,204,205,206,207,208,209,210,211,212,213,214,215,216,217,218,219,220,221,222,223,224,225,226,227,228
"[4.000e+00 1.000e+01 4.000e+00 1.000e+06 1.000e+01 0.000e+00 1.000e+03
 1.000e+03 1.024e+03 1.000e+04 2.000e+00 2.900e+01]","[2.000e+00 1.000e+00 2.000e+00 1.000e+06 1.000e+00 1.000e+00 1.000e+00
 1.000e+03 1.024e+03 1.000e+04 2.000e+00 2.900e+01]","[2.000e+00 1.000e+01 2.000e+00 1.000e+01 1.000e+00 0.000e+00 1.000e+03
 1.000e+03 1.024e+03 1.000e+04 5.000e+00 2.900e+01]","[4.00e+00 1.00e+00 4.00e+00 1.00e+06 1.00e+01 1.00e+00 1.00e+00 1.00e+03
 5.12e+02 1.00e+04 2.00e+00 0.00e+00]",[   2.   10.    4.   10.   10.    0. 1000.   10. 1024.  100.    5.   29.],"[2.000e+00 1.000e+00 4.000e+00 1.000e+06 1.000e+00 0.000e+00 1.000e+03
 1.000e+03 1.024e+03 1.000e+04 2.000e+00 2.900e+01]","[2.00e+00 1.00e+00 4.00e+00 1.00e+01 1.00e+01 1.00e+00 1.00e+03 1.00e+03
 5.12e+02 1.00e+04 2.00e+00 0.00e+00]","[2.000e+00 1.000e+00 4.000e+00 1.000e+06 1.000e+00 1.000e+00 1.000e+00
 1.000e+03 1.024e+03 1.000e+04 2.000e+00 2.900e+01]","[4.000e+00 1.000e+01 2.000e+00 1.000e+06 1.000e+00 1.000e+00 1.000e+03
 1.000e+03 1.024e+03 1.000e+04 5.000e+00 2.900e+01]","[2.000e+00 1.000e+00 4.000e+00 1.000e+01 1.000e+00 1.000e+00 1.000e+03
 1.000e+01 1.024e+03 1.000e+02 2.000e+00 2.900e+01]","[2.000e+00 1.000e+00 4.000e+00 1.000e+01 1.000e+01 1.000e+00 1.000e+00
 1.000e+01 1.024e+03 1.000e+02 2.000e+00 2.900e+01]","[2.000e+00 1.000e+00 2.000e+00 1.000e+01 1.000e+00 1.000e+00 1.000e+03
 1.000e+03 1.024e+03 1.000e+04 2.000e+00 0.000e+00]",[  4.   1.   2.  10.   1.   1.   1.  10. 512. 100.   2.   0.],"[2.00e+00 1.00e+00 4.00e+00 1.00e+01 1.00e+01 1.00e+00 1.00e+03 1.00e+03
 5.12e+02 1.00e+04 2.00e+00 2.90e+01]","[4.00e+00 1.00e+00 2.00e+00 1.00e+01 1.00e+01 1.00e+00 1.00e+03 1.00e+03
 5.12e+02 1.00e+04 2.00e+00 2.90e+01]","[2.000e+00 1.000e+00 4.000e+00 1.000e+01 1.000e+00 1.000e+00 1.000e+03
 1.000e+03 1.024e+03 1.000e+04 5.000e+00 2.900e+01]",[   2.    1.    4.   10.    1.    1. 1000.   10.  512.  100.    2.    0.],"[2.000e+00 1.000e+01 4.000e+00 1.000e+01 1.000e+00 1.000e+00 1.000e+03
 1.000e+03 1.024e+03 1.000e+04 2.000e+00 2.900e+01]","[2.000e+00 1.000e+01 4.000e+00 1.000e+01 1.000e+01 1.000e+00 1.000e+03
 1.000e+01 1.024e+03 1.000e+02 2.000e+00 0.000e+00]","[2.00e+00 1.00e+00 4.00e+00 1.00e+01 1.00e+00 0.00e+00 1.00e+03 1.00e+03
 5.12e+02 1.00e+04 2.00e+00 0.00e+00]",[   2.   10.    2.   10.    1.    0. 1000.   10.  512.  100.    2.    0.],"[2.000e+00 1.000e+00 4.000e+00 1.000e+01 1.000e+00 0.000e+00 1.000e+03
 1.000e+01 1.024e+03 1.000e+02 2.000e+00 2.900e+01]","[2.000e+00 1.000e+01 2.000e+00 1.000e+01 1.000e+00 0.000e+00 1.000e+03
 1.000e+03 1.024e+03 1.000e+04 2.000e+00 2.900e+01]","[2.000e+00 1.000e+00 4.000e+00 1.000e+01 1.000e+00 0.000e+00 1.000e+03
 1.000e+03 1.024e+03 1.000e+04 2.000e+00 2.900e+01]","[2.00e+00 1.00e+01 4.00e+00 1.00e+01 1.00e+00 0.00e+00 1.00e+03 1.00e+03
 5.12e+02 1.00e+04 2.00e+00 2.90e+01]","[4.000e+00 1.000e+01 4.000e+00 1.000e+01 1.000e+00 0.000e+00 1.000e+03
 1.000e+01 1.024e+03 1.000e+02 2.000e+00 2.900e+01]","[2.000e+00 1.000e+00 4.000e+00 1.000e+01 1.000e+00 0.000e+00 1.000e+03
 1.000e+01 1.024e+03 1.000e+02 2.000e+00 0.000e+00]",[   4.    1.    4.   10.    1.    1. 1000.   10.  512.  100.    2.   29.],"[2.00e+00 1.00e+01 2.00e+00 1.00e+01 1.00e+01 0.00e+00 1.00e+03 1.00e+03
 5.12e+02 1.00e+04 2.00e+00 0.00e+00]",[  2.   1.   4.  10.   1.   0.   1.  10. 512. 100.   2.   0.],[   4.    1.    4.   10.    1.    1. 1000.   10.  512.  100.    2.   29.],"[2.00e+00 1.00e+00 2.00e+00 1.00e+01 1.00e+00 0.00e+00 1.00e+03 1.00e+03
 5.12e+02 1.00e+04 2.00e+00 0.00e+00]","[2.00e+00 1.00e+00 4.00e+00 1.00e+06 1.00e+00 1.00e+00 1.00e+03 1.00e+01
 5.12e+02 1.00e+02 2.00e+00 2.90e+01]",[   2.   10.    4.   10.    1.    1. 1000.   10.  512.  100.    2.   29.],[   2.   10.    4.   10.    1.    0. 1000.   10.  512.  100.    2.    0.],"[4.000e+00 1.000e+00 2.000e+00 1.000e+01 1.000e+00 1.000e+00 1.000e+03
 1.000e+01 1.024e+03 1.000e+02 2.000e+00 2.900e+01]","[2.000e+00 1.000e+01 2.000e+00 1.000e+01 1.000e+01 0.000e+00 1.000e+03
 1.000e+03 1.024e+03 1.000e+04 2.000e+00 2.900e+01]","[2.000e+00 1.000e+00 2.000e+00 1.000e+01 1.000e+00 0.000e+00 1.000e+03
 1.000e+01 1.024e+03 1.000e+02 2.000e+00 0.000e+00]",[   4.   10.    4.   10.   10.    1. 1000.   10.  512.  100.    2.    0.],"[4.000e+00 1.000e+00 2.000e+00 1.000e+01 1.000e+00 0.000e+00 1.000e+03
 1.000e+01 1.024e+03 1.000e+02 2.000e+00 0.000e+00]","[2.00e+00 1.00e+00 4.00e+00 1.00e+01 1.00e+00 0.00e+00 1.00e+00 1.00e+03
 5.12e+02 1.00e+04 2.00e+00 2.90e+01]","[2.000e+00 1.000e+00 4.000e+00 1.000e+01 1.000e+01 0.000e+00 1.000e+03
 1.000e+03 1.024e+03 1.000e+04 2.000e+00 2.900e+01]","[4.000e+00 1.000e+00 4.000e+00 1.000e+01 1.000e+00 1.000e+00 1.000e+03
 1.000e+01 1.024e+03 1.000e+02 2.000e+00 0.000e+00]",[   2.    1.    4.   10.    1.    0. 1000.   10.  512.  100.    2.   29.],"[4.000e+00 1.000e+01 4.000e+00 1.000e+01 1.000e+00 1.000e+00 1.000e+03
 1.000e+01 1.024e+03 1.000e+02 5.000e+00 2.900e+01]",[   2.    1.    2.   10.    1.    1. 1000.   10.  512.  100.    2.    0.],"[4.000e+00 1.000e+01 4.000e+00 1.000e+01 1.000e+00 1.000e+00 1.000e+03
 1.000e+03 1.024e+03 1.000e+04 2.000e+00 0.000e+00]","[4.00e+00 1.00e+01 4.00e+00 1.00e+01 1.00e+00 1.00e+00 1.00e+03 1.00e+03
 5.12e+02 1.00e+04 2.00e+00 2.90e+01]",[   4.   10.    4.   10.    1.    0. 1000.   10.  512.  100.    2.    0.],"[2.00e+00 1.00e+00 4.00e+00 1.00e+01 1.00e+00 1.00e+00 1.00e+03 1.00e+03
 5.12e+02 1.00e+04 2.00e+00 2.90e+01]","[2.000e+00 1.000e+00 4.000e+00 1.000e+06 1.000e+00 0.000e+00 1.000e+03
 1.000e+01 1.024e+03 1.000e+02 2.000e+00 2.900e+01]","[4.00e+00 1.00e+00 4.00e+00 1.00e+01 1.00e+00 1.00e+00 1.00e+03 1.00e+03
 5.12e+02 1.00e+04 5.00e+00 2.90e+01]",[   2.    1.    4.   10.    1.    1. 1000.   10.  512.  100.    2.   29.],"[4.00e+00 1.00e+01 4.00e+00 1.00e+01 1.00e+01 0.00e+00 1.00e+03 1.00e+03
 5.12e+02 1.00e+04 2.00e+00 0.00e+00]","[2.000e+00 1.000e+00 4.000e+00 1.000e+01 1.000e+00 1.000e+00 1.000e+03
 1.000e+03 1.024e+03 1.000e+04 2.000e+00 2.900e+01]",[   2.    1.    4.   10.    1.    0. 1000.   10.  512.  100.    2.    0.],"[2.000e+00 1.000e+01 4.000e+00 1.000e+01 1.000e+00 0.000e+00 1.000e+03
 1.000e+03 1.024e+03 1.000e+04 2.000e+00 0.000e+00]","[2.000e+00 1.000e+01 4.000e+00 1.000e+01 1.000e+00 1.000e+00 1.000e+00
 1.000e+03 1.024e+03 1.000e+04 2.000e+00 0.000e+00]","[2.00e+00 1.00e+01 4.00e+00 1.00e+01 1.00e+00 0.00e+00 1.00e+03 1.00e+03
 5.12e+02 1.00e+04 2.00e+00 0.00e+00]","[2.000e+00 1.000e+01 4.000e+00 1.000e+01 1.000e+01 1.000e+00 1.000e+03
 1.000e+03 1.024e+03 1.000e+04 2.000e+00 0.000e+00]","[2.000e+00 1.000e+00 4.000e+00 1.000e+01 1.000e+00 1.000e+00 1.000e+03
 1.000e+01 1.024e+03 1.000e+02 5.000e+00 0.000e+00]",[   4.    1.    4.   10.   10.    1. 1000.   10.  512.  100.    2.   29.],"[2.00e+00 1.00e+01 4.00e+00 1.00e+01 1.00e+00 0.00e+00 1.00e+03 1.00e+03
 5.12e+02 1.00e+04 2.00e+00 0.00e+00]","[4.000e+00 1.000e+01 4.000e+00 1.000e+01 1.000e+00 0.000e+00 1.000e+03
 1.000e+03 1.024e+03 1.000e+04 2.000e+00 2.900e+01]","[2.00e+00 1.00e+01 2.00e+00 1.00e+01 1.00e+00 0.00e+00 1.00e+03 1.00e+03
 5.12e+02 1.00e+04 2.00e+00 2.90e+01]","[4.000e+00 1.000e+01 4.000e+00 1.000e+01 1.000e+00 0.000e+00 1.000e+00
 1.000e+03 1.024e+03 1.000e+04 2.000e+00 2.900e+01]","[2.000e+00 1.000e+00 4.000e+00 1.000e+01 1.000e+00 0.000e+00 1.000e+03
 1.000e+01 1.024e+03 1.000e+02 2.000e+00 0.000e+00]",[   2.    1.    2.   10.    1.    0. 1000.   10.  512.  100.    2.   29.],"[4.000e+00 1.000e+00 4.000e+00 1.000e+01 1.000e+00 0.000e+00 1.000e+03
 1.000e+01 1.024e+03 1.000e+02 2.000e+00 0.000e+00]","[2.00e+00 1.00e+00 4.00e+00 1.00e+01 1.00e+00 1.00e+00 1.00e+03 1.00e+03
 5.12e+02 1.00e+04 2.00e+00 0.00e+00]","[4.00e+00 1.00e+00 2.00e+00 1.00e+01 1.00e+00 1.00e+00 1.00e+03 1.00e+03
 5.12e+02 1.00e+04 2.00e+00 2.90e+01]",[   4.    1.    4.   10.   10.    0. 1000.   10.  512.  100.    2.    0.],"[2.000e+00 1.000e+01 4.000e+00 1.000e+01 1.000e+00 0.000e+00 1.000e+03
 1.000e+01 1.024e+03 1.000e+02 2.000e+00 2.900e+01]","[2.000e+00 1.000e+00 2.000e+00 1.000e+01 1.000e+00 1.000e+00 1.000e+03
 1.000e+03 1.024e+03 1.000e+04 2.000e+00 0.000e+00]","[2.000e+00 1.000e+00 2.000e+00 1.000e+01 1.000e+01 1.000e+00 1.000e+03
 1.000e+03 1.024e+03 1.000e+04 2.000e+00 2.900e+01]","[2.000e+00 1.000e+01 4.000e+00 1.000e+01 1.000e+00 0.000e+00 1.000e+03
 1.000e+03 1.024e+03 1.000e+04 2.000e+00 2.900e+01]","[2.000e+00 1.000e+00 4.000e+00 1.000e+01 1.000e+00 1.000e+00 1.000e+03
 1.000e+01 1.024e+03 1.000e+02 2.000e+00 0.000e+00]","[2.000e+00 1.000e+01 2.000e+00 1.000e+01 1.000e+00 0.000e+00 1.000e+03
 1.000e+03 1.024e+03 1.000e+04 2.000e+00 0.000e+00]","[2.000e+00 1.000e+00 4.000e+00 1.000e+06 1.000e+00 1.000e+00 1.000e+03
 1.000e+03 1.024e+03 1.000e+04 2.000e+00 0.000e+00]","[4.000e+00 1.000e+00 4.000e+00 1.000e+01 1.000e+00 1.000e+00 1.000e+03
 1.000e+01 1.024e+03 1.000e+02 5.000e+00 0.000e+00]","[4.000e+00 1.000e+01 4.000e+00 1.000e+01 1.000e+00 0.000e+00 1.000e+03
 1.000e+03 1.024e+03 1.000e+04 5.000e+00 0.000e+00]",[  2.  10.   2.  10.  10.   1.   1.  10. 512. 100.   2.  29.],"[2.000e+00 1.000e+01 4.000e+00 1.000e+01 1.000e+00 1.000e+00 1.000e+03
 1.000e+01 1.024e+03 1.000e+02 2.000e+00 2.900e+01]","[2.000e+00 1.000e+01 4.000e+00 1.000e+01 1.000e+00 0.000e+00 1.000e+03
 1.000e+03 1.024e+03 1.000e+04 2.000e+00 0.000e+00]",[   2.   10.    4.   10.    1.    0. 1000.   10.  512.  100.    2.   29.],"[4.000e+00 1.000e+00 4.000e+00 1.000e+01 1.000e+00 1.000e+00 1.000e+03
 1.000e+01 1.024e+03 1.000e+02 2.000e+00 0.000e+00]","[2.000e+00 1.000e+01 4.000e+00 1.000e+01 1.000e+00 1.000e+00 1.000e+00
 1.000e+01 1.024e+03 1.000e+02 2.000e+00 0.000e+00]","[4.00e+00 1.00e+00 4.00e+00 1.00e+01 1.00e+00 1.00e+00 1.00e+03 1.00e+03
 5.12e+02 1.00e+04 2.00e+00 0.00e+00]","[2.00e+00 1.00e+00 4.00e+00 1.00e+01 1.00e+00 0.00e+00 1.00e+03 1.00e+03
 5.12e+02 1.00e+04 2.00e+00 2.90e+01]",[  2.   1.   4.  10.   1.   1.   1.  10. 512. 100.   5.  29.],[   2.    1.    2.   10.    1.    0. 1000.   10.  512.  100.    2.    0.],"[2.00e+00 1.00e+00 2.00e+00 1.00e+01 1.00e+00 0.00e+00 1.00e+03 1.00e+03
 5.12e+02 1.00e+04 2.00e+00 2.90e+01]","[4.00e+00 1.00e+00 4.00e+00 1.00e+01 1.00e+01 1.00e+00 1.00e+03 1.00e+03
 5.12e+02 1.00e+04 2.00e+00 0.00e+00]","[4.000e+00 1.000e+01 4.000e+00 1.000e+06 1.000e+00 0.000e+00 1.000e+03
 1.000e+01 1.024e+03 1.000e+02 2.000e+00 2.900e+01]","[2.000e+00 1.000e+00 2.000e+00 1.000e+01 1.000e+00 1.000e+00 1.000e+03
 1.000e+03 1.024e+03 1.000e+04 2.000e+00 2.900e+01]",[   2.    1.    4.   10.    1.    1. 1000.   10.  512.  100.    2.   29.],"[2.000e+00 1.000e+01 2.000e+00 1.000e+01 1.000e+00 0.000e+00 1.000e+03
 1.000e+01 1.024e+03 1.000e+02 2.000e+00 2.900e+01]","[2.000e+00 1.000e+00 2.000e+00 1.000e+01 1.000e+01 0.000e+00 1.000e+03
 1.000e+01 1.024e+03 1.000e+02 2.000e+00 0.000e+00]","[2.00e+00 1.00e+00 2.00e+00 1.00e+01 1.00e+00 0.00e+00 1.00e+03 1.00e+03
 5.12e+02 1.00e+04 5.00e+00 2.90e+01]","[2.000e+00 1.000e+01 2.000e+00 1.000e+01 1.000e+00 1.000e+00 1.000e+03
 1.000e+01 1.024e+03 1.000e+02 2.000e+00 2.900e+01]","[2.000e+00 1.000e+00 2.000e+00 1.000e+01 1.000e+01 0.000e+00 1.000e+00
 1.000e+01 1.024e+03 1.000e+02 2.000e+00 0.000e+00]","[4.000e+00 1.000e+01 4.000e+00 1.000e+06 1.000e+00 1.000e+00 1.000e+03
 1.000e+01 1.024e+03 1.000e+02 2.000e+00 0.000e+00]","[2.000e+00 1.000e+00 4.000e+00 1.000e+01 1.000e+01 0.000e+00 1.000e+03
 1.000e+01 1.024e+03 1.000e+02 2.000e+00 0.000e+00]","[2.000e+00 1.000e+00 4.000e+00 1.000e+01 1.000e+00 1.000e+00 1.000e+03
 1.000e+03 1.024e+03 1.000e+04 2.000e+00 2.900e+01]","[4.000e+00 1.000e+01 2.000e+00 1.000e+01 1.000e+01 1.000e+00 1.000e+03
 1.000e+01 1.024e+03 1.000e+02 2.000e+00 2.900e+01]","[4.000e+00 1.000e+01 4.000e+00 1.000e+01 1.000e+01 0.000e+00 1.000e+03
 1.000e+03 1.024e+03 1.000e+04 2.000e+00 2.900e+01]","[2.00e+00 1.00e+00 4.00e+00 1.00e+01 1.00e+00 1.00e+00 1.00e+00 1.00e+03
 5.12e+02 1.00e+04 2.00e+00 0.00e+00]","[4.000e+00 1.000e+01 4.000e+00 1.000e+06 1.000e+00 0.000e+00 1.000e+03
 1.000e+03 1.024e+03 1.000e+04 2.000e+00 0.000e+00]","[4.00e+00 1.00e+00 2.00e+00 1.00e+06 1.00e+01 0.00e+00 1.00e+03 1.00e+03
 5.12e+02 1.00e+04 2.00e+00 0.00e+00]","[2.000e+00 1.000e+00 2.000e+00 1.000e+01 1.000e+01 1.000e+00 1.000e+03
 1.000e+01 1.024e+03 1.000e+02 2.000e+00 2.900e+01]",[  2.   1.   4.  10.   1.   1.   1.  10. 512. 100.   2.   0.],[   4.   10.    2.   10.    1.    0. 1000.   10.  512.  100.    2.   29.],"[4.000e+00 1.000e+01 2.000e+00 1.000e+01 1.000e+01 0.000e+00 1.000e+03
 1.000e+03 1.024e+03 1.000e+04 2.000e+00 0.000e+00]","[2.00e+00 1.00e+00 2.00e+00 1.00e+06 1.00e+00 0.00e+00 1.00e+00 1.00e+03
 5.12e+02 1.00e+04 2.00e+00 2.90e+01]","[4.000e+00 1.000e+01 4.000e+00 1.000e+06 1.000e+00 1.000e+00 1.000e+03
 1.000e+01 1.024e+03 1.000e+02 2.000e+00 2.900e+01]","[2.000e+00 1.000e+00 4.000e+00 1.000e+01 1.000e+01 1.000e+00 1.000e+03
 1.000e+03 1.024e+03 1.000e+04 2.000e+00 0.000e+00]","[4.00e+00 1.00e+01 2.00e+00 1.00e+01 1.00e+00 0.00e+00 1.00e+03 1.00e+03
 5.12e+02 1.00e+04 2.00e+00 2.90e+01]","[4.00e+00 1.00e+00 2.00e+00 1.00e+01 1.00e+00 0.00e+00 1.00e+03 1.00e+03
 5.12e+02 1.00e+04 2.00e+00 0.00e+00]","[2.000e+00 1.000e+01 4.000e+00 1.000e+01 1.000e+00 1.000e+00 1.000e+03
 1.000e+01 1.024e+03 1.000e+02 2.000e+00 0.000e+00]","[2.00e+00 1.00e+00 2.00e+00 1.00e+01 1.00e+01 0.00e+00 1.00e+03 1.00e+03
 5.12e+02 1.00e+04 2.00e+00 2.90e+01]",[   4.   10.    2.   10.    1.    1. 1000.   10.  512.  100.    2.    0.],"[4.00e+00 1.00e+01 2.00e+00 1.00e+01 1.00e+00 0.00e+00 1.00e+03 1.00e+03
 5.12e+02 1.00e+04 2.00e+00 0.00e+00]",[   2.   10.    4.   10.    1.    1. 1000.   10.  512.  100.    2.   29.],"[2.00e+00 1.00e+01 4.00e+00 1.00e+01 1.00e+00 1.00e+00 1.00e+03 1.00e+03
 5.12e+02 1.00e+04 2.00e+00 0.00e+00]","[2.000e+00 1.000e+01 4.000e+00 1.000e+01 1.000e+00 0.000e+00 1.000e+03
 1.000e+03 1.024e+03 1.000e+04 2.000e+00 2.900e+01]","[2.00e+00 1.00e+00 2.00e+00 1.00e+01 1.00e+01 1.00e+00 1.00e+03 1.00e+03
 5.12e+02 1.00e+04 2.00e+00 0.00e+00]","[2.00e+00 1.00e+01 2.00e+00 1.00e+06 1.00e+00 1.00e+00 1.00e+03 1.00e+03
 5.12e+02 1.00e+04 2.00e+00 0.00e+00]","[2.000e+00 1.000e+01 4.000e+00 1.000e+01 1.000e+00 1.000e+00 1.000e+03
 1.000e+01 1.024e+03 1.000e+02 2.000e+00 0.000e+00]","[4.000e+00 1.000e+01 4.000e+00 1.000e+01 1.000e+00 0.000e+00 1.000e+03
 1.000e+03 1.024e+03 1.000e+04 2.000e+00 0.000e+00]","[4.000e+00 1.000e+00 2.000e+00 1.000e+01 1.000e+01 1.000e+00 1.000e+03
 1.000e+01 1.024e+03 1.000e+02 5.000e+00 2.900e+01]","[2.00e+00 1.00e+01 2.00e+00 1.00e+01 1.00e+00 0.00e+00 1.00e+03 1.00e+03
 5.12e+02 1.00e+04 2.00e+00 0.00e+00]","[2.00e+00 1.00e+00 4.00e+00 1.00e+06 1.00e+00 0.00e+00 1.00e+03 1.00e+03
 5.12e+02 1.00e+04 2.00e+00 0.00e+00]","[2.000e+00 1.000e+01 4.000e+00 1.000e+01 1.000e+00 1.000e+00 1.000e+03
 1.000e+01 1.024e+03 1.000e+02 5.000e+00 0.000e+00]","[2.00e+00 1.00e+01 4.00e+00 1.00e+06 1.00e+00 0.00e+00 1.00e+03 1.00e+01
 5.12e+02 1.00e+02 2.00e+00 2.90e+01]","[2.00e+00 1.00e+01 4.00e+00 1.00e+01 1.00e+00 1.00e+00 1.00e+03 1.00e+03
 5.12e+02 1.00e+04 2.00e+00 2.90e+01]","[2.00e+00 1.00e+00 4.00e+00 1.00e+01 1.00e+00 1.00e+00 1.00e+03 1.00e+03
 5.12e+02 1.00e+04 2.00e+00 2.90e+01]","[2.000e+00 1.000e+00 4.000e+00 1.000e+01 1.000e+00 0.000e+00 1.000e+03
 1.000e+01 1.024e+03 1.000e+02 2.000e+00 2.900e+01]","[4.000e+00 1.000e+01 4.000e+00 1.000e+01 1.000e+00 0.000e+00 1.000e+00
 1.000e+03 1.024e+03 1.000e+04 5.000e+00 2.900e+01]","[2.000e+00 1.000e+00 4.000e+00 1.000e+06 1.000e+00 1.000e+00 1.000e+00
 1.000e+01 1.024e+03 1.000e+02 2.000e+00 2.900e+01]","[2.000e+00 1.000e+00 2.000e+00 1.000e+01 1.000e+00 0.000e+00 1.000e+03
 1.000e+03 1.024e+03 1.000e+04 5.000e+00 0.000e+00]","[4.00e+00 1.00e+01 4.00e+00 1.00e+06 1.00e+00 0.00e+00 1.00e+00 1.00e+03
 5.12e+02 1.00e+04 5.00e+00 0.00e+00]","[2.00e+00 1.00e+01 2.00e+00 1.00e+01 1.00e+00 1.00e+00 1.00e+03 1.00e+03
 5.12e+02 1.00e+04 2.00e+00 0.00e+00]","[2.00e+00 1.00e+01 4.00e+00 1.00e+01 1.00e+01 1.00e+00 1.00e+03 1.00e+03
 5.12e+02 1.00e+04 2.00e+00 0.00e+00]","[4.00e+00 1.00e+01 2.00e+00 1.00e+01 1.00e+01 0.00e+00 1.00e+03 1.00e+03
 5.12e+02 1.00e+04 2.00e+00 0.00e+00]",[   2.   10.    4.   10.   10.    0. 1000.   10. 1024.  100.    2.    0.],"[2.000e+00 1.000e+01 4.000e+00 1.000e+01 1.000e+00 1.000e+00 1.000e+03
 1.000e+03 1.024e+03 1.000e+04 2.000e+00 2.900e+01]","[2.00e+00 1.00e+00 2.00e+00 1.00e+01 1.00e+00 1.00e+00 1.00e+03 1.00e+03
 5.12e+02 1.00e+04 2.00e+00 0.00e+00]","[4.000e+00 1.000e+01 2.000e+00 1.000e+01 1.000e+00 1.000e+00 1.000e+03
 1.000e+03 1.024e+03 1.000e+04 2.000e+00 0.000e+00]",[   4.   10.    4.   10.    1.    1. 1000.   10.  512.  100.    5.   29.],"[2.00e+00 1.00e+01 2.00e+00 1.00e+01 1.00e+00 1.00e+00 1.00e+03 1.00e+03
 5.12e+02 1.00e+04 2.00e+00 2.90e+01]","[4.000e+00 1.000e+00 4.000e+00 1.000e+01 1.000e+01 0.000e+00 1.000e+00
 1.000e+03 1.024e+03 1.000e+04 5.000e+00 0.000e+00]","[2.00e+00 1.00e+01 4.00e+00 1.00e+06 1.00e+00 0.00e+00 1.00e+03 1.00e+01
 5.12e+02 1.00e+02 5.00e+00 2.90e+01]",[   2.    1.    4.   10.   10.    0. 1000.   10.  512.  100.    2.   29.],"[2.000e+00 1.000e+01 2.000e+00 1.000e+01 1.000e+00 1.000e+00 1.000e+03
 1.000e+03 1.024e+03 1.000e+04 2.000e+00 0.000e+00]","[4.000e+00 1.000e+01 2.000e+00 1.000e+06 1.000e+00 1.000e+00 1.000e+00
 1.000e+03 1.024e+03 1.000e+04 5.000e+00 2.900e+01]","[4.00e+00 1.00e+00 4.00e+00 1.00e+01 1.00e+00 1.00e+00 1.00e+00 1.00e+03
 5.12e+02 1.00e+04 2.00e+00 0.00e+00]","[4.000e+00 1.000e+01 2.000e+00 1.000e+01 1.000e+00 1.000e+00 1.000e+03
 1.000e+01 1.024e+03 1.000e+02 2.000e+00 0.000e+00]",[   2.   10.    2.   10.   10.    0. 1000.   10. 1024.  100.    2.   29.],"[4.000e+00 1.000e+01 2.000e+00 1.000e+06 1.000e+01 1.000e+00 1.000e+00
 1.000e+01 1.024e+03 1.000e+02 2.000e+00 0.000e+00]","[2.000e+00 1.000e+00 2.000e+00 1.000e+01 1.000e+00 1.000e+00 1.000e+03
 1.000e+03 1.024e+03 1.000e+04 2.000e+00 2.900e+01]","[2.00e+00 1.00e+00 2.00e+00 1.00e+06 1.00e+00 0.00e+00 1.00e+03 1.00e+01
 5.12e+02 1.00e+02 2.00e+00 2.90e+01]",[   2.    1.    4.   10.    1.    0. 1000.   10.  512.  100.    2.    0.],"[2.00e+00 1.00e+00 4.00e+00 1.00e+01 1.00e+01 1.00e+00 1.00e+03 1.00e+03
 5.12e+02 1.00e+04 2.00e+00 0.00e+00]","[2.00e+00 1.00e+01 2.00e+00 1.00e+01 1.00e+00 1.00e+00 1.00e+03 1.00e+03
 5.12e+02 1.00e+04 5.00e+00 2.90e+01]","[4.000e+00 1.000e+01 4.000e+00 1.000e+01 1.000e+00 0.000e+00 1.000e+03
 1.000e+03 1.024e+03 1.000e+04 2.000e+00 0.000e+00]","[2.00e+00 1.00e+01 4.00e+00 1.00e+01 1.00e+01 1.00e+00 1.00e+00 1.00e+03
 5.12e+02 1.00e+04 5.00e+00 2.90e+01]",[   2.    1.    4.   10.   10.    0. 1000.   10.  512.  100.    2.    0.],"[2.000e+00 1.000e+00 4.000e+00 1.000e+01 1.000e+00 0.000e+00 1.000e+03
 1.000e+03 1.024e+03 1.000e+04 2.000e+00 0.000e+00]","[2.00e+00 1.00e+01 4.00e+00 1.00e+01 1.00e+00 1.00e+00 1.00e+00 1.00e+03
 5.12e+02 1.00e+04 5.00e+00 0.00e+00]","[4.000e+00 1.000e+00 2.000e+00 1.000e+01 1.000e+00 0.000e+00 1.000e+00
 1.000e+03 1.024e+03 1.000e+04 5.000e+00 0.000e+00]",[  2.   1.   4.  10.  10.   1.   1.  10. 512. 100.   5.   0.],"[2.000e+00 1.000e+01 2.000e+00 1.000e+06 1.000e+00 1.000e+00 1.000e+00
 1.000e+01 1.024e+03 1.000e+02 5.000e+00 2.900e+01]","[2.00e+00 1.00e+00 2.00e+00 1.00e+06 1.00e+00 0.00e+00 1.00e+00 1.00e+03
 5.12e+02 1.00e+04 5.00e+00 0.00e+00]",[   2.   10.    4.   10.   10.    1. 1000.   10.  512.  100.    2.   29.],[   2.    1.    4.   10.    1.    0. 1000.   10.  512.  100.    2.   29.],"[2.000e+00 1.000e+00 4.000e+00 1.000e+01 1.000e+00 0.000e+00 1.000e+03
 1.000e+03 1.024e+03 1.000e+04 2.000e+00 0.000e+00]","[2.000e+00 1.000e+00 2.000e+00 1.000e+06 1.000e+00 1.000e+00 1.000e+03
 1.000e+01 1.024e+03 1.000e+02 2.000e+00 2.900e+01]",[   2.   10.    2.   10.   10.    0. 1000.   10.  512.  100.    2.   29.],"[4.000e+00 1.000e+01 4.000e+00 1.000e+06 1.000e+00 0.000e+00 1.000e+00
 1.000e+01 1.024e+03 1.000e+02 5.000e+00 2.900e+01]","[4.000e+00 1.000e+00 4.000e+00 1.000e+01 1.000e+01 0.000e+00 1.000e+03
 1.000e+03 1.024e+03 1.000e+04 2.000e+00 2.900e+01]","[2.000e+00 1.000e+01 4.000e+00 1.000e+01 1.000e+01 1.000e+00 1.000e+03
 1.000e+01 1.024e+03 1.000e+02 2.000e+00 2.900e+01]","[4.000e+00 1.000e+01 2.000e+00 1.000e+06 1.000e+01 0.000e+00 1.000e+03
 1.000e+01 1.024e+03 1.000e+02 2.000e+00 0.000e+00]","[2.000e+00 1.000e+01 4.000e+00 1.000e+01 1.000e+01 0.000e+00 1.000e+03
 1.000e+03 1.024e+03 1.000e+04 2.000e+00 0.000e+00]","[4.000e+00 1.000e+01 2.000e+00 1.000e+06 1.000e+01 0.000e+00 1.000e+00
 1.000e+03 1.024e+03 1.000e+04 2.000e+00 2.900e+01]","[2.000e+00 1.000e+00 2.000e+00 1.000e+01 1.000e+00 0.000e+00 1.000e+00
 1.000e+03 1.024e+03 1.000e+04 5.000e+00 2.900e+01]","[2.00e+00 1.00e+01 4.00e+00 1.00e+01 1.00e+01 0.00e+00 1.00e+03 1.00e+03
 5.12e+02 1.00e+04 2.00e+00 0.00e+00]","[4.00e+00 1.00e+00 4.00e+00 1.00e+06 1.00e+01 1.00e+00 1.00e+00 1.00e+01
 5.12e+02 1.00e+02 2.00e+00 0.00e+00]","[2.00e+00 1.00e+01 4.00e+00 1.00e+06 1.00e+00 0.00e+00 1.00e+00 1.00e+03
 5.12e+02 1.00e+04 5.00e+00 2.90e+01]","[2.000e+00 1.000e+00 2.000e+00 1.000e+01 1.000e+01 1.000e+00 1.000e+03
 1.000e+01 1.024e+03 1.000e+02 2.000e+00 0.000e+00]","[4.000e+00 1.000e+00 4.000e+00 1.000e+06 1.000e+01 0.000e+00 1.000e+00
 1.000e+03 1.024e+03 1.000e+04 5.000e+00 0.000e+00]",[  2.  10.   4.  10.  10.   0.   1.  10. 512. 100.   5.   0.],[  2.  10.   2.  10.  10.   0.   1.  10. 512. 100.   5.   0.],[   2.   10.    2.   10.    1.    0. 1000.   10.  512.  100.    2.   29.],"[4.000e+00 1.000e+01 4.000e+00 1.000e+06 1.000e+01 0.000e+00 1.000e+00
 1.000e+01 1.024e+03 1.000e+02 5.000e+00 2.900e+01]","[2.00e+00 1.00e+01 2.00e+00 1.00e+01 1.00e+00 0.00e+00 1.00e+03 1.00e+03
 5.12e+02 1.00e+04 2.00e+00 2.90e+01]","[2.000e+00 1.000e+00 2.000e+00 1.000e+06 1.000e+00 1.000e+00 1.000e+00
 1.000e+01 1.024e+03 1.000e+02 2.000e+00 0.000e+00]","[4.000e+00 1.000e+00 4.000e+00 1.000e+01 1.000e+01 1.000e+00 1.000e+03
 1.000e+01 1.024e+03 1.000e+02 5.000e+00 2.900e+01]","[2.000e+00 1.000e+00 2.000e+00 1.000e+06 1.000e+00 1.000e+00 1.000e+03
 1.000e+01 1.024e+03 1.000e+02 2.000e+00 2.900e+01]",[   2.    1.    2.   10.   10.    0. 1000.   10.  512.  100.    2.    0.],"[4.000e+00 1.000e+00 4.000e+00 1.000e+06 1.000e+00 0.000e+00 1.000e+00
 1.000e+01 1.024e+03 1.000e+02 5.000e+00 2.900e+01]","[4.000e+00 1.000e+01 4.000e+00 1.000e+06 1.000e+00 0.000e+00 1.000e+00
 1.000e+01 1.024e+03 1.000e+02 5.000e+00 2.900e+01]","[4.000e+00 1.000e+01 2.000e+00 1.000e+01 1.000e+00 0.000e+00 1.000e+03
 1.000e+03 1.024e+03 1.000e+04 2.000e+00 0.000e+00]","[4.00e+00 1.00e+01 2.00e+00 1.00e+06 1.00e+00 1.00e+00 1.00e+00 1.00e+03
 5.12e+02 1.00e+04 2.00e+00 0.00e+00]","[2.000e+00 1.000e+00 2.000e+00 1.000e+01 1.000e+01 0.000e+00 1.000e+03
 1.000e+03 1.024e+03 1.000e+04 5.000e+00 0.000e+00]","[2.000e+00 1.000e+01 2.000e+00 1.000e+01 1.000e+01 1.000e+00 1.000e+03
 1.000e+01 1.024e+03 1.000e+02 5.000e+00 0.000e+00]","[2.000e+00 1.000e+00 2.000e+00 1.000e+01 1.000e+01 1.000e+00 1.000e+03
 1.000e+01 1.024e+03 1.000e+02 5.000e+00 2.900e+01]","[2.00e+00 1.00e+00 2.00e+00 1.00e+01 1.00e+01 0.00e+00 1.00e+00 1.00e+03
 5.12e+02 1.00e+04 2.00e+00 2.90e+01]","[4.00e+00 1.00e+00 4.00e+00 1.00e+06 1.00e+01 1.00e+00 1.00e+03 1.00e+03
 5.12e+02 1.00e+04 2.00e+00 2.90e+01]","[2.000e+00 1.000e+00 4.000e+00 1.000e+06 1.000e+00 0.000e+00 1.000e+00
 1.000e+03 1.024e+03 1.000e+04 2.000e+00 0.000e+00]","[2.00e+00 1.00e+00 4.00e+00 1.00e+01 1.00e+01 0.00e+00 1.00e+03 1.00e+03
 5.12e+02 1.00e+04 2.00e+00 0.00e+00]","[2.00e+00 1.00e+00 2.00e+00 1.00e+06 1.00e+00 1.00e+00 1.00e+03 1.00e+03
 5.12e+02 1.00e+04 2.00e+00 0.00e+00]","[2.000e+00 1.000e+00 4.000e+00 1.000e+01 1.000e+00 0.000e+00 1.000e+03
 1.000e+03 1.024e+03 1.000e+04 2.000e+00 2.900e+01]","[2.00e+00 1.00e+00 4.00e+00 1.00e+01 1.00e+01 0.00e+00 1.00e+03 1.00e+03
 5.12e+02 1.00e+04 2.00e+00 0.00e+00]",[   2.   10.    4.   10.   10.    0. 1000.   10.  512.  100.    2.   29.],"[2.00e+00 1.00e+00 2.00e+00 1.00e+06 1.00e+00 0.00e+00 1.00e+03 1.00e+03
 5.12e+02 1.00e+04 5.00e+00 0.00e+00]",[   4.    1.    2.   10.    1.    1. 1000.   10.  512.  100.    5.    0.],"[2.000e+00 1.000e+01 4.000e+00 1.000e+06 1.000e+00 1.000e+00 1.000e+03
 1.000e+01 1.024e+03 1.000e+02 5.000e+00 2.900e+01]","[2.000e+00 1.000e+00 4.000e+00 1.000e+01 1.000e+01 0.000e+00 1.000e+03
 1.000e+03 1.024e+03 1.000e+04 2.000e+00 0.000e+00]",[   2.    1.    2.   10.   10.    0. 1000.   10.  512.  100.    2.    0.],"[2.000e+00 1.000e+01 2.000e+00 1.000e+01 1.000e+01 1.000e+00 1.000e+03
 1.000e+03 1.024e+03 1.000e+04 5.000e+00 2.900e+01]",[   2.   10.    4.   10.    1.    0. 1000.   10.  512.  100.    5.    0.],[   2.   10.    4.   10.   10.    1. 1000.   10.  512.  100.    2.    0.],"[2.000e+00 1.000e+01 2.000e+00 1.000e+06 1.000e+00 0.000e+00 1.000e+03
 1.000e+03 1.024e+03 1.000e+04 5.000e+00 2.900e+01]","[4.000e+00 1.000e+01 4.000e+00 1.000e+01 1.000e+01 0.000e+00 1.000e+00
 1.000e+01 1.024e+03 1.000e+02 5.000e+00 2.900e+01]","[2.00e+00 1.00e+00 2.00e+00 1.00e+01 1.00e+01 1.00e+00 1.00e+03 1.00e+03
 5.12e+02 1.00e+04 2.00e+00 0.00e+00]","[2.000e+00 1.000e+00 4.000e+00 1.000e+01 1.000e+01 0.000e+00 1.000e+03
 1.000e+03 1.024e+03 1.000e+04 2.000e+00 0.000e+00]","[4.00e+00 1.00e+01 4.00e+00 1.00e+06 1.00e+00 0.00e+00 1.00e+00 1.00e+03
 5.12e+02 1.00e+04 2.00e+00 2.90e+01]","[4.00e+00 1.00e+01 2.00e+00 1.00e+06 1.00e+00 1.00e+00 1.00e+00 1.00e+03
 5.12e+02 1.00e+04 5.00e+00 0.00e+00]"
-0.000381293210394,-0.0013495056125,-0.283517375395,-0.00557232791761,-0.320329873097,-0.000664539595257,-0.794360401066,-0.00141759368578,-1.49793761226e-05,-0.952981100113,-0.14764217811,-0.86631315339,-0.0144823331876,-0.757221080612,-0.533227660644,-0.370129489898,-0.987025136755,-0.906264511271,-0.741656147059,-0.988717806257,-0.751064557026,-0.984953897566,-0.808381097117,-0.980479149389,-0.90477746775,-0.685785797645,-0.945086968896,-0.732897297312,-0.765875074727,-0.0149739290767,-0.732897297312,-0.857260163166,-7.62586420787e-05,-0.89817156288,-0.856347782984,-0.469754596966,-0.781407326004,-0.847511312833,-0.427172315934,-0.488861472091,-0.0149289909484,-0.801290405165,-0.718935157004,-0.973091593438,-0.213277718995,-0.82909348901,-0.709910763771,-0.718788086766,-0.697882324745,-0.964704504571,-0.0011152826404,-0.245095275641,-0.954793604623,-0.392703409715,-0.976747922973,-0.957563427445,-0.919360571286,-0.0147819207101,-0.895412634151,-0.762781152677,-0.381060349183,-0.461564963512,-0.895412634151,-0.716754976898,-0.783180339433,-0.0148745204897,-0.945086968896,-0.826286898629,-0.719697743425,-0.972996270135,-0.465964814807,-0.485112542776,-0.873877738332,-0.86631315339,-0.760018138663,-0.944629417044,-0.987492220938,-0.794361762827,-8.85144952699e-05,-0.251247713943,-0.214959494405,-0.149648052749,-0.857938320376,-0.919360571286,-0.871975357565,-0.718935157004,-0.0147751119027,-0.729871463335,-1.0,-0.0149671202694,-0.816817209397,-0.863104843377,-0.48217113801,-0.00710294780504,-0.860604649326,-0.954793604623,-0.747589341765,-0.776984324764,-0.297084604878,-0.771134197507,-0.149368891649,-0.00608571199017,-0.786817604308,-0.976747922973,-0.512553398071,-0.388261343813,-0.0149507791318,-0.00175667229074,-0.000104855632858,-0.767748858503,-0.014664809224,-0.621322733382,-0.496549977327,-0.00136312322716,-0.00575344219254,-0.78613263829,-0.601702474184,-0.475834861911,-0.856094495352,-0.773194542605,-0.593450199702,-0.604283012162,-0.89817156288,-0.896315482002,-0.944629417044,-0.778524476981,-0.000379931448928,-0.856094495352,-0.704087871744,-0.209885571184,-0.750070471156,-0.000303672806849,-0.30313491107,-0.000747607044664,-0.894173431217,-0.964704504571,-0.984953897566,-0.0144101598299,-0.00137946436475,-0.305488034883,-0.000875612622439,-0.785892968272,-0.75511035034,-0.518967294575,-0.742142295903,-0.906264511271,-0.867090719187,-0.60368656064,-0.216153759211,-0.793924637397,-0.0794478874314,-2.99587522452e-05,-0.763978141005,-0.762869667172,-0.00091646546641,-0.0150801464711,-0.61947209955,-0.743858115349,-0.002421211886,-0.860604649326,-0.000644113173272,-0.957563427445,-0.794360401066,-0.284368476311,-0.704087871744,-0.133829831564,-0.476592001286,-0.990031906071,-0.0147628560496,-0.0148009853706,-0.137867454309,-0.00102540638367,-0.0,-0.742085101921,-0.973091593438,-0.990031906071,-5.7193981559e-05,-0.803372538446,-0.000960041833312,-0.463039751179,-0.739896751246,-0.000389463779188,-0.752064089942,-0.00026554348581,-0.0149466938474,-0.77487223273,-0.00560092490839,-0.00103085342953,-0.759816597966,-0.000473892990061,-0.133060436336,-0.136937371228,-0.801860983219,-1.90646605197e-05,-0.783180339433,-0.00137674084181,-0.184530934454,-5.7193981559e-05,-0.435357864104,-0.000802077503292,-0.000960041833312,-0.603760095759,-0.00297544880254,-0.339530709764,-0.296298868512,-0.340601054276,-0.149820996455,-0.00121196770447,-0.00132227038319,-0.455138811155,-0.000122558531912,-0.980479149389,-0.455138811155,-0.763769791501,-0.000142984953898,-0.228190368806,-7.08115962159e-05,-0.765556422544,-0.435357864104,-0.275378127115,-0.303788556574,-0.731410253791,-5.17469356963e-05,-0.0787057274325,-0.778524476981,-0.765556422544,-0.0023735502347,-0.000832036255537
200
