1,2,3,4,5,6,7,8,9,10,11,12,13,14,15,16,17,18,19,20,21,22,23,24,25,26,27,28,29,30,31,32,33,34,35,36,37,38,39,40,41,42,43,44,45,46,47,48,49,50,51,52,53,54,55,56,57,58,59,60,61,62,63,64,65,66,67,68,69,70,71,72,73,74,75,76,77,78,79,80,81,82,83,84,85,86,87,88,89,90,91,92,93,94,95,96,97,98,99,100,101,102,103,104,105,106,107,108,109,110,111,112,113,114,115,116,117,118,119,120,121,122,123,124,125,126,127,128,129,130,131,132,133,134,135,136,137,138,139,140,141,142,143,144,145,146,147,148,149,150,151,152,153,154,155,156,157,158,159,160,161,162,163,164,165,166,167,168,169,170,171,172,173,174,175,176,177,178,179,180,181,182,183,184,185,186,187,188,189,190,191,192,193,194,195,196,197,198,199,200,201,202,203,204,205,206,207,208,209,210,211,212,213,214,215,216,217,218,219,220,221,222,223,224,225,226,227,228,229,230,231,232,233,234,235,236,237,238,239,240,241,242,243,244,245,246,247,248,249,250,251,252,253,254,255,256,257,258,259,260,261,262,263,264,265,266,267,268
"[6.0000e+00 3.5000e+01 2.6640e+03 4.9244e+04 4.4505e+04 1.8500e+02
 3.0000e+00 4.1642e+04 1.0000e+01 1.9300e+02 3.0000e+01 2.9000e+01]","[3.5600e+02 1.4000e+01 1.6320e+03 3.7342e+04 2.4211e+04 6.5000e+01
 3.0000e+00 4.5280e+04 3.2000e+01 5.7000e+01 2.5300e+02 1.6000e+01]","[3.4300e+02 4.7000e+01 6.3280e+03 3.2691e+04 4.1020e+04 2.3000e+01
 6.0000e+00 3.4505e+04 2.0000e+01 3.1900e+02 1.7600e+02 1.1000e+01]","[2.2700e+02 2.2000e+01 6.3460e+03 4.5410e+03 4.5261e+04 1.4200e+02
 6.0000e+00 4.6846e+04 1.1000e+01 2.7300e+02 2.8000e+02 4.4000e+01]","[4.7800e+02 2.1000e+01 6.4580e+03 2.7180e+04 2.1810e+04 5.1000e+01
 5.0000e+00 4.1124e+04 5.0000e+00 3.9700e+02 3.4500e+02 4.4000e+01]","[3.4400e+02 6.0000e+00 5.9020e+03 4.7284e+04 1.4738e+04 1.7100e+02
 5.0000e+00 1.9684e+04 8.0000e+00 4.9200e+02 3.6900e+02 1.0000e+00]","[1.4900e+02 9.0000e+00 4.0830e+03 4.3614e+04 4.0887e+04 1.6600e+02
 8.0000e+00 3.2908e+04 4.8000e+01 1.8500e+02 4.8900e+02 1.6000e+01]","[1.2900e+02 2.2000e+01 4.6350e+03 4.5831e+04 1.9905e+04 1.6200e+02
 1.0000e+01 2.0869e+04 3.7000e+01 3.2400e+02 2.2100e+02 2.0000e+00]","[4.4000e+02 6.0000e+00 6.6070e+03 3.6350e+03 4.0846e+04 6.7000e+01
 1.0000e+01 9.3720e+03 1.6000e+01 2.6000e+01 1.2400e+02 1.0000e+00]","[3.5000e+01 3.1000e+01 4.6360e+03 1.7010e+03 5.9780e+03 1.6000e+01
 2.0000e+00 1.0104e+04 4.5000e+01 1.9100e+02 2.9600e+02 3.7000e+01]","[1.1400e+02 2.3000e+01 7.3000e+03 2.1746e+04 3.9881e+04 1.1500e+02
 2.0000e+00 1.9466e+04 1.0000e+00 7.7000e+01 1.4500e+02 4.2000e+01]","[3.3000e+01 1.2200e+02 2.1520e+03 3.0396e+04 3.3113e+04 1.6100e+02
 1.0000e+01 3.7799e+04 3.5000e+01 4.9900e+02 3.1700e+02 3.8000e+01]","[1.5500e+02 1.7000e+01 1.6790e+03 1.4305e+04 3.5447e+04 4.0000e+00
 7.0000e+00 1.5570e+04 1.4000e+01 9.3000e+01 2.8800e+02 4.9000e+01]","[2.8000e+02 8.4000e+01 7.1890e+03 2.1083e+04 2.8017e+04 1.7300e+02
 2.0000e+00 4.6911e+04 2.9000e+01 1.1800e+02 1.9600e+02 4.5000e+01]","[1.8000e+01 2.4000e+01 5.1050e+03 2.7850e+04 3.9063e+04 1.3800e+02
 3.0000e+00 1.0971e+04 1.2000e+01 1.7000e+01 1.3700e+02 3.5000e+01]","[2.8000e+02 8.4000e+01 7.1890e+03 2.1083e+04 2.8017e+04 1.7300e+02
 2.0000e+00 4.6911e+04 2.9000e+01 1.1800e+02 1.9600e+02 4.5000e+01]","[4.020e+02 7.800e+01 4.129e+03 7.521e+03 4.182e+04 1.170e+02 4.000e+00
 3.944e+04 3.300e+01 4.200e+02 1.850e+02 3.500e+01]","[2.1900e+02 1.2500e+02 4.0790e+03 1.1661e+04 4.0759e+04 1.3400e+02
 5.0000e+00 4.4073e+04 1.0000e+01 4.2600e+02 2.4300e+02 2.5000e+01]","[9.3000e+01 3.3000e+01 5.1880e+03 2.7599e+04 2.2254e+04 1.7100e+02
 3.0000e+00 3.9555e+04 1.3000e+01 2.0800e+02 4.2100e+02 1.2000e+01]","[1.3400e+02 7.4000e+01 2.2120e+03 3.0294e+04 4.7149e+04 1.7500e+02
 6.0000e+00 4.8876e+04 1.0000e+01 1.3200e+02 4.4000e+02 4.3000e+01]","[8.8000e+01 1.9000e+01 6.8800e+03 2.8591e+04 4.3597e+04 1.3200e+02
 4.0000e+00 4.0873e+04 1.3000e+01 2.6800e+02 3.2200e+02 8.0000e+00]","[2.2900e+02 2.7000e+01 3.0550e+03 3.0047e+04 4.9383e+04 1.3900e+02
 1.0000e+00 3.9733e+04 2.4000e+01 3.4300e+02 6.0000e+01 4.1000e+01]","[3.2900e+02 8.9000e+01 7.0970e+03 2.0101e+04 4.4544e+04 1.6700e+02
 3.0000e+00 3.1725e+04 5.0000e+01 1.9100e+02 1.8400e+02 6.0000e+00]","[1.6100e+02 6.0000e+01 3.9810e+03 3.1135e+04 1.3327e+04 1.9100e+02
 1.0000e+00 3.0643e+04 2.3000e+01 1.4100e+02 1.6500e+02 5.0000e+01]","[4.2400e+02 2.0000e+01 4.1970e+03 2.6632e+04 2.2579e+04 1.6700e+02
 1.0000e+00 1.4798e+04 3.1000e+01 1.4200e+02 1.9700e+02 3.7000e+01]","[3.1700e+02 1.4900e+02 2.6040e+03 2.3322e+04 3.0623e+04 1.3300e+02
 9.0000e+00 3.2245e+04 2.5000e+01 4.1000e+02 1.1400e+02 1.3000e+01]","[4.5400e+02 4.5000e+01 6.0190e+03 2.1881e+04 4.5395e+04 1.0000e+02
 6.0000e+00 4.5140e+04 4.8000e+01 3.2300e+02 3.1600e+02 4.6000e+01]","[5.7000e+01 3.7000e+01 3.6090e+03 2.0699e+04 1.1706e+04 1.6000e+02
 1.0000e+00 4.5250e+03 2.5000e+01 2.0000e+02 7.9000e+01 8.0000e+00]","[2.8600e+02 4.1000e+01 2.8430e+03 6.9800e+02 4.6696e+04 1.6300e+02
 6.0000e+00 1.9787e+04 4.5000e+01 2.6800e+02 1.8000e+02 3.0000e+01]","[7.6000e+01 3.1000e+01 6.6280e+03 8.6750e+03 4.1828e+04 1.7700e+02
 1.0000e+01 2.0424e+04 4.3000e+01 4.3000e+02 4.9000e+01 4.0000e+01]","[4.7400e+02 4.3000e+01 7.7140e+03 2.6847e+04 3.6980e+03 1.7300e+02
 8.0000e+00 3.7964e+04 2.2000e+01 3.5900e+02 1.8500e+02 3.8000e+01]","[4.8200e+02 9.8000e+01 4.6930e+03 3.6510e+03 3.4406e+04 1.5300e+02
 1.0000e+00 1.3804e+04 1.3000e+01 2.0700e+02 6.8000e+01 3.5000e+01]","[1.1000e+01 5.4000e+01 4.8760e+03 3.0921e+04 4.7086e+04 1.4000e+01
 6.0000e+00 3.4472e+04 5.0000e+01 2.7000e+02 8.2000e+01 3.5000e+01]","[2.2800e+02 8.5000e+01 2.5120e+03 1.4876e+04 2.3880e+03 1.7000e+01
 6.0000e+00 3.3951e+04 3.0000e+01 1.1000e+02 2.0000e+01 3.3000e+01]","[2.5300e+02 1.4300e+02 4.5440e+03 1.5863e+04 1.0820e+04 1.4300e+02
 5.0000e+00 3.2147e+04 4.0000e+00 3.4000e+01 3.4000e+01 1.1000e+01]","[1.7100e+02 3.8000e+01 3.6000e+03 1.2094e+04 5.2770e+03 1.4700e+02
 1.0000e+00 1.7579e+04 4.9000e+01 1.9800e+02 3.1000e+01 2.0000e+01]","[2.0100e+02 1.4800e+02 5.1120e+03 1.9293e+04 2.3713e+04 1.8100e+02
 5.0000e+00 5.1310e+03 4.3000e+01 8.9000e+01 4.6800e+02 5.0000e+01]","[1.2600e+02 4.5000e+01 4.4240e+03 3.5792e+04 1.2695e+04 1.6300e+02
 6.0000e+00 6.2760e+03 9.0000e+00 5.7000e+01 9.0000e+00 1.9000e+01]","[3.3600e+02 4.8000e+01 1.4320e+03 2.0661e+04 2.9580e+04 1.9500e+02
 6.0000e+00 4.6416e+04 2.6000e+01 4.7000e+01 7.3000e+01 8.0000e+00]","[3.6400e+02 3.0000e+01 2.4660e+03 4.2068e+04 4.2597e+04 1.5900e+02
 2.0000e+00 3.8540e+04 4.6000e+01 1.6000e+02 1.4600e+02 2.5000e+01]","[1.6100e+02 6.0000e+01 3.9810e+03 3.1135e+04 1.3327e+04 1.9100e+02
 1.0000e+00 3.0643e+04 2.3000e+01 1.4100e+02 1.6500e+02 5.0000e+01]","[2.5500e+02 1.2500e+02 4.8960e+03 4.4626e+04 2.5563e+04 1.8400e+02
 2.0000e+00 4.0972e+04 5.0000e+00 1.1100e+02 2.1200e+02 3.6000e+01]","[5.4000e+01 1.0800e+02 3.6220e+03 2.6409e+04 1.6229e+04 1.0900e+02
 4.0000e+00 3.3551e+04 2.0000e+01 9.5000e+01 6.2000e+01 3.6000e+01]","[2.7700e+02 1.4400e+02 4.5630e+03 2.0670e+04 1.6939e+04 1.5600e+02
 9.0000e+00 4.7722e+04 4.0000e+01 7.9000e+01 3.0900e+02 4.1000e+01]","[1.2200e+02 6.5000e+01 4.2400e+03 2.5979e+04 4.7010e+04 1.5600e+02
 5.0000e+00 2.7740e+04 3.9000e+01 1.3100e+02 6.3000e+01 3.2000e+01]","[3.0000e+00 1.0300e+02 2.2340e+03 3.6500e+03 2.9290e+04 1.2100e+02
 3.0000e+00 3.8165e+04 2.8000e+01 3.2200e+02 2.8300e+02 2.8000e+01]","[5.4000e+01 1.0800e+02 3.6220e+03 2.6409e+04 1.6229e+04 1.0900e+02
 4.0000e+00 3.3551e+04 2.0000e+01 9.5000e+01 6.2000e+01 3.6000e+01]","[2.9800e+02 5.0000e+01 3.9640e+03 2.3576e+04 6.9740e+03 1.5100e+02
 1.0000e+00 3.8709e+04 1.8000e+01 4.0500e+02 2.9500e+02 9.0000e+00]","[3.7900e+02 1.9000e+01 2.8750e+03 1.7453e+04 3.6386e+04 1.5400e+02
 2.0000e+00 1.3710e+04 1.5000e+01 9.0000e+01 2.4000e+02 1.9000e+01]","[2.8000e+02 8.4000e+01 7.1890e+03 2.1083e+04 2.8017e+04 1.7300e+02
 2.0000e+00 4.6911e+04 2.9000e+01 1.1800e+02 1.9600e+02 4.5000e+01]","[5.2000e+01 8.2000e+01 3.3300e+03 2.6506e+04 2.8885e+04 1.5700e+02
 9.0000e+00 2.1990e+03 4.5000e+01 2.9200e+02 2.0400e+02 1.2000e+01]","[4.0100e+02 4.0000e+01 4.9080e+03 1.9119e+04 2.8665e+04 1.6700e+02
 2.0000e+00 3.7208e+04 3.5000e+01 4.7200e+02 2.3100e+02 6.0000e+00]","[1.6100e+02 6.0000e+01 3.9810e+03 3.1135e+04 1.3327e+04 1.9100e+02
 1.0000e+00 3.0643e+04 2.3000e+01 1.4100e+02 1.6500e+02 5.0000e+01]","[8.0000e+00 1.2600e+02 4.5020e+03 2.1843e+04 1.6659e+04 1.4300e+02
 4.0000e+00 2.9787e+04 3.2000e+01 1.9300e+02 3.6700e+02 2.3000e+01]","[1.0200e+02 1.0700e+02 5.6630e+03 4.9145e+04 4.8461e+04 8.3000e+01
 4.0000e+00 3.3743e+04 4.3000e+01 2.7400e+02 1.4200e+02 1.6000e+01]","[3.5800e+02 1.4000e+02 4.2400e+02 3.8090e+03 1.1683e+04 1.7500e+02
 3.0000e+00 1.9314e+04 5.0000e+01 1.9100e+02 2.3000e+02 1.2000e+01]","[4.1600e+02 1.3600e+02 3.9600e+03 4.9221e+04 1.6195e+04 1.1100e+02
 6.0000e+00 4.9631e+04 3.0000e+01 1.1300e+02 2.6300e+02 2.7000e+01]","[2.3300e+02 1.4800e+02 6.8670e+03 1.7430e+04 1.3852e+04 1.1500e+02
 9.0000e+00 2.0809e+04 3.2000e+01 4.4800e+02 1.1700e+02 3.0000e+01]","[3.8300e+02 1.0100e+02 9.7500e+02 2.6831e+04 1.0368e+04 1.7400e+02
 5.0000e+00 1.2940e+03 3.4000e+01 3.2800e+02 4.1000e+01 3.3000e+01]","[8.9000e+01 2.7000e+01 6.7600e+02 1.7642e+04 3.4542e+04 1.6600e+02
 7.0000e+00 3.0145e+04 1.4000e+01 3.4700e+02 2.9200e+02 4.5000e+01]","[3.3100e+02 1.0700e+02 5.2870e+03 3.2274e+04 4.6930e+03 1.9200e+02
 6.0000e+00 3.8654e+04 2.2000e+01 1.4700e+02 1.5100e+02 2.0000e+01]","[2.3100e+02 9.3000e+01 1.5710e+03 3.5373e+04 4.7977e+04 1.9900e+02
 1.0000e+01 4.5458e+04 4.9000e+01 1.5200e+02 3.0500e+02 3.2000e+01]","[4.7300e+02 1.3800e+02 1.3200e+03 2.8292e+04 1.7230e+04 1.7400e+02
 5.0000e+00 2.4190e+04 2.0000e+01 2.1200e+02 2.1000e+01 1.9000e+01]","[8.0000e+01 2.6000e+01 4.8910e+03 4.9410e+04 3.1800e+03 1.9000e+02
 1.0000e+01 3.2218e+04 4.2000e+01 4.6600e+02 2.4000e+01 8.0000e+00]","[4.3600e+02 9.0000e+00 3.9600e+02 2.9724e+04 3.7000e+01 1.7000e+02
 5.0000e+00 1.9224e+04 4.4000e+01 2.9400e+02 5.3000e+01 6.0000e+00]","[1.4100e+02 1.3300e+02 1.5990e+03 1.1998e+04 1.6272e+04 1.0700e+02
 5.0000e+00 4.3168e+04 8.0000e+00 2.6700e+02 1.9500e+02 2.3000e+01]","[4.6100e+02 3.3000e+01 4.0970e+03 3.5317e+04 3.5927e+04 1.7600e+02
 9.0000e+00 2.8123e+04 3.4000e+01 1.1400e+02 3.7000e+01 2.2000e+01]","[2.6000e+01 6.5000e+01 6.2980e+03 3.3234e+04 1.9077e+04 1.4800e+02
 3.0000e+00 3.5250e+03 4.4000e+01 3.1500e+02 1.6000e+02 2.8000e+01]","[4.3000e+02 1.3100e+02 3.1120e+03 1.1869e+04 1.0560e+03 1.7800e+02
 9.0000e+00 3.0576e+04 2.8000e+01 2.3300e+02 3.4900e+02 3.5000e+01]","[8.1000e+01 4.3000e+01 5.8740e+03 4.8851e+04 3.6055e+04 1.8600e+02
 2.0000e+00 2.8170e+04 4.5000e+01 6.1000e+01 3.2200e+02 4.6000e+01]","[1.2600e+02 4.5000e+01 4.4240e+03 3.5792e+04 1.2695e+04 1.6300e+02
 6.0000e+00 6.2760e+03 9.0000e+00 5.7000e+01 9.0000e+00 1.9000e+01]","[8.7000e+01 3.0000e+01 7.8050e+03 1.4923e+04 8.1600e+03 1.6400e+02
 6.0000e+00 3.2928e+04 3.7000e+01 1.0400e+02 1.8800e+02 1.1000e+01]","[4.9200e+02 8.6000e+01 4.1000e+02 9.7350e+03 3.6228e+04 1.1500e+02
 6.0000e+00 4.0218e+04 4.5000e+01 4.6000e+02 5.3000e+01 3.3000e+01]","[4.3000e+02 1.3100e+02 3.1120e+03 1.1869e+04 1.0560e+03 1.7800e+02
 9.0000e+00 3.0576e+04 2.8000e+01 2.3300e+02 3.4900e+02 3.5000e+01]","[1.0200e+02 2.8000e+01 2.3680e+03 4.4387e+04 4.8436e+04 1.5800e+02
 6.0000e+00 2.9863e+04 4.7000e+01 3.7100e+02 1.3900e+02 2.0000e+01]","[3.7500e+02 9.0000e+00 3.2560e+03 3.2130e+04 1.1183e+04 1.7600e+02
 4.0000e+00 4.4797e+04 4.4000e+01 5.8000e+01 4.2100e+02 1.8000e+01]","[2.5500e+02 1.2500e+02 4.8960e+03 4.4626e+04 2.5563e+04 1.8400e+02
 2.0000e+00 4.0972e+04 5.0000e+00 1.1100e+02 2.1200e+02 3.6000e+01]","[4.0700e+02 1.3300e+02 6.9460e+03 5.0050e+03 9.9120e+03 2.0000e+02
 4.0000e+00 2.1033e+04 2.0000e+00 6.0000e+01 2.1400e+02 1.2000e+01]","[1.7000e+02 4.2000e+01 2.6750e+03 3.4526e+04 3.8271e+04 1.8500e+02
 3.0000e+00 1.1147e+04 1.3000e+01 4.1600e+02 1.0500e+02 4.8000e+01]","[2.8000e+02 8.4000e+01 7.1890e+03 2.1083e+04 2.8017e+04 1.7300e+02
 2.0000e+00 4.6911e+04 2.9000e+01 1.1800e+02 1.9600e+02 4.5000e+01]","[5.4000e+01 1.0800e+02 3.6220e+03 2.6409e+04 1.6229e+04 1.0900e+02
 4.0000e+00 3.3551e+04 2.0000e+01 9.5000e+01 6.2000e+01 3.6000e+01]","[2.5000e+02 9.6000e+01 4.7080e+03 4.0355e+04 1.7300e+03 1.5400e+02
 4.0000e+00 4.3484e+04 3.4000e+01 4.9800e+02 2.2600e+02 1.1000e+01]","[3.4300e+02 1.0800e+02 4.2530e+03 3.1423e+04 1.2792e+04 1.0300e+02
 5.0000e+00 3.5158e+04 3.7000e+01 2.3500e+02 1.7000e+02 4.3000e+01]","[2.4500e+02 6.0000e+00 6.0500e+02 9.5900e+03 3.5328e+04 1.6600e+02
 8.0000e+00 2.4183e+04 2.6000e+01 9.1000e+01 5.6000e+01 3.5000e+01]","[2.8000e+02 1.4000e+01 5.0060e+03 3.7897e+04 3.8940e+03 1.5300e+02
 1.0000e+00 3.8255e+04 1.0000e+01 8.6000e+01 4.8600e+02 1.3000e+01]","[1.8100e+02 2.8000e+01 1.8200e+03 3.4451e+04 1.6066e+04 1.6000e+02
 2.0000e+00 3.8366e+04 2.9000e+01 1.5900e+02 2.5300e+02 9.0000e+00]","[1.3500e+02 4.7000e+01 1.5100e+02 3.8741e+04 4.7946e+04 1.8200e+02
 5.0000e+00 4.0891e+04 2.1000e+01 2.4200e+02 1.8900e+02 3.3000e+01]","[2.7700e+02 1.4400e+02 4.5630e+03 2.0670e+04 1.6939e+04 1.5600e+02
 9.0000e+00 4.7722e+04 4.0000e+01 7.9000e+01 3.0900e+02 4.1000e+01]","[3.7100e+02 1.3000e+02 6.8440e+03 3.9025e+04 2.9062e+04 1.3800e+02
 4.0000e+00 3.3874e+04 1.7000e+01 3.1000e+01 4.1900e+02 1.0000e+00]","[1.7100e+02 3.8000e+01 3.6000e+03 1.2094e+04 5.2770e+03 1.4700e+02
 1.0000e+00 1.7579e+04 4.9000e+01 1.9800e+02 3.1000e+01 2.0000e+01]","[3.4300e+02 1.0800e+02 4.2530e+03 3.1423e+04 1.2792e+04 1.0300e+02
 5.0000e+00 3.5158e+04 3.7000e+01 2.3500e+02 1.7000e+02 4.3000e+01]","[3.7900e+02 1.9000e+01 2.8750e+03 1.7453e+04 3.6386e+04 1.5400e+02
 2.0000e+00 1.3710e+04 1.5000e+01 9.0000e+01 2.4000e+02 1.9000e+01]","[2.3100e+02 9.3000e+01 1.5710e+03 3.5373e+04 4.7977e+04 1.9900e+02
 1.0000e+01 4.5458e+04 4.9000e+01 1.5200e+02 3.0500e+02 3.2000e+01]","[4.7800e+02 2.2000e+01 4.2920e+03 7.2980e+03 2.1017e+04 1.4000e+02
 7.0000e+00 3.9827e+04 8.0000e+00 2.3600e+02 1.0800e+02 3.2000e+01]","[5.0000e+00 3.0000e+00 1.3570e+03 5.1150e+03 3.0634e+04 1.6800e+02
 2.0000e+00 3.5498e+04 2.9000e+01 4.8300e+02 8.6000e+01 3.3000e+01]","[4.7300e+02 1.3800e+02 1.3200e+03 2.8292e+04 1.7230e+04 1.7400e+02
 5.0000e+00 2.4190e+04 2.0000e+01 2.1200e+02 2.1000e+01 1.9000e+01]","[3.6600e+02 3.0000e+01 1.3170e+03 3.0310e+03 3.3895e+04 1.7600e+02
 5.0000e+00 1.2943e+04 4.3000e+01 1.1100e+02 4.0800e+02 2.0000e+01]","[4.4200e+02 2.5000e+01 6.9290e+03 3.0319e+04 2.7588e+04 1.5800e+02
 3.0000e+00 2.3909e+04 4.5000e+01 3.7000e+01 1.3600e+02 8.0000e+00]","[4.8200e+02 3.1000e+01 1.2850e+03 1.8707e+04 2.5331e+04 7.1000e+01
 1.0000e+00 4.2052e+04 5.0000e+01 1.4700e+02 2.8400e+02 5.0000e+00]","[9.0000e+01 3.9000e+01 1.6000e+01 1.5909e+04 7.1190e+03 1.1900e+02
 6.0000e+00 4.9964e+04 4.6000e+01 1.6000e+02 3.3900e+02 3.4000e+01]","[4.5500e+02 1.4700e+02 7.8690e+03 1.8015e+04 1.8630e+04 1.8300e+02
 5.0000e+00 4.1913e+04 2.8000e+01 1.4600e+02 4.4500e+02 9.0000e+00]","[1.3100e+02 6.9000e+01 5.9560e+03 6.5230e+03 3.9222e+04 1.4000e+02
 4.0000e+00 2.2077e+04 3.3000e+01 1.6000e+01 2.0400e+02 4.0000e+00]","[4.4100e+02 2.1000e+01 6.6670e+03 7.5600e+02 1.3257e+04 1.1900e+02
 8.0000e+00 4.2920e+04 3.1000e+01 2.2000e+01 1.7500e+02 4.3000e+01]","[2.1200e+02 8.3000e+01 4.1400e+03 2.6128e+04 1.1531e+04 1.3000e+02
 9.0000e+00 4.1461e+04 2.3000e+01 4.6100e+02 3.2300e+02 6.0000e+00]","[4.0000e+02 4.8000e+01 5.8000e+02 1.8188e+04 1.2842e+04 1.9200e+02
 5.0000e+00 3.3083e+04 3.1000e+01 2.5800e+02 3.1400e+02 3.4000e+01]","[3.6600e+02 6.3000e+01 3.3240e+03 5.6930e+03 4.8863e+04 1.7600e+02
 3.0000e+00 3.7398e+04 4.0000e+00 4.2100e+02 2.2300e+02 6.0000e+00]","[4.0100e+02 4.0000e+01 4.9080e+03 1.9119e+04 2.8665e+04 1.6700e+02
 2.0000e+00 3.7208e+04 3.5000e+01 4.7200e+02 2.3100e+02 6.0000e+00]","[1.7700e+02 5.0000e+01 2.7540e+03 3.4276e+04 9.9780e+03 1.8200e+02
 5.0000e+00 3.3074e+04 3.9000e+01 2.5600e+02 1.1300e+02 1.9000e+01]","[3.5700e+02 4.9000e+01 2.6990e+03 2.7120e+04 1.4039e+04 1.8900e+02
 4.0000e+00 7.6760e+03 4.5000e+01 4.4200e+02 4.6300e+02 2.0000e+00]","[2.9600e+02 3.8000e+01 3.1500e+03 1.0970e+03 4.1985e+04 1.5800e+02
 1.0000e+00 2.9497e+04 2.0000e+00 1.4700e+02 6.6000e+01 4.5000e+01]","[5.4000e+01 1.0800e+02 3.6220e+03 2.6409e+04 1.6229e+04 1.0900e+02
 4.0000e+00 3.3551e+04 2.0000e+01 9.5000e+01 6.2000e+01 3.6000e+01]","[1.8100e+02 2.8000e+01 1.8200e+03 3.4451e+04 1.6066e+04 1.6000e+02
 2.0000e+00 3.8366e+04 2.9000e+01 1.5900e+02 2.5300e+02 9.0000e+00]","[3.3100e+02 1.0700e+02 5.2870e+03 3.2274e+04 4.6930e+03 1.9200e+02
 6.0000e+00 3.8654e+04 2.2000e+01 1.4700e+02 1.5100e+02 2.0000e+01]","[2.9800e+02 5.0000e+01 3.9640e+03 2.3576e+04 6.9740e+03 1.5100e+02
 1.0000e+00 3.8709e+04 1.8000e+01 4.0500e+02 2.9500e+02 9.0000e+00]","[1.7700e+02 5.0000e+01 2.7540e+03 3.4276e+04 9.9780e+03 1.8200e+02
 5.0000e+00 3.3074e+04 3.9000e+01 2.5600e+02 1.1300e+02 1.9000e+01]","[7.0000e+00 2.6000e+01 1.4800e+02 3.8395e+04 9.6060e+03 1.8600e+02
 3.0000e+00 4.3116e+04 3.1000e+01 2.1000e+01 4.4400e+02 1.1000e+01]","[1.9600e+02 5.0000e+00 2.3060e+03 2.4349e+04 2.6398e+04 1.8300e+02
 1.0000e+00 3.9460e+04 3.2000e+01 2.6300e+02 1.9900e+02 7.0000e+00]","[4.1400e+02 1.0300e+02 3.8540e+03 5.2870e+03 3.7700e+04 9.4000e+01
 5.0000e+00 4.3725e+04 1.6000e+01 2.0300e+02 3.8900e+02 4.0000e+00]","[1.8700e+02 1.3600e+02 9.0900e+02 3.0144e+04 6.1660e+03 1.4100e+02
 4.0000e+00 2.9460e+04 1.5000e+01 2.2900e+02 3.5400e+02 1.5000e+01]","[4.1100e+02 4.7000e+01 2.7350e+03 1.7367e+04 1.3371e+04 1.3100e+02
 1.0000e+00 2.1421e+04 2.6000e+01 3.2200e+02 3.4900e+02 1.1000e+01]","[6.0000e+01 4.3000e+01 9.5100e+02 6.9900e+03 1.7401e+04 1.7500e+02
 9.0000e+00 4.0584e+04 1.7000e+01 3.3700e+02 8.5000e+01 8.0000e+00]","[3.8300e+02 7.1000e+01 2.7080e+03 2.6188e+04 2.5633e+04 1.7300e+02
 3.0000e+00 3.3493e+04 4.7000e+01 2.0000e+01 4.5000e+02 3.2000e+01]","[3.0000e+00 1.0300e+02 2.2340e+03 3.6500e+03 2.9290e+04 1.2100e+02
 3.0000e+00 3.8165e+04 2.8000e+01 3.2200e+02 2.8300e+02 2.8000e+01]","[6.0000e+01 4.3000e+01 9.5100e+02 6.9900e+03 1.7401e+04 1.7500e+02
 9.0000e+00 4.0584e+04 1.7000e+01 3.3700e+02 8.5000e+01 8.0000e+00]","[4.3000e+02 1.3100e+02 3.1120e+03 1.1869e+04 1.0560e+03 1.7800e+02
 9.0000e+00 3.0576e+04 2.8000e+01 2.3300e+02 3.4900e+02 3.5000e+01]","[1.3900e+02 3.1000e+01 7.1950e+03 4.9091e+04 4.6384e+04 1.8900e+02
 2.0000e+00 4.6105e+04 4.0000e+01 3.3700e+02 3.6300e+02 9.0000e+00]","[4.1100e+02 1.1300e+02 3.8970e+03 3.4650e+03 3.2754e+04 1.8700e+02
 3.0000e+00 3.4357e+04 1.9000e+01 3.7300e+02 4.3900e+02 9.0000e+00]","[1.2300e+02 8.3000e+01 7.4240e+03 1.4532e+04 2.0497e+04 1.8200e+02
 8.0000e+00 3.7911e+04 8.0000e+00 1.3000e+02 4.6500e+02 4.6000e+01]","[4.9700e+02 3.7000e+01 9.9900e+02 9.7200e+02 4.0125e+04 1.3200e+02
 1.0000e+00 2.5562e+04 1.5000e+01 3.4500e+02 3.1900e+02 4.9000e+01]","[6.2000e+01 9.5000e+01 4.1000e+03 2.7119e+04 1.6411e+04 1.9800e+02
 1.0000e+00 4.9180e+04 4.1000e+01 2.9000e+02 2.9500e+02 6.0000e+00]","[2.0200e+02 1.0100e+02 5.7570e+03 7.2790e+03 6.4080e+03 1.8900e+02
 2.0000e+00 3.8074e+04 4.9000e+01 6.3000e+01 2.4300e+02 4.4000e+01]","[2.8600e+02 4.1000e+01 3.9680e+03 2.8739e+04 4.5181e+04 1.6400e+02
 5.0000e+00 2.7788e+04 4.4000e+01 2.0700e+02 2.4400e+02 1.0000e+01]","[2.2900e+02 2.7000e+01 3.0550e+03 3.0047e+04 4.9383e+04 1.3900e+02
 1.0000e+00 3.9733e+04 2.4000e+01 3.4300e+02 6.0000e+01 4.1000e+01]","[1.5000e+02 1.1100e+02 1.7190e+03 3.3325e+04 2.6810e+03 1.6000e+02
 4.0000e+00 1.3723e+04 4.2000e+01 3.5700e+02 1.1500e+02 2.0000e+01]","[2.7700e+02 1.4400e+02 4.5630e+03 2.0670e+04 1.6939e+04 1.5600e+02
 9.0000e+00 4.7722e+04 4.0000e+01 7.9000e+01 3.0900e+02 4.1000e+01]","[2.8500e+02 9.9000e+01 7.7060e+03 1.9087e+04 2.0431e+04 1.3500e+02
 3.0000e+00 4.9069e+04 4.9000e+01 2.7200e+02 3.1900e+02 3.2000e+01]","[2.5800e+02 8.0000e+01 2.8330e+03 3.4195e+04 3.9679e+04 1.8400e+02
 9.0000e+00 3.0828e+04 2.2000e+01 1.1700e+02 3.5800e+02 4.3000e+01]","[4.3200e+02 2.2000e+01 7.0680e+03 1.7793e+04 2.9587e+04 1.8100e+02
 4.0000e+00 3.5510e+04 9.0000e+00 3.7300e+02 1.5000e+02 2.5000e+01]","[3.9800e+02 4.3000e+01 6.4180e+03 1.8457e+04 2.1900e+02 1.7800e+02
 5.0000e+00 4.5963e+04 9.0000e+00 3.4000e+01 2.1700e+02 4.5000e+01]","[3.0000e+00 1.0300e+02 2.2340e+03 3.6500e+03 2.9290e+04 1.2100e+02
 3.0000e+00 3.8165e+04 2.8000e+01 3.2200e+02 2.8300e+02 2.8000e+01]","[2.8600e+02 4.1000e+01 2.8430e+03 6.9800e+02 4.6696e+04 1.6300e+02
 6.0000e+00 1.9787e+04 4.5000e+01 2.6800e+02 1.8000e+02 3.0000e+01]","[3.7900e+02 3.5000e+01 2.1590e+03 3.6367e+04 3.4020e+04 1.2000e+02
 5.0000e+00 3.6243e+04 2.8000e+01 4.5100e+02 1.3000e+02 1.9000e+01]","[7.6000e+01 1.2900e+02 7.7300e+02 4.8665e+04 4.2504e+04 1.1900e+02
 9.0000e+00 3.2798e+04 2.4000e+01 1.5800e+02 4.0000e+02 6.0000e+00]","[2.2600e+02 1.0300e+02 4.2610e+03 3.5816e+04 3.0640e+03 1.8700e+02
 3.0000e+00 2.1532e+04 1.0000e+01 2.7100e+02 2.3800e+02 1.8000e+01]","[2.0200e+02 1.0100e+02 5.7570e+03 7.2790e+03 6.4080e+03 1.8900e+02
 2.0000e+00 3.8074e+04 4.9000e+01 6.3000e+01 2.4300e+02 4.4000e+01]","[1.7100e+02 3.8000e+01 3.6000e+03 1.2094e+04 5.2770e+03 1.4700e+02
 1.0000e+00 1.7579e+04 4.9000e+01 1.9800e+02 3.1000e+01 2.0000e+01]","[3.3200e+02 2.9000e+01 2.7500e+03 2.7359e+04 1.7433e+04 1.7800e+02
 4.0000e+00 3.8114e+04 4.9000e+01 2.1900e+02 1.6800e+02 1.9000e+01]","[8.0000e+00 1.2600e+02 4.5020e+03 2.1843e+04 1.6659e+04 1.4300e+02
 4.0000e+00 2.9787e+04 3.2000e+01 1.9300e+02 3.6700e+02 2.3000e+01]","[1.1600e+02 1.2000e+02 1.4300e+02 6.6780e+03 2.2388e+04 1.9300e+02
 8.0000e+00 5.7460e+03 3.3000e+01 3.8300e+02 4.5100e+02 4.5000e+01]","[2.9900e+02 5.0000e+01 4.5840e+03 1.0382e+04 5.3950e+03 1.9200e+02
 4.0000e+00 3.9960e+03 4.2000e+01 3.4400e+02 3.7900e+02 3.7000e+01]","[5.4000e+01 1.0800e+02 3.6220e+03 2.6409e+04 1.6229e+04 1.0900e+02
 4.0000e+00 3.3551e+04 2.0000e+01 9.5000e+01 6.2000e+01 3.6000e+01]","[4.1400e+02 1.0300e+02 3.8540e+03 5.2870e+03 3.7700e+04 9.4000e+01
 5.0000e+00 4.3725e+04 1.6000e+01 2.0300e+02 3.8900e+02 4.0000e+00]","[8.1000e+01 9.3000e+01 6.6200e+02 3.4160e+03 2.5052e+04 1.8300e+02
 3.0000e+00 4.4721e+04 1.1000e+01 7.7000e+01 1.9500e+02 8.0000e+00]","[1.0400e+02 3.9000e+01 6.1080e+03 1.4664e+04 2.3371e+04 7.5000e+01
 2.0000e+00 4.8906e+04 3.5000e+01 2.7800e+02 1.0600e+02 1.7000e+01]","[2.6500e+02 7.0000e+00 3.4300e+02 1.3638e+04 1.1153e+04 1.6400e+02
 6.0000e+00 4.7653e+04 4.9000e+01 4.4300e+02 2.4700e+02 5.0000e+01]","[8.7000e+01 1.0600e+02 1.9160e+03 1.1214e+04 4.3292e+04 1.7900e+02
 7.0000e+00 5.9560e+03 3.8000e+01 4.5800e+02 3.4600e+02 2.6000e+01]","[4.1600e+02 1.3600e+02 3.9600e+03 4.9221e+04 1.6195e+04 1.1100e+02
 6.0000e+00 4.9631e+04 3.0000e+01 1.1300e+02 2.6300e+02 2.7000e+01]","[1.0300e+02 1.1100e+02 2.2760e+03 4.3340e+03 2.2106e+04 1.8900e+02
 1.0000e+00 4.2680e+04 2.7000e+01 3.1000e+02 4.2600e+02 1.0000e+00]","[8.0000e+00 1.2600e+02 4.5020e+03 2.1843e+04 1.6659e+04 1.4300e+02
 4.0000e+00 2.9787e+04 3.2000e+01 1.9300e+02 3.6700e+02 2.3000e+01]","[3.3200e+02 8.1000e+01 2.0990e+03 3.1120e+03 3.7648e+04 1.9500e+02
 1.0000e+00 1.1543e+04 8.0000e+00 3.4600e+02 2.4000e+02 1.7000e+01]","[2.1900e+02 1.2500e+02 4.0790e+03 1.1661e+04 4.0759e+04 1.3400e+02
 5.0000e+00 4.4073e+04 1.0000e+01 4.2600e+02 2.4300e+02 2.5000e+01]","[3.4000e+02 1.3600e+02 4.2910e+03 2.7604e+04 1.7057e+04 1.5200e+02
 7.0000e+00 1.5367e+04 2.3000e+01 2.2000e+01 3.4200e+02 3.5000e+01]","[2.4600e+02 3.0000e+01 5.2680e+03 1.9022e+04 4.3838e+04 1.8400e+02
 2.0000e+00 4.0426e+04 3.6000e+01 5.2000e+01 4.4000e+01 3.7000e+01]","[5.5000e+01 8.9000e+01 2.7800e+02 4.4198e+04 5.5190e+03 1.9200e+02
 4.0000e+00 2.9553e+04 7.0000e+00 4.2700e+02 2.4400e+02 1.8000e+01]","[8.4000e+01 1.0400e+02 4.8830e+03 3.7484e+04 3.0580e+03 1.9700e+02
 9.0000e+00 1.3219e+04 4.5000e+01 1.4800e+02 4.1500e+02 2.9000e+01]","[1.8900e+02 2.1000e+01 1.9750e+03 3.3442e+04 7.4780e+03 1.8200e+02
 7.0000e+00 3.2427e+04 4.8000e+01 9.6000e+01 4.0700e+02 3.5000e+01]","[4.1100e+02 1.1300e+02 3.8970e+03 3.4650e+03 3.2754e+04 1.8700e+02
 3.0000e+00 3.4357e+04 1.9000e+01 3.7300e+02 4.3900e+02 9.0000e+00]","[2.5500e+02 1.2500e+02 4.8960e+03 4.4626e+04 2.5563e+04 1.8400e+02
 2.0000e+00 4.0972e+04 5.0000e+00 1.1100e+02 2.1200e+02 3.6000e+01]","[4.0600e+02 1.0500e+02 1.1710e+03 9.4720e+03 4.0192e+04 1.2600e+02
 3.0000e+00 1.5233e+04 3.0000e+01 2.7500e+02 1.5200e+02 3.3000e+01]","[2.5800e+02 8.0000e+01 2.8330e+03 3.4195e+04 3.9679e+04 1.8400e+02
 9.0000e+00 3.0828e+04 2.2000e+01 1.1700e+02 3.5800e+02 4.3000e+01]","[8.0000e+00 1.2600e+02 4.5020e+03 2.1843e+04 1.6659e+04 1.4300e+02
 4.0000e+00 2.9787e+04 3.2000e+01 1.9300e+02 3.6700e+02 2.3000e+01]","[2.8500e+02 6.7000e+01 7.4280e+03 1.6474e+04 4.8868e+04 1.2100e+02
 1.0000e+00 4.4266e+04 1.7000e+01 4.6100e+02 1.8800e+02 4.4000e+01]","[1.4700e+02 1.2000e+02 6.7850e+03 1.1983e+04 5.9380e+03 1.8800e+02
 1.0000e+01 2.7816e+04 3.0000e+01 1.0000e+01 4.9600e+02 2.4000e+01]","[3.4000e+02 1.3600e+02 4.2910e+03 2.7604e+04 1.7057e+04 1.5200e+02
 7.0000e+00 1.5367e+04 2.3000e+01 2.2000e+01 3.4200e+02 3.5000e+01]","[2.5000e+02 9.6000e+01 4.7080e+03 4.0355e+04 1.7300e+03 1.5400e+02
 4.0000e+00 4.3484e+04 3.4000e+01 4.9800e+02 2.2600e+02 1.1000e+01]","[3.7300e+02 1.3100e+02 5.2070e+03 2.2761e+04 1.7837e+04 1.2300e+02
 1.0000e+00 1.2992e+04 3.5000e+01 2.5800e+02 4.5000e+01 1.0000e+01]","[1.4100e+02 1.3300e+02 1.5990e+03 1.1998e+04 1.6272e+04 1.0700e+02
 5.0000e+00 4.3168e+04 8.0000e+00 2.6700e+02 1.9500e+02 2.3000e+01]","[6.1000e+01 2.2000e+01 2.0110e+03 2.2929e+04 2.6475e+04 1.5200e+02
 4.0000e+00 1.8947e+04 3.8000e+01 4.4500e+02 2.0000e+01 2.0000e+01]","[4.2900e+02 8.2000e+01 5.6890e+03 4.2642e+04 3.0107e+04 1.4800e+02
 6.0000e+00 5.0900e+02 3.0000e+01 4.6100e+02 2.6000e+02 3.7000e+01]","[4.6900e+02 4.0000e+01 3.0120e+03 2.7298e+04 4.8592e+04 1.5600e+02
 3.0000e+00 1.4754e+04 1.7000e+01 3.6600e+02 4.2000e+02 1.9000e+01]","[1.9000e+01 1.3000e+01 1.3900e+02 1.0223e+04 3.0496e+04 1.9800e+02
 7.0000e+00 2.8420e+03 1.0000e+01 4.7100e+02 3.1400e+02 5.0000e+01]","[3.8300e+02 7.1000e+01 2.7080e+03 2.6188e+04 2.5633e+04 1.7300e+02
 3.0000e+00 3.3493e+04 4.7000e+01 2.0000e+01 4.5000e+02 3.2000e+01]","[1.5300e+02 3.5000e+01 9.0900e+02 4.0340e+03 4.8060e+03 1.4500e+02
 3.0000e+00 1.2172e+04 3.6000e+01 1.1400e+02 2.3300e+02 2.9000e+01]","[2.8400e+02 4.4000e+01 3.5390e+03 7.7160e+03 3.0936e+04 1.5100e+02
 5.0000e+00 4.6648e+04 4.2000e+01 1.1300e+02 7.7000e+01 2.0000e+01]","[4.9800e+02 1.4000e+01 2.5610e+03 2.1110e+03 4.9889e+04 1.5100e+02
 5.0000e+00 4.1339e+04 4.8000e+01 4.3600e+02 4.4000e+01 1.8000e+01]","[3.3000e+01 1.2200e+02 2.1520e+03 3.0396e+04 3.3113e+04 1.6100e+02
 1.0000e+01 3.7799e+04 3.5000e+01 4.9900e+02 3.1700e+02 3.8000e+01]","[3.3800e+02 1.3700e+02 4.4280e+03 7.8850e+03 1.5572e+04 4.4000e+01
 1.0000e+00 1.3169e+04 4.0000e+01 2.8000e+02 3.6000e+02 2.6000e+01]","[7.9000e+01 9.8000e+01 2.4370e+03 2.7210e+03 1.9038e+04 1.7000e+02
 9.0000e+00 3.6611e+04 4.7000e+01 3.0000e+00 8.9000e+01 4.6000e+01]","[3.7500e+02 4.5000e+01 4.0760e+03 4.4877e+04 3.8557e+04 1.2100e+02
 4.0000e+00 3.8612e+04 4.0000e+00 1.4700e+02 4.5000e+01 2.6000e+01]","[3.7900e+02 1.9000e+01 2.8750e+03 1.7453e+04 3.6386e+04 1.5400e+02
 2.0000e+00 1.3710e+04 1.5000e+01 9.0000e+01 2.4000e+02 1.9000e+01]","[2.9700e+02 1.2000e+01 4.2290e+03 3.8831e+04 1.1462e+04 1.6400e+02
 9.0000e+00 1.5320e+04 4.8000e+01 4.8500e+02 3.6500e+02 5.0000e+01]","[2.2500e+02 2.2000e+01 1.5220e+03 1.0780e+03 3.7950e+03 1.5600e+02
 1.0000e+00 1.6311e+04 8.0000e+00 1.7000e+02 3.9000e+02 4.8000e+01]","[4.7800e+02 1.4300e+02 2.5970e+03 3.8119e+04 1.5249e+04 1.0700e+02
 1.0000e+00 1.3980e+04 3.9000e+01 1.8200e+02 1.9100e+02 4.4000e+01]","[3.8100e+02 5.9000e+01 7.8420e+03 3.5014e+04 6.8980e+03 1.1300e+02
 4.0000e+00 1.9776e+04 2.4000e+01 3.2200e+02 4.6000e+01 4.3000e+01]","[9.6000e+01 8.8000e+01 5.0000e+03 4.5190e+03 3.5170e+03 1.3400e+02
 9.0000e+00 3.8273e+04 3.7000e+01 4.2800e+02 5.3000e+01 3.0000e+01]","[1.3100e+02 1.4000e+01 7.7630e+03 5.5810e+03 2.5506e+04 1.5700e+02
 2.0000e+00 5.4320e+03 5.0000e+00 4.4600e+02 1.9100e+02 3.7000e+01]","[1.2500e+02 9.6000e+01 5.6980e+03 2.0691e+04 4.6970e+03 1.0200e+02
 4.0000e+00 3.9206e+04 2.1000e+01 2.2800e+02 4.4000e+01 1.5000e+01]","[3.2900e+02 8.9000e+01 8.3000e+02 3.1754e+04 5.1960e+03 1.5100e+02
 2.0000e+00 4.2591e+04 2.0000e+01 3.5900e+02 2.7800e+02 2.5000e+01]","[3.1100e+02 1.2400e+02 2.1060e+03 3.9533e+04 1.1794e+04 7.1000e+01
 6.0000e+00 4.8545e+04 4.5000e+01 1.8400e+02 2.3900e+02 4.9000e+01]","[2.1900e+02 1.2500e+02 4.0790e+03 1.1661e+04 4.0759e+04 1.3400e+02
 5.0000e+00 4.4073e+04 1.0000e+01 4.2600e+02 2.4300e+02 2.5000e+01]","[4.1500e+02 2.1000e+01 4.5670e+03 4.3472e+04 3.2561e+04 1.8400e+02
 7.0000e+00 2.3950e+03 5.0000e+01 2.7700e+02 1.2000e+01 3.1000e+01]","[8.4000e+01 1.0400e+02 4.8830e+03 3.7484e+04 3.0580e+03 1.9700e+02
 9.0000e+00 1.3219e+04 4.5000e+01 1.4800e+02 4.1500e+02 2.9000e+01]","[3.6600e+02 3.0000e+01 1.3170e+03 3.0310e+03 3.3895e+04 1.7600e+02
 5.0000e+00 1.2943e+04 4.3000e+01 1.1100e+02 4.0800e+02 2.0000e+01]","[4.9800e+02 1.4000e+01 2.5610e+03 2.1110e+03 4.9889e+04 1.5100e+02
 5.0000e+00 4.1339e+04 4.8000e+01 4.3600e+02 4.4000e+01 1.8000e+01]","[5.1000e+01 1.4000e+02 2.8870e+03 1.6593e+04 1.4430e+03 1.3100e+02
 4.0000e+00 4.5916e+04 1.2000e+01 4.4600e+02 2.2600e+02 4.1000e+01]","[3.3000e+01 1.2200e+02 2.1520e+03 3.0396e+04 3.3113e+04 1.6100e+02
 1.0000e+01 3.7799e+04 3.5000e+01 4.9900e+02 3.1700e+02 3.8000e+01]","[6.1000e+01 4.6000e+01 9.8500e+02 1.6988e+04 2.3320e+03 1.9400e+02
 6.0000e+00 1.9284e+04 1.2000e+01 6.8000e+01 2.5100e+02 3.0000e+01]","[2.1100e+02 4.7000e+01 5.7690e+03 4.4921e+04 1.0841e+04 1.4800e+02
 5.0000e+00 3.8066e+04 1.1000e+01 3.7300e+02 9.7000e+01 2.5000e+01]","[2.1900e+02 1.2500e+02 4.0790e+03 1.1661e+04 4.0759e+04 1.3400e+02
 5.0000e+00 4.4073e+04 1.0000e+01 4.2600e+02 2.4300e+02 2.5000e+01]","[7.8000e+01 2.0000e+00 3.7970e+03 1.8583e+04 5.6550e+03 1.8300e+02
 3.0000e+00 1.1485e+04 3.6000e+01 4.3300e+02 4.3600e+02 6.0000e+00]","[6.6000e+01 1.4600e+02 3.4960e+03 2.5948e+04 3.0248e+04 1.9600e+02
 4.0000e+00 6.9230e+03 2.0000e+00 2.4700e+02 3.8200e+02 3.4000e+01]","[4.9800e+02 4.6000e+01 4.5900e+03 4.0643e+04 3.4708e+04 1.9900e+02
 5.0000e+00 9.7510e+03 1.4000e+01 2.9600e+02 1.8400e+02 2.8000e+01]","[4.6200e+02 1.6000e+01 4.5970e+03 2.8239e+04 1.1580e+04 1.8100e+02
 3.0000e+00 3.8524e+04 4.3000e+01 1.2900e+02 4.3200e+02 1.3000e+01]","[4.0900e+02 5.0000e+00 8.4400e+02 4.1370e+04 2.6277e+04 1.5600e+02
 9.0000e+00 4.9051e+04 3.1000e+01 1.2700e+02 2.6800e+02 1.5000e+01]","[2.8000e+01 4.5000e+01 1.3000e+03 4.1490e+03 3.9994e+04 1.3300e+02
 5.0000e+00 3.5744e+04 1.9000e+01 2.4500e+02 4.6000e+02 4.0000e+01]","[4.020e+02 7.800e+01 4.129e+03 7.521e+03 4.182e+04 1.170e+02 4.000e+00
 3.944e+04 3.300e+01 4.200e+02 1.850e+02 3.500e+01]","[4.6800e+02 6.0000e+00 5.4080e+03 2.8133e+04 6.8700e+03 1.3800e+02
 5.0000e+00 2.5092e+04 4.2000e+01 5.2000e+01 2.6700e+02 4.0000e+00]","[3.9500e+02 1.8000e+01 1.3350e+03 2.4014e+04 7.7300e+03 1.7300e+02
 7.0000e+00 3.9265e+04 2.7000e+01 1.4200e+02 2.9900e+02 5.0000e+00]","[3.5800e+02 4.8000e+01 4.1370e+03 1.2090e+03 7.3220e+03 1.6700e+02
 6.0000e+00 2.4448e+04 2.6000e+01 2.4500e+02 2.3700e+02 3.0000e+01]","[1.8600e+02 4.3000e+01 2.6450e+03 1.9033e+04 3.8984e+04 1.3800e+02
 3.0000e+00 4.2161e+04 4.5000e+01 4.0400e+02 1.7200e+02 3.7000e+01]",[ 240.   19. 1937. 6172. 6206.  157.    7. 5298.   33.   17.  345.   45.],"[3.1700e+02 4.0000e+01 1.8450e+03 3.9900e+03 1.7892e+04 1.9400e+02
 5.0000e+00 3.4801e+04 7.0000e+00 9.9000e+01 3.1900e+02 2.1000e+01]","[4.7600e+02 4.7000e+01 1.4250e+03 4.3784e+04 4.1218e+04 1.4600e+02
 7.0000e+00 3.5512e+04 3.2000e+01 1.6100e+02 3.6500e+02 4.1000e+01]","[4.3200e+02 2.2000e+01 8.0600e+02 2.0632e+04 2.5940e+03 1.8200e+02
 1.0000e+01 2.8201e+04 1.8000e+01 1.7700e+02 3.9200e+02 6.0000e+00]","[3.6100e+02 2.6000e+01 4.1590e+03 2.6425e+04 1.2798e+04 2.0000e+02
 9.0000e+00 3.5157e+04 2.1000e+01 1.0700e+02 2.1400e+02 2.7000e+01]","[6.7000e+01 4.2000e+01 6.1620e+03 1.2308e+04 2.4398e+04 1.9200e+02
 9.0000e+00 3.8961e+04 2.7000e+01 3.2800e+02 3.2600e+02 3.1000e+01]","[5.1000e+01 1.4200e+02 4.7620e+03 2.6439e+04 9.1390e+03 1.9100e+02
 7.0000e+00 3.2930e+04 4.0000e+00 8.0000e+00 2.3000e+02 1.0000e+01]","[1.3000e+02 1.1500e+02 4.0070e+03 1.2345e+04 2.0163e+04 1.7200e+02
 9.0000e+00 3.7279e+04 2.4000e+01 4.9200e+02 3.1400e+02 3.0000e+00]","[3.8500e+02 8.8000e+01 2.8200e+03 4.0512e+04 2.9306e+04 7.9000e+01
 1.0000e+00 9.3400e+03 4.2000e+01 2.0900e+02 2.4700e+02 1.9000e+01]","[2.0900e+02 8.4000e+01 3.0890e+03 4.9816e+04 1.5330e+03 1.4000e+02
 1.0000e+01 2.1225e+04 5.0000e+00 1.9900e+02 5.4000e+01 8.0000e+00]","[1.2000e+02 5.0000e+00 1.7900e+02 4.9892e+04 9.6360e+03 1.5600e+02
 4.0000e+00 2.0075e+04 8.0000e+00 3.6700e+02 2.0800e+02 1.4000e+01]","[2.1000e+02 1.2100e+02 7.4960e+03 1.0701e+04 2.4804e+04 1.5800e+02
 5.0000e+00 1.2653e+04 4.8000e+01 3.3500e+02 4.2100e+02 3.0000e+01]","[1.9900e+02 1.1000e+01 5.7010e+03 1.2365e+04 1.2377e+04 1.1400e+02
 3.0000e+00 1.6131e+04 2.3000e+01 3.0400e+02 4.2300e+02 1.4000e+01]","[3.2400e+02 2.2000e+01 3.4860e+03 5.0720e+03 1.1944e+04 1.7400e+02
 4.0000e+00 2.9512e+04 1.4000e+01 3.3200e+02 1.2000e+01 4.6000e+01]","[3.2600e+02 5.5000e+01 2.7160e+03 3.6991e+04 4.8370e+03 1.8800e+02
 5.0000e+00 9.3360e+03 4.1000e+01 3.3100e+02 4.0900e+02 7.0000e+00]","[5.1000e+01 1.4200e+02 4.7620e+03 2.6439e+04 9.1390e+03 1.9100e+02
 7.0000e+00 3.2930e+04 4.0000e+00 8.0000e+00 2.3000e+02 1.0000e+01]","[4.6600e+02 3.6000e+01 5.3220e+03 2.2093e+04 1.0328e+04 1.9500e+02
 1.0000e+00 4.8379e+04 9.0000e+00 8.4000e+01 4.4600e+02 3.4000e+01]","[4.6000e+01 1.3800e+02 7.1270e+03 4.4359e+04 3.2122e+04 1.8300e+02
 6.0000e+00 2.8624e+04 1.8000e+01 2.0000e+00 4.0900e+02 2.9000e+01]","[3.1400e+02 2.7000e+01 7.4070e+03 4.3798e+04 5.7800e+02 1.5400e+02
 7.0000e+00 9.1640e+03 2.1000e+01 3.9000e+01 1.2600e+02 2.1000e+01]","[4.2800e+02 3.7000e+01 1.2110e+03 3.7026e+04 3.0391e+04 1.2000e+02
 1.0000e+00 5.9230e+03 4.0000e+00 2.1200e+02 2.2600e+02 3.1000e+01]","[3.4500e+02 7.0000e+00 4.6690e+03 1.4061e+04 3.0898e+04 1.4300e+02
 3.0000e+00 1.2115e+04 8.0000e+00 3.0200e+02 1.9700e+02 2.3000e+01]","[4.3000e+02 1.3100e+02 3.1120e+03 1.1869e+04 1.0560e+03 1.7800e+02
 9.0000e+00 3.0576e+04 2.8000e+01 2.3300e+02 3.4900e+02 3.5000e+01]","[1.0000e+01 1.1100e+02 5.2740e+03 4.0920e+04 3.4612e+04 1.5100e+02
 4.0000e+00 1.0530e+04 4.4000e+01 2.7000e+01 3.7200e+02 1.3000e+01]","[4.6100e+02 5.8000e+01 2.0790e+03 4.9095e+04 4.0025e+04 1.9800e+02
 5.0000e+00 4.0364e+04 3.1000e+01 2.2700e+02 1.7600e+02 1.1000e+01]","[4.9700e+02 2.9000e+01 1.2380e+03 1.3892e+04 3.2200e+02 1.9400e+02
 6.0000e+00 4.3404e+04 2.4000e+01 4.5900e+02 3.9600e+02 4.7000e+01]","[3.7300e+02 1.3100e+02 5.2070e+03 2.2761e+04 1.7837e+04 1.2300e+02
 1.0000e+00 1.2992e+04 3.5000e+01 2.5800e+02 4.5000e+01 1.0000e+01]","[6.2000e+01 9.5000e+01 4.1000e+03 2.7119e+04 1.6411e+04 1.9800e+02
 1.0000e+00 4.9180e+04 4.1000e+01 2.9000e+02 2.9500e+02 6.0000e+00]","[2.2900e+02 2.7000e+01 3.0550e+03 3.0047e+04 4.9383e+04 1.3900e+02
 1.0000e+00 3.9733e+04 2.4000e+01 3.4300e+02 6.0000e+01 4.1000e+01]","[2.2600e+02 1.0300e+02 4.2610e+03 3.5816e+04 3.0640e+03 1.8700e+02
 3.0000e+00 2.1532e+04 1.0000e+01 2.7100e+02 2.3800e+02 1.8000e+01]","[4.1100e+02 1.1300e+02 3.8970e+03 3.4650e+03 3.2754e+04 1.8700e+02
 3.0000e+00 3.4357e+04 1.9000e+01 3.7300e+02 4.3900e+02 9.0000e+00]","[3.0000e+02 9.5000e+01 1.3040e+03 2.2627e+04 3.4239e+04 1.4900e+02
 7.0000e+00 1.2594e+04 1.0000e+00 3.0800e+02 3.6700e+02 2.1000e+01]","[1.9600e+02 5.0000e+00 2.3060e+03 2.4349e+04 2.6398e+04 1.8300e+02
 1.0000e+00 3.9460e+04 3.2000e+01 2.6300e+02 1.9900e+02 7.0000e+00]","[3.7800e+02 7.5000e+01 6.4090e+03 1.1220e+04 1.2842e+04 1.4800e+02
 5.0000e+00 3.3800e+03 1.4000e+01 2.4400e+02 4.5000e+01 3.8000e+01]","[3.1700e+02 4.4000e+01 2.3910e+03 7.9810e+03 2.4588e+04 1.5900e+02
 3.0000e+00 6.6020e+03 4.1000e+01 2.3000e+01 1.3100e+02 1.5000e+01]","[4.1100e+02 4.7000e+01 2.7350e+03 1.7367e+04 1.3371e+04 1.3100e+02
 1.0000e+00 2.1421e+04 2.6000e+01 3.2200e+02 3.4900e+02 1.1000e+01]","[2.5600e+02 2.2000e+01 1.7030e+03 1.9579e+04 3.9245e+04 1.1700e+02
 8.0000e+00 6.2860e+03 3.3000e+01 2.3800e+02 3.7800e+02 3.5000e+01]","[8.1000e+01 9.3000e+01 6.6200e+02 3.4160e+03 2.5052e+04 1.8300e+02
 3.0000e+00 4.4721e+04 1.1000e+01 7.7000e+01 1.9500e+02 8.0000e+00]","[4.6800e+02 4.4000e+01 2.6690e+03 2.6902e+04 2.1543e+04 1.4000e+02
 2.0000e+00 8.2220e+03 4.5000e+01 2.7800e+02 1.2100e+02 1.7000e+01]",[ 162.  142. 3627. 2346. 2150.  116.    8. 7568.   31.  247.  122.   24.],"[2.2600e+02 1.0300e+02 4.2610e+03 3.5816e+04 3.0640e+03 1.8700e+02
 3.0000e+00 2.1532e+04 1.0000e+01 2.7100e+02 2.3800e+02 1.8000e+01]","[6.0000e+00 3.5000e+01 2.6640e+03 4.9244e+04 4.4505e+04 1.8500e+02
 3.0000e+00 4.1642e+04 1.0000e+01 1.9300e+02 3.0000e+01 2.9000e+01]","[3.3000e+02 4.7000e+01 7.0550e+03 1.5876e+04 2.0470e+03 1.6900e+02
 2.0000e+00 3.0083e+04 8.0000e+00 1.3800e+02 2.7200e+02 1.7000e+01]","[4.0300e+02 1.1900e+02 4.9190e+03 1.8290e+03 4.5204e+04 1.9600e+02
 4.0000e+00 2.8960e+04 3.4000e+01 4.8200e+02 1.3800e+02 9.0000e+00]","[2.2000e+02 1.1000e+01 2.0520e+03 4.5919e+04 4.3975e+04 1.8100e+02
 7.0000e+00 1.1700e+04 2.9000e+01 3.7500e+02 2.6900e+02 2.6000e+01]","[2.8000e+02 8.4000e+01 7.1890e+03 2.1083e+04 2.8017e+04 1.7300e+02
 2.0000e+00 4.6911e+04 2.9000e+01 1.1800e+02 1.9600e+02 4.5000e+01]","[4.0400e+02 1.9000e+01 1.6620e+03 3.0281e+04 2.5639e+04 1.5300e+02
 8.0000e+00 5.6720e+03 3.0000e+00 2.9600e+02 2.9300e+02 3.7000e+01]","[1.7700e+02 5.0000e+01 2.7540e+03 3.4276e+04 9.9780e+03 1.8200e+02
 5.0000e+00 3.3074e+04 3.9000e+01 2.5600e+02 1.1300e+02 1.9000e+01]","[3.9200e+02 2.2000e+01 9.3200e+02 1.8702e+04 1.5416e+04 1.5300e+02
 9.0000e+00 4.4215e+04 4.5000e+01 1.5100e+02 6.7000e+01 4.5000e+01]"
-1245.8,-1155.5,-1144.2,-1194.9,-1166.9,-1114.7,-1161.4,-1068.5,-1163.9,-1098.9,-1181.1,-1101.6,-1049.3,-1253.1,-1137.4,-1253.1,-1249.8,-1213.2,-1119.2,-1081.4,-1190.9,-1139.0,-965.4,-1222.9,-972.2,-1194.2,-1089.9,-1197.9,-1206.6,-1159.6,-1162.0,-1173.0,-1162.7,-1029.0,-1239.6,-1271.1,-1165.1,-1192.0,-1137.8,-1172.1,-1222.9,-1248.4,-1140.9,-1242.2,-1224.4,-1240.8,-1140.9,-1000.0,-1201.9,-1253.1,-1182.0,-1141.6,-1222.9,-1280.9,-1212.3,-1212.0,-1281.7,-1142.6,-1182.7,-1187.2,-1257.2,-1239.5,-1165.6,-1221.7,-1247.5,-1105.6,-1198.9,-1186.7,-1171.1,-1102.0,-1192.0,-1165.0,-1233.5,-1171.1,-1067.1,-1199.6,-1248.4,-1091.2,-1140.4,-1253.1,-1140.9,-1176.6,-1029.3,-1268.9,-1260.6,-1182.7,-1146.0,-1242.2,-1136.0,-1271.1,-1029.3,-1201.9,-1239.5,-1123.3,-1280.6,-1165.6,-1192.7,-1192.0,-1006.3,-1198.3,-1183.7,-1186.7,-1116.7,-1160.0,-1239.6,-1233.8,-1141.6,-1205.0,-1121.3,-1170.1,-1140.9,-1182.7,-1257.2,-1000.0,-1205.0,-1182.6,-1227.3,-1121.8,-1096.0,-1016.2,-1152.1,-1222.0,-1240.8,-1152.1,-1171.1,-1234.4,-1169.7,-1116.3,-1002.0,-1130.8,-1223.5,-1167.7,-1139.0,-1162.1,-1242.2,-1165.5,-1045.6,-1216.2,-1127.5,-1240.8,-1206.6,-1122.8,-1156.7,-1074.8,-1223.5,-1271.1,-1195.6,-1280.9,-1158.7,-1109.5,-1140.9,-1121.8,-1172.6,-1147.3,-1052.6,-1142.5,-1281.7,-1057.1,-1280.9,-1232.7,-1213.2,-1139.5,-1108.2,-1151.8,-1166.5,-1199.9,-1169.7,-1248.4,-1242.1,-1045.6,-1280.9,-1253.0,-1183.0,-1139.5,-1176.6,-1231.5,-1105.6,-1102.3,-1124.0,-1142.9,-1141.6,-1222.0,-1217.6,-1183.4,-1184.7,-1101.6,-1200.5,-1122.1,-1200.0,-1201.9,-1233.7,-1250.0,-1102.9,-1220.7,-1109.9,-1086.7,-1169.3,-1120.4,-1099.0,-1213.2,-1216.5,-1166.5,-1192.7,-1184.7,-1085.2,-1101.6,-1285.0,-1110.4,-1213.2,-1085.5,-1178.7,-1181.2,-1168.6,-1166.6,-1129.3,-1249.8,-1159.6,-1095.4,-1261.8,-1175.9,-1222.5,-1172.1,-1057.3,-1317.7,-1111.9,-1134.2,-1114.2,-1087.1,-1121.1,-1264.2,-1285.5,-1105.7,-1176.7,-1270.2,-1046.6,-1114.2,-1094.8,-1197.3,-1202.8,-1171.8,-1229.0,-1171.1,-1225.9,-1052.2,-1076.4,-1231.5,-1130.8,-1139.0,-1074.8,-1169.7,-1198.5,-1227.3,-999.5,-1150.0,-1016.2,-1187.2,-1172.6,-1122.6,-1065.5,-1074.8,-1245.8,-1132.2,-1166.2,-1229.4,-1253.1,-1123.1,-1205.0,-1122.0
200
