1,2,3,4,5,6,7,8,9,10,11,12,13,14,15,16,17,18,19,20,21,22,23,24,25,26,27,28,29,30,31,32,33,34,35,36,37,38,39,40,41,42,43,44,45,46,47,48,49,50,51,52,53,54,55,56,57,58,59,60,61,62,63,64,65,66,67,68,69,70,71,72,73,74,75,76,77,78,79,80,81,82,83,84,85,86,87,88,89,90,91,92,93,94,95,96,97,98,99,100,101,102,103,104,105,106,107,108,109,110,111,112,113,114,115,116,117,118,119,120,121,122,123,124,125,126,127,128,129,130,131,132,133,134,135,136,137,138,139,140,141,142,143,144,145,146,147,148,149,150,151,152,153,154,155,156,157,158,159,160,161,162,163,164,165,166,167,168,169,170,171,172,173,174,175,176,177,178,179,180,181,182,183,184,185,186,187,188,189,190,191,192,193,194,195,196,197,198,199,200,201,202,203,204
"[1. 1. 0. 1. 1. 1. 0. 0. 0. 1. 0. 1. 0. 1. 0. 1. 1. 0. 0. 1. 0. 0. 0. 0.
 1. 1. 0. 0. 1. 0. 0. 1. 0. 0. 1. 0. 0. 1. 0. 0. 1.]","[1. 1. 0. 0. 1. 0. 0. 0. 1. 1. 0. 1. 0. 0. 0. 1. 1. 0. 0. 1. 0. 0. 1. 0.
 0. 1. 0. 0. 0. 1. 0. 1. 0. 0. 1. 0. 0. 1. 0. 0. 1.]","[1. 0. 1. 0. 1. 0. 0. 0. 1. 1. 0. 0. 1. 0. 0. 1. 0. 0. 1. 1. 0. 0. 1. 0.
 0. 1. 0. 0. 1. 0. 0. 1. 0. 0. 0. 0. 1. 1. 0. 0. 1.]","[1. 1. 0. 0. 1. 0. 0. 1. 0. 1. 0. 0. 1. 1. 0. 1. 0. 0. 1. 1. 0. 0. 0. 0.
 1. 1. 0. 0. 1. 0. 0. 1. 0. 0. 1. 0. 0. 1. 0. 0. 1.]","[1. 0. 1. 0. 1. 1. 0. 0. 0. 1. 0. 1. 0. 0. 0. 1. 0. 0. 1. 1. 1. 0. 0. 0.
 0. 1. 0. 0. 0. 0. 1. 1. 0. 0. 0. 1. 0. 1. 0. 0. 1.]","[1. 0. 1. 1. 1. 1. 0. 0. 0. 1. 0. 0. 1. 0. 0. 1. 0. 1. 0. 1. 0. 0. 1. 0.
 0. 1. 0. 0. 0. 1. 0. 1. 0. 1. 0. 0. 0. 1. 0. 1. 0.]","[1. 1. 0. 0. 1. 0. 0. 1. 0. 1. 1. 0. 0. 1. 1. 1. 1. 0. 0. 1. 0. 0. 0. 1.
 0. 1. 0. 0. 0. 0. 1. 1. 0. 1. 0. 0. 0. 1. 0. 0. 1.]","[1. 1. 0. 0. 1. 0. 1. 0. 0. 1. 0. 1. 0. 0. 0. 1. 0. 0. 1. 1. 0. 1. 0. 0.
 0. 1. 0. 0. 0. 0. 1. 1. 0. 0. 1. 0. 0. 1. 0. 1. 0.]","[1. 1. 0. 1. 1. 1. 0. 0. 0. 1. 0. 0. 1. 1. 1. 1. 0. 0. 1. 1. 0. 1. 0. 0.
 0. 1. 0. 0. 0. 1. 0. 1. 0. 0. 1. 0. 0. 1. 0. 1. 0.]","[1. 1. 0. 0. 1. 0. 0. 0. 1. 1. 0. 0. 1. 0. 1. 1. 0. 0. 1. 1. 0. 0. 1. 0.
 0. 1. 0. 0. 0. 0. 1. 1. 1. 0. 0. 0. 0. 1. 1. 0. 0.]","[1. 0. 1. 0. 1. 0. 1. 0. 0. 1. 0. 1. 0. 0. 0. 1. 0. 1. 0. 1. 1. 0. 0. 0.
 0. 1. 1. 0. 0. 0. 0. 1. 0. 1. 0. 0. 0. 1. 0. 0. 1.]","[1. 1. 0. 1. 1. 1. 0. 0. 0. 1. 0. 1. 0. 0. 0. 1. 1. 0. 0. 1. 1. 0. 0. 0.
 0. 1. 1. 0. 0. 0. 0. 1. 0. 1. 0. 0. 0. 1. 0. 0. 1.]","[1. 1. 0. 0. 1. 1. 0. 0. 0. 1. 1. 0. 0. 0. 1. 1. 0. 1. 0. 1. 1. 0. 0. 0.
 0. 1. 0. 1. 0. 0. 0. 1. 1. 0. 0. 0. 0. 1. 0. 0. 1.]","[1. 0. 1. 0. 1. 0. 1. 0. 0. 1. 1. 0. 0. 0. 1. 1. 0. 0. 1. 1. 0. 1. 0. 0.
 0. 1. 0. 0. 0. 0. 1. 1. 0. 0. 0. 1. 0. 1. 0. 0. 1.]","[1. 0. 1. 1. 1. 0. 0. 1. 0. 1. 1. 0. 0. 0. 1. 1. 1. 0. 0. 1. 0. 1. 0. 0.
 0. 1. 1. 0. 0. 0. 0. 1. 0. 1. 0. 0. 0. 1. 1. 0. 0.]","[1. 0. 1. 1. 1. 0. 0. 0. 1. 1. 0. 1. 0. 0. 0. 1. 0. 0. 1. 1. 1. 0. 0. 0.
 0. 1. 0. 1. 0. 0. 0. 1. 0. 0. 1. 0. 0. 1. 1. 0. 0.]","[1. 1. 0. 1. 1. 0. 0. 1. 0. 1. 1. 0. 0. 0. 1. 1. 1. 0. 0. 1. 0. 1. 0. 0.
 0. 1. 0. 1. 0. 0. 0. 1. 0. 0. 0. 0. 1. 1. 0. 0. 1.]","[1. 0. 1. 1. 1. 0. 0. 0. 1. 1. 1. 0. 0. 0. 1. 1. 1. 0. 0. 1. 0. 0. 0. 1.
 0. 1. 0. 0. 0. 0. 1. 1. 1. 0. 0. 0. 0. 1. 0. 1. 0.]","[1. 0. 1. 0. 1. 1. 0. 0. 0. 1. 0. 0. 1. 0. 1. 1. 1. 0. 0. 1. 1. 0. 0. 0.
 0. 1. 0. 0. 0. 1. 0. 1. 1. 0. 0. 0. 0. 1. 0. 1. 0.]","[1. 0. 1. 0. 1. 0. 0. 0. 1. 1. 0. 0. 1. 0. 1. 1. 0. 0. 1. 1. 0. 1. 0. 0.
 0. 1. 0. 1. 0. 0. 0. 1. 0. 0. 0. 1. 0. 1. 0. 0. 1.]","[1. 1. 0. 0. 1. 0. 1. 0. 0. 1. 1. 0. 0. 0. 1. 1. 0. 0. 1. 1. 1. 0. 0. 0.
 0. 1. 0. 0. 1. 0. 0. 1. 0. 1. 0. 0. 0. 1. 1. 0. 0.]","[1. 0. 1. 0. 1. 0. 1. 0. 0. 1. 1. 0. 0. 0. 0. 1. 1. 0. 0. 1. 1. 0. 0. 0.
 0. 1. 1. 0. 0. 0. 0. 1. 1. 0. 0. 0. 0. 1. 0. 0. 1.]","[1. 0. 1. 0. 1. 1. 0. 0. 0. 1. 0. 0. 1. 0. 0. 1. 0. 0. 1. 1. 0. 0. 0. 1.
 0. 1. 0. 0. 1. 0. 0. 1. 0. 1. 0. 0. 0. 1. 0. 1. 0.]","[1. 0. 1. 0. 1. 0. 0. 0. 1. 1. 1. 0. 0. 0. 1. 1. 0. 1. 0. 1. 0. 1. 0. 0.
 0. 1. 0. 0. 0. 1. 0. 1. 1. 0. 0. 0. 0. 1. 1. 0. 0.]","[1. 0. 1. 0. 1. 1. 0. 0. 0. 1. 0. 0. 1. 0. 0. 1. 0. 0. 1. 1. 0. 0. 1. 0.
 0. 1. 1. 0. 0. 0. 0. 1. 0. 0. 0. 0. 1. 1. 0. 1. 0.]","[1. 0. 1. 0. 1. 1. 0. 0. 0. 1. 1. 0. 0. 0. 0. 1. 1. 0. 0. 1. 0. 1. 0. 0.
 0. 1. 0. 1. 0. 0. 0. 1. 1. 0. 0. 0. 0. 1. 0. 0. 1.]","[1. 0. 1. 0. 1. 0. 1. 0. 0. 1. 1. 0. 0. 0. 0. 1. 0. 0. 1. 1. 0. 1. 0. 0.
 0. 1. 1. 0. 0. 0. 0. 1. 1. 0. 0. 0. 0. 1. 0. 0. 1.]","[1. 0. 1. 1. 1. 1. 0. 0. 0. 1. 1. 0. 0. 0. 1. 1. 0. 0. 1. 1. 1. 0. 0. 0.
 0. 1. 1. 0. 0. 0. 0. 1. 1. 0. 0. 0. 0. 1. 0. 0. 1.]","[1. 1. 0. 1. 1. 1. 0. 0. 0. 1. 0. 1. 0. 1. 0. 1. 1. 0. 0. 1. 1. 0. 0. 0.
 0. 1. 0. 1. 0. 0. 0. 1. 1. 0. 0. 0. 0. 1. 0. 1. 0.]","[1. 0. 1. 1. 1. 1. 0. 0. 0. 1. 1. 0. 0. 0. 0. 1. 0. 0. 1. 1. 0. 0. 0. 0.
 1. 1. 1. 0. 0. 0. 0. 1. 0. 0. 0. 0. 1. 1. 0. 0. 1.]","[1. 0. 1. 0. 1. 0. 1. 0. 0. 1. 0. 1. 0. 0. 1. 1. 0. 0. 1. 1. 0. 1. 0. 0.
 0. 1. 0. 1. 0. 0. 0. 1. 0. 0. 1. 0. 0. 1. 0. 0. 1.]","[1. 0. 1. 1. 1. 0. 1. 0. 0. 1. 1. 0. 0. 0. 0. 1. 0. 1. 0. 1. 1. 0. 0. 0.
 0. 1. 0. 1. 0. 0. 0. 1. 0. 1. 0. 0. 0. 1. 0. 0. 1.]","[1. 0. 1. 1. 1. 1. 0. 0. 0. 1. 1. 0. 0. 0. 1. 1. 0. 1. 0. 1. 0. 1. 0. 0.
 0. 1. 0. 0. 1. 0. 0. 1. 1. 0. 0. 0. 0. 1. 0. 0. 1.]","[1. 0. 1. 0. 1. 1. 0. 0. 0. 1. 0. 1. 0. 0. 0. 1. 0. 1. 0. 1. 1. 0. 0. 0.
 0. 1. 0. 0. 1. 0. 0. 1. 0. 0. 0. 1. 0. 1. 1. 0. 0.]","[1. 0. 1. 0. 1. 1. 0. 0. 0. 1. 1. 0. 0. 0. 0. 1. 0. 1. 0. 1. 0. 1. 0. 0.
 0. 1. 1. 0. 0. 0. 0. 1. 0. 1. 0. 0. 0. 1. 0. 0. 1.]","[1. 0. 1. 1. 1. 1. 0. 0. 0. 1. 0. 0. 1. 1. 1. 1. 0. 0. 1. 1. 0. 1. 0. 0.
 0. 1. 0. 1. 0. 0. 0. 1. 0. 1. 0. 0. 0. 1. 1. 0. 0.]","[1. 0. 1. 0. 1. 1. 0. 0. 0. 1. 0. 1. 0. 0. 0. 1. 0. 0. 1. 1. 1. 0. 0. 0.
 0. 1. 0. 0. 0. 0. 1. 1. 0. 0. 0. 1. 0. 1. 0. 1. 0.]","[1. 0. 1. 0. 1. 0. 0. 0. 1. 1. 1. 0. 0. 0. 0. 1. 0. 0. 1. 1. 0. 0. 0. 1.
 0. 1. 0. 0. 1. 0. 0. 1. 0. 0. 0. 1. 0. 1. 0. 0. 1.]","[1. 0. 1. 0. 1. 1. 0. 0. 0. 1. 1. 0. 0. 0. 1. 1. 0. 0. 1. 1. 0. 1. 0. 0.
 0. 1. 1. 0. 0. 0. 0. 1. 0. 0. 0. 1. 0. 1. 0. 1. 0.]","[1. 0. 1. 1. 1. 0. 0. 0. 1. 1. 1. 0. 0. 1. 0. 1. 0. 0. 1. 1. 1. 0. 0. 0.
 0. 1. 0. 1. 0. 0. 0. 1. 0. 1. 0. 0. 0. 1. 0. 0. 1.]","[1. 0. 1. 1. 1. 1. 0. 0. 0. 1. 0. 0. 1. 1. 0. 1. 1. 0. 0. 1. 0. 0. 0. 1.
 0. 1. 1. 0. 0. 0. 0. 1. 0. 1. 0. 0. 0. 1. 1. 0. 0.]","[1. 0. 1. 0. 1. 1. 0. 0. 0. 1. 1. 0. 0. 0. 1. 1. 1. 0. 0. 1. 1. 0. 0. 0.
 0. 1. 0. 1. 0. 0. 0. 1. 0. 0. 0. 1. 0. 1. 0. 0. 1.]","[1. 1. 0. 0. 1. 1. 0. 0. 0. 1. 1. 0. 0. 1. 1. 1. 0. 0. 1. 1. 0. 0. 0. 1.
 0. 1. 1. 0. 0. 0. 0. 1. 0. 1. 0. 0. 0. 1. 0. 1. 0.]","[1. 0. 1. 0. 1. 1. 0. 0. 0. 1. 0. 0. 1. 0. 1. 1. 0. 1. 0. 1. 0. 1. 0. 0.
 0. 1. 0. 1. 0. 0. 0. 1. 0. 0. 1. 0. 0. 1. 1. 0. 0.]","[1. 0. 1. 1. 1. 0. 0. 0. 1. 1. 1. 0. 0. 1. 0. 1. 0. 1. 0. 1. 0. 0. 0. 0.
 1. 1. 0. 1. 0. 0. 0. 1. 1. 0. 0. 0. 0. 1. 1. 0. 0.]","[1. 1. 0. 0. 1. 0. 1. 0. 0. 1. 0. 1. 0. 0. 1. 1. 1. 0. 0. 1. 1. 0. 0. 0.
 0. 1. 0. 1. 0. 0. 0. 1. 0. 0. 0. 0. 1. 1. 0. 1. 0.]","[1. 0. 1. 0. 1. 1. 0. 0. 0. 1. 1. 0. 0. 0. 0. 1. 0. 0. 1. 1. 1. 0. 0. 0.
 0. 1. 0. 1. 0. 0. 0. 1. 0. 1. 0. 0. 0. 1. 0. 0. 1.]","[1. 0. 1. 0. 1. 1. 0. 0. 0. 1. 1. 0. 0. 1. 1. 1. 0. 1. 0. 1. 1. 0. 0. 0.
 0. 1. 0. 1. 0. 0. 0. 1. 0. 1. 0. 0. 0. 1. 1. 0. 0.]","[1. 1. 0. 1. 1. 1. 0. 0. 0. 1. 0. 0. 1. 0. 0. 1. 1. 0. 0. 1. 1. 0. 0. 0.
 0. 1. 0. 0. 1. 0. 0. 1. 0. 0. 1. 0. 0. 1. 0. 1. 0.]","[1. 0. 1. 0. 1. 1. 0. 0. 0. 1. 0. 1. 0. 0. 0. 1. 0. 1. 0. 1. 1. 0. 0. 0.
 0. 1. 1. 0. 0. 0. 0. 1. 0. 0. 0. 1. 0. 1. 0. 0. 1.]","[1. 1. 0. 0. 1. 1. 0. 0. 0. 1. 0. 1. 0. 1. 1. 1. 1. 0. 0. 1. 0. 1. 0. 0.
 0. 1. 0. 0. 1. 0. 0. 1. 1. 0. 0. 0. 0. 1. 0. 0. 1.]","[1. 0. 1. 0. 1. 1. 0. 0. 0. 1. 1. 0. 0. 0. 1. 1. 0. 0. 1. 1. 1. 0. 0. 0.
 0. 1. 0. 0. 1. 0. 0. 1. 0. 0. 0. 1. 0. 1. 1. 0. 0.]","[1. 0. 1. 0. 1. 0. 1. 0. 0. 1. 0. 1. 0. 1. 1. 1. 1. 0. 0. 1. 0. 1. 0. 0.
 0. 1. 0. 0. 1. 0. 0. 1. 0. 0. 0. 0. 1. 1. 1. 0. 0.]","[1. 0. 1. 0. 1. 1. 0. 0. 0. 1. 0. 0. 1. 0. 0. 1. 0. 1. 0. 1. 1. 0. 0. 0.
 0. 1. 1. 0. 0. 0. 0. 1. 0. 1. 0. 0. 0. 1. 0. 0. 1.]","[1. 0. 1. 0. 1. 1. 0. 0. 0. 1. 1. 0. 0. 0. 1. 1. 1. 0. 0. 1. 1. 0. 0. 0.
 0. 1. 0. 1. 0. 0. 0. 1. 0. 1. 0. 0. 0. 1. 0. 0. 1.]","[1. 0. 1. 0. 1. 0. 1. 0. 0. 1. 1. 0. 0. 0. 0. 1. 0. 0. 1. 1. 1. 0. 0. 0.
 0. 1. 1. 0. 0. 0. 0. 1. 0. 0. 0. 1. 0. 1. 0. 0. 1.]","[1. 1. 0. 0. 1. 1. 0. 0. 0. 1. 1. 0. 0. 0. 1. 1. 0. 1. 0. 1. 0. 1. 0. 0.
 0. 1. 0. 0. 0. 0. 1. 1. 0. 0. 0. 0. 1. 1. 0. 1. 0.]","[1. 0. 1. 0. 1. 0. 1. 0. 0. 1. 1. 0. 0. 0. 1. 1. 1. 0. 0. 1. 1. 0. 0. 0.
 0. 1. 1. 0. 0. 0. 0. 1. 0. 0. 0. 1. 0. 1. 0. 0. 1.]","[1. 1. 0. 0. 1. 1. 0. 0. 0. 1. 1. 0. 0. 0. 1. 1. 1. 0. 0. 1. 1. 0. 0. 0.
 0. 1. 1. 0. 0. 0. 0. 1. 0. 0. 0. 0. 1. 1. 0. 0. 1.]","[1. 0. 1. 0. 1. 0. 0. 1. 0. 1. 1. 0. 0. 0. 0. 1. 1. 0. 0. 1. 1. 0. 0. 0.
 0. 1. 1. 0. 0. 0. 0. 1. 0. 0. 1. 0. 0. 1. 0. 0. 1.]","[1. 0. 1. 1. 1. 0. 1. 0. 0. 1. 1. 0. 0. 0. 0. 1. 1. 0. 0. 1. 1. 0. 0. 0.
 0. 1. 1. 0. 0. 0. 0. 1. 0. 0. 1. 0. 0. 1. 1. 0. 0.]","[1. 0. 1. 1. 1. 1. 0. 0. 0. 1. 1. 0. 0. 0. 0. 1. 1. 0. 0. 1. 0. 0. 1. 0.
 0. 1. 1. 0. 0. 0. 0. 1. 0. 0. 1. 0. 0. 1. 1. 0. 0.]","[1. 0. 1. 0. 1. 1. 0. 0. 0. 1. 0. 0. 1. 0. 0. 1. 0. 1. 0. 1. 1. 0. 0. 0.
 0. 1. 0. 0. 0. 1. 0. 1. 1. 0. 0. 0. 0. 1. 0. 1. 0.]","[1. 0. 1. 1. 1. 0. 1. 0. 0. 1. 1. 0. 0. 0. 1. 1. 0. 1. 0. 1. 1. 0. 0. 0.
 0. 1. 0. 1. 0. 0. 0. 1. 0. 0. 0. 0. 1. 1. 0. 0. 1.]","[1. 1. 0. 1. 1. 0. 0. 0. 1. 1. 0. 0. 1. 0. 0. 1. 1. 0. 0. 1. 1. 0. 0. 0.
 0. 1. 0. 1. 0. 0. 0. 1. 0. 0. 1. 0. 0. 1. 0. 0. 1.]","[1. 1. 0. 0. 1. 1. 0. 0. 0. 1. 1. 0. 0. 0. 0. 1. 1. 0. 0. 1. 1. 0. 0. 0.
 0. 1. 1. 0. 0. 0. 0. 1. 0. 0. 0. 0. 1. 1. 0. 0. 1.]","[1. 0. 1. 0. 1. 1. 0. 0. 0. 1. 1. 0. 0. 0. 1. 1. 0. 1. 0. 1. 0. 0. 1. 0.
 0. 1. 1. 0. 0. 0. 0. 1. 0. 1. 0. 0. 0. 1. 1. 0. 0.]","[1. 0. 1. 1. 1. 0. 0. 1. 0. 1. 0. 0. 1. 0. 1. 1. 0. 1. 0. 1. 1. 0. 0. 0.
 0. 1. 0. 1. 0. 0. 0. 1. 0. 0. 0. 0. 1. 1. 0. 0. 1.]","[1. 0. 1. 1. 1. 1. 0. 0. 0. 1. 0. 1. 0. 0. 0. 1. 0. 1. 0. 1. 1. 0. 0. 0.
 0. 1. 1. 0. 0. 0. 0. 1. 0. 0. 1. 0. 0. 1. 0. 0. 1.]","[1. 0. 1. 1. 1. 0. 0. 0. 1. 1. 0. 1. 0. 0. 1. 1. 0. 0. 1. 1. 1. 0. 0. 0.
 0. 1. 1. 0. 0. 0. 0. 1. 0. 0. 0. 1. 0. 1. 1. 0. 0.]","[1. 0. 1. 1. 1. 0. 0. 0. 1. 1. 1. 0. 0. 0. 1. 1. 1. 0. 0. 1. 0. 0. 1. 0.
 0. 1. 0. 1. 0. 0. 0. 1. 0. 0. 0. 0. 1. 1. 0. 0. 1.]","[1. 0. 1. 0. 1. 0. 1. 0. 0. 1. 0. 0. 1. 0. 1. 1. 1. 0. 0. 1. 1. 0. 0. 0.
 0. 1. 0. 1. 0. 0. 0. 1. 0. 0. 0. 0. 1. 1. 0. 1. 0.]","[1. 0. 1. 0. 1. 0. 0. 0. 1. 1. 0. 1. 0. 0. 0. 1. 0. 0. 1. 1. 1. 0. 0. 0.
 0. 1. 1. 0. 0. 0. 0. 1. 0. 0. 0. 1. 0. 1. 1. 0. 0.]","[1. 0. 1. 0. 1. 0. 0. 1. 0. 1. 1. 0. 0. 0. 1. 1. 1. 0. 0. 1. 1. 0. 0. 0.
 0. 1. 0. 0. 0. 0. 1. 1. 0. 0. 0. 0. 1. 1. 0. 1. 0.]","[1. 0. 1. 1. 1. 0. 1. 0. 0. 1. 0. 0. 1. 0. 1. 1. 0. 1. 0. 1. 1. 0. 0. 0.
 0. 1. 1. 0. 0. 0. 0. 1. 0. 0. 0. 1. 0. 1. 1. 0. 0.]","[1. 0. 1. 0. 1. 0. 1. 0. 0. 1. 1. 0. 0. 0. 1. 1. 0. 1. 0. 1. 1. 0. 0. 0.
 0. 1. 0. 1. 0. 0. 0. 1. 0. 0. 0. 1. 0. 1. 0. 1. 0.]","[1. 0. 1. 0. 1. 0. 0. 1. 0. 1. 0. 0. 1. 0. 0. 1. 0. 0. 1. 1. 1. 0. 0. 0.
 0. 1. 1. 0. 0. 0. 0. 1. 0. 0. 1. 0. 0. 1. 1. 0. 0.]","[1. 0. 1. 1. 1. 0. 1. 0. 0. 1. 1. 0. 0. 0. 1. 1. 1. 0. 0. 1. 1. 0. 0. 0.
 0. 1. 1. 0. 0. 0. 0. 1. 0. 0. 1. 0. 0. 1. 1. 0. 0.]","[1. 0. 1. 1. 1. 0. 1. 0. 0. 1. 0. 0. 1. 0. 0. 1. 0. 1. 0. 1. 1. 0. 0. 0.
 0. 1. 0. 1. 0. 0. 0. 1. 0. 0. 0. 1. 0. 1. 0. 0. 1.]","[1. 0. 1. 0. 1. 0. 1. 0. 0. 1. 1. 0. 0. 0. 0. 1. 0. 1. 0. 1. 1. 0. 0. 0.
 0. 1. 1. 0. 0. 0. 0. 1. 0. 0. 0. 1. 0. 1. 0. 1. 0.]","[1. 0. 1. 1. 1. 0. 1. 0. 0. 1. 0. 1. 0. 0. 1. 1. 0. 0. 1. 1. 0. 0. 0. 1.
 0. 1. 1. 0. 0. 0. 0. 1. 0. 0. 0. 1. 0. 1. 0. 0. 1.]","[1. 0. 1. 0. 1. 1. 0. 0. 0. 1. 0. 0. 1. 0. 0. 1. 0. 0. 1. 1. 1. 0. 0. 0.
 0. 1. 0. 0. 0. 1. 0. 1. 0. 0. 1. 0. 0. 1. 1. 0. 0.]","[1. 1. 0. 0. 1. 0. 1. 0. 0. 1. 1. 0. 0. 0. 1. 1. 1. 0. 0. 1. 1. 0. 0. 0.
 0. 1. 0. 0. 1. 0. 0. 1. 0. 0. 0. 1. 0. 1. 1. 0. 0.]","[1. 0. 1. 0. 1. 0. 0. 1. 0. 1. 0. 1. 0. 0. 1. 1. 0. 0. 1. 1. 1. 0. 0. 0.
 0. 1. 1. 0. 0. 0. 0. 1. 0. 1. 0. 0. 0. 1. 0. 1. 0.]","[1. 0. 1. 1. 1. 1. 0. 0. 0. 1. 1. 0. 0. 0. 1. 1. 0. 0. 1. 1. 1. 0. 0. 0.
 0. 1. 1. 0. 0. 0. 0. 1. 0. 0. 1. 0. 0. 1. 0. 1. 0.]","[1. 0. 1. 1. 1. 0. 1. 0. 0. 1. 1. 0. 0. 0. 0. 1. 1. 0. 0. 1. 1. 0. 0. 0.
 0. 1. 1. 0. 0. 0. 0. 1. 0. 0. 0. 1. 0. 1. 1. 0. 0.]","[1. 0. 1. 0. 1. 1. 0. 0. 0. 1. 0. 0. 1. 0. 1. 1. 1. 0. 0. 1. 1. 0. 0. 0.
 0. 1. 0. 0. 0. 1. 0. 1. 0. 0. 1. 0. 0. 1. 0. 1. 0.]","[1. 0. 1. 0. 1. 0. 1. 0. 0. 1. 1. 0. 0. 0. 0. 1. 0. 1. 0. 1. 1. 0. 0. 0.
 0. 1. 0. 0. 1. 0. 0. 1. 1. 0. 0. 0. 0. 1. 1. 0. 0.]","[1. 0. 1. 0. 1. 0. 1. 0. 0. 1. 1. 0. 0. 0. 0. 1. 1. 0. 0. 1. 0. 0. 0. 0.
 1. 1. 1. 0. 0. 0. 0. 1. 0. 0. 0. 1. 0. 1. 0. 1. 0.]","[1. 0. 1. 0. 1. 0. 1. 0. 0. 1. 1. 0. 0. 0. 1. 1. 0. 0. 1. 1. 1. 0. 0. 0.
 0. 1. 1. 0. 0. 0. 0. 1. 0. 0. 0. 1. 0. 1. 0. 0. 1.]","[1. 0. 1. 1. 1. 0. 1. 0. 0. 1. 0. 1. 0. 0. 0. 1. 0. 1. 0. 1. 1. 0. 0. 0.
 0. 1. 1. 0. 0. 0. 0. 1. 0. 0. 1. 0. 0. 1. 1. 0. 0.]","[1. 0. 1. 0. 1. 1. 0. 0. 0. 1. 1. 0. 0. 0. 0. 1. 1. 0. 0. 1. 1. 0. 0. 0.
 0. 1. 0. 1. 0. 0. 0. 1. 0. 0. 1. 0. 0. 1. 0. 0. 1.]","[1. 1. 0. 0. 1. 1. 0. 0. 0. 1. 0. 1. 0. 0. 0. 1. 1. 0. 0. 1. 1. 0. 0. 0.
 0. 1. 0. 0. 1. 0. 0. 1. 0. 0. 0. 1. 0. 1. 1. 0. 0.]","[1. 0. 1. 1. 1. 0. 1. 0. 0. 1. 1. 0. 0. 0. 0. 1. 0. 1. 0. 1. 0. 0. 1. 0.
 0. 1. 0. 1. 0. 0. 0. 1. 0. 0. 0. 1. 0. 1. 0. 0. 1.]","[1. 0. 1. 1. 1. 0. 1. 0. 0. 1. 0. 0. 1. 0. 1. 1. 1. 0. 0. 1. 1. 0. 0. 0.
 0. 1. 0. 1. 0. 0. 0. 1. 0. 0. 1. 0. 0. 1. 0. 1. 0.]","[1. 0. 1. 0. 1. 0. 0. 0. 1. 1. 1. 0. 0. 0. 1. 1. 1. 0. 0. 1. 1. 0. 0. 0.
 0. 1. 0. 0. 1. 0. 0. 1. 1. 0. 0. 0. 0. 1. 0. 1. 0.]","[1. 0. 1. 1. 1. 1. 0. 0. 0. 1. 0. 0. 1. 0. 1. 1. 0. 1. 0. 1. 1. 0. 0. 0.
 0. 1. 0. 1. 0. 0. 0. 1. 0. 0. 0. 0. 1. 1. 0. 1. 0.]","[1. 0. 1. 1. 1. 0. 1. 0. 0. 1. 1. 0. 0. 0. 0. 1. 0. 0. 1. 1. 1. 0. 0. 0.
 0. 1. 0. 1. 0. 0. 0. 1. 0. 0. 0. 1. 0. 1. 0. 0. 1.]","[1. 0. 1. 1. 1. 0. 1. 0. 0. 1. 0. 0. 1. 0. 0. 1. 0. 0. 1. 1. 1. 0. 0. 0.
 0. 1. 1. 0. 0. 0. 0. 1. 0. 0. 0. 0. 1. 1. 1. 0. 0.]","[1. 0. 1. 0. 1. 0. 1. 0. 0. 1. 1. 0. 0. 0. 1. 1. 0. 1. 0. 1. 1. 0. 0. 0.
 0. 1. 0. 1. 0. 0. 0. 1. 0. 0. 0. 1. 0. 1. 0. 0. 1.]","[1. 0. 1. 0. 1. 0. 1. 0. 0. 1. 1. 0. 0. 0. 1. 1. 1. 0. 0. 1. 1. 0. 0. 0.
 0. 1. 0. 0. 0. 0. 1. 1. 0. 1. 0. 0. 0. 1. 1. 0. 0.]","[1. 0. 1. 0. 1. 1. 0. 0. 0. 1. 1. 0. 0. 0. 0. 1. 1. 0. 0. 1. 1. 0. 0. 0.
 0. 1. 1. 0. 0. 0. 0. 1. 0. 0. 1. 0. 0. 1. 0. 1. 0.]","[1. 0. 1. 0. 1. 1. 0. 0. 0. 1. 1. 0. 0. 0. 0. 1. 0. 1. 0. 1. 1. 0. 0. 0.
 0. 1. 0. 0. 1. 0. 0. 1. 0. 0. 0. 0. 1. 1. 0. 1. 0.]","[1. 0. 1. 0. 1. 1. 0. 0. 0. 1. 1. 0. 0. 0. 0. 1. 1. 0. 0. 1. 1. 0. 0. 0.
 0. 1. 1. 0. 0. 0. 0. 1. 0. 0. 0. 1. 0. 1. 0. 1. 0.]","[1. 0. 1. 1. 1. 1. 0. 0. 0. 1. 1. 0. 0. 0. 1. 1. 0. 1. 0. 1. 1. 0. 0. 0.
 0. 1. 1. 0. 0. 0. 0. 1. 0. 0. 0. 1. 0. 1. 0. 1. 0.]","[1. 0. 1. 1. 1. 0. 1. 0. 0. 1. 1. 0. 0. 0. 0. 1. 0. 1. 0. 1. 1. 0. 0. 0.
 0. 1. 1. 0. 0. 0. 0. 1. 0. 0. 1. 0. 0. 1. 1. 0. 0.]","[1. 1. 0. 0. 1. 0. 1. 0. 0. 1. 1. 0. 0. 0. 0. 1. 0. 1. 0. 1. 1. 0. 0. 0.
 0. 1. 0. 0. 1. 0. 0. 1. 0. 0. 0. 0. 1. 1. 0. 1. 0.]","[1. 0. 1. 0. 1. 0. 0. 1. 0. 1. 0. 1. 0. 0. 0. 1. 0. 0. 1. 1. 1. 0. 0. 0.
 0. 1. 0. 0. 1. 0. 0. 1. 0. 0. 0. 0. 1. 1. 0. 1. 0.]","[1. 0. 1. 1. 1. 0. 0. 1. 0. 1. 0. 1. 0. 0. 0. 1. 1. 0. 0. 1. 1. 0. 0. 0.
 0. 1. 0. 1. 0. 0. 0. 1. 0. 0. 0. 0. 1. 1. 0. 0. 1.]","[1. 0. 1. 0. 1. 0. 1. 0. 0. 1. 0. 0. 1. 0. 0. 1. 1. 0. 0. 1. 1. 0. 0. 0.
 0. 1. 0. 1. 0. 0. 0. 1. 0. 0. 0. 1. 0. 1. 0. 0. 1.]","[1. 0. 1. 0. 1. 1. 0. 0. 0. 1. 1. 0. 0. 0. 0. 1. 0. 1. 0. 1. 1. 0. 0. 0.
 0. 1. 1. 0. 0. 0. 0. 1. 0. 0. 1. 0. 0. 1. 0. 0. 1.]","[1. 0. 1. 1. 1. 0. 1. 0. 0. 1. 1. 0. 0. 0. 1. 1. 1. 0. 0. 1. 1. 0. 0. 0.
 0. 1. 0. 1. 0. 0. 0. 1. 0. 0. 0. 0. 1. 1. 0. 1. 0.]","[1. 0. 1. 0. 1. 0. 1. 0. 0. 1. 1. 0. 0. 0. 0. 1. 0. 1. 0. 1. 1. 0. 0. 0.
 0. 1. 0. 1. 0. 0. 0. 1. 0. 1. 0. 0. 0. 1. 0. 0. 1.]","[1. 0. 1. 0. 1. 1. 0. 0. 0. 1. 1. 0. 0. 0. 0. 1. 1. 0. 0. 1. 1. 0. 0. 0.
 0. 1. 1. 0. 0. 0. 0. 1. 0. 0. 0. 1. 0. 1. 1. 0. 0.]","[1. 0. 1. 0. 1. 0. 1. 0. 0. 1. 0. 0. 1. 0. 1. 1. 1. 0. 0. 1. 1. 0. 0. 0.
 0. 1. 1. 0. 0. 0. 0. 1. 0. 0. 0. 0. 1. 1. 1. 0. 0.]","[1. 0. 1. 1. 1. 0. 1. 0. 0. 1. 0. 1. 0. 0. 1. 1. 1. 0. 0. 1. 0. 0. 1. 0.
 0. 1. 0. 0. 1. 0. 0. 1. 0. 0. 0. 1. 0. 1. 0. 0. 1.]","[1. 1. 0. 0. 1. 0. 1. 0. 0. 1. 0. 0. 1. 0. 0. 1. 0. 0. 1. 1. 0. 1. 0. 0.
 0. 1. 1. 0. 0. 0. 0. 1. 0. 0. 0. 1. 0. 1. 0. 0. 1.]","[1. 0. 1. 1. 1. 0. 0. 0. 1. 1. 1. 0. 0. 0. 0. 1. 1. 0. 0. 1. 1. 0. 0. 0.
 0. 1. 0. 0. 0. 0. 1. 1. 0. 0. 0. 1. 0. 1. 0. 0. 1.]","[1. 0. 1. 1. 1. 0. 1. 0. 0. 1. 1. 0. 0. 0. 0. 1. 1. 0. 0. 1. 1. 0. 0. 0.
 0. 1. 0. 0. 1. 0. 0. 1. 0. 0. 0. 1. 0. 1. 1. 0. 0.]","[1. 0. 1. 1. 1. 1. 0. 0. 0. 1. 1. 0. 0. 0. 1. 1. 1. 0. 0. 1. 1. 0. 0. 0.
 0. 1. 1. 0. 0. 0. 0. 1. 0. 0. 0. 1. 0. 1. 0. 0. 1.]","[1. 0. 1. 1. 1. 0. 0. 0. 1. 1. 0. 1. 0. 0. 1. 1. 1. 0. 0. 1. 0. 1. 0. 0.
 0. 1. 0. 1. 0. 0. 0. 1. 0. 0. 0. 1. 0. 1. 1. 0. 0.]","[1. 0. 1. 1. 1. 1. 0. 0. 0. 1. 1. 0. 0. 0. 1. 1. 1. 0. 0. 1. 1. 0. 0. 0.
 0. 1. 0. 1. 0. 0. 0. 1. 0. 0. 0. 1. 0. 1. 0. 1. 0.]","[1. 0. 1. 1. 1. 0. 0. 0. 1. 1. 0. 0. 1. 0. 0. 1. 1. 0. 0. 1. 1. 0. 0. 0.
 0. 1. 1. 0. 0. 0. 0. 1. 0. 0. 1. 0. 0. 1. 0. 0. 1.]","[1. 0. 1. 1. 1. 0. 0. 0. 1. 1. 1. 0. 0. 0. 1. 1. 1. 0. 0. 1. 1. 0. 0. 0.
 0. 1. 0. 1. 0. 0. 0. 1. 0. 0. 0. 1. 0. 1. 1. 0. 0.]","[1. 0. 1. 1. 1. 1. 0. 0. 0. 1. 0. 1. 0. 0. 0. 1. 0. 0. 1. 1. 1. 0. 0. 0.
 0. 1. 0. 0. 1. 0. 0. 1. 0. 0. 0. 1. 0. 1. 0. 1. 0.]","[1. 0. 1. 1. 1. 0. 1. 0. 0. 1. 0. 0. 1. 0. 1. 1. 1. 0. 0. 1. 1. 0. 0. 0.
 0. 1. 1. 0. 0. 0. 0. 1. 0. 0. 0. 1. 0. 1. 0. 0. 1.]","[1. 0. 1. 1. 1. 1. 0. 0. 0. 1. 0. 1. 0. 0. 1. 1. 1. 0. 0. 1. 1. 0. 0. 0.
 0. 1. 0. 1. 0. 0. 0. 1. 0. 0. 0. 0. 1. 1. 1. 0. 0.]","[1. 0. 1. 1. 1. 0. 0. 1. 0. 1. 1. 0. 0. 0. 1. 1. 0. 0. 1. 1. 1. 0. 0. 0.
 0. 1. 0. 1. 0. 0. 0. 1. 0. 0. 0. 0. 1. 1. 0. 1. 0.]","[1. 0. 1. 0. 1. 1. 0. 0. 0. 1. 0. 0. 1. 0. 1. 1. 0. 0. 1. 1. 1. 0. 0. 0.
 0. 1. 0. 1. 0. 0. 0. 1. 0. 0. 0. 1. 0. 1. 0. 0. 1.]","[1. 0. 1. 1. 1. 1. 0. 0. 0. 1. 0. 0. 1. 0. 0. 1. 1. 0. 0. 1. 1. 0. 0. 0.
 0. 1. 0. 0. 0. 0. 1. 1. 0. 0. 0. 0. 1. 1. 1. 0. 0.]","[1. 0. 1. 1. 1. 1. 0. 0. 0. 1. 1. 0. 0. 0. 0. 1. 1. 0. 0. 1. 1. 0. 0. 0.
 0. 1. 0. 1. 0. 0. 0. 1. 0. 0. 0. 0. 1. 1. 0. 1. 0.]","[1. 0. 1. 0. 1. 1. 0. 0. 0. 1. 1. 0. 0. 0. 0. 1. 1. 0. 0. 1. 1. 0. 0. 0.
 0. 1. 1. 0. 0. 0. 0. 1. 0. 0. 0. 0. 1. 1. 0. 1. 0.]","[1. 0. 1. 0. 1. 0. 0. 0. 1. 1. 0. 0. 1. 0. 1. 1. 1. 0. 0. 1. 1. 0. 0. 0.
 0. 1. 0. 0. 0. 1. 0. 1. 0. 0. 0. 1. 0. 1. 0. 1. 0.]","[1. 0. 1. 1. 1. 1. 0. 0. 0. 1. 1. 0. 0. 0. 1. 1. 0. 1. 0. 1. 0. 1. 0. 0.
 0. 1. 1. 0. 0. 0. 0. 1. 0. 0. 0. 1. 0. 1. 1. 0. 0.]","[1. 0. 1. 1. 1. 0. 1. 0. 0. 1. 0. 0. 1. 0. 1. 1. 1. 0. 0. 1. 1. 0. 0. 0.
 0. 1. 1. 0. 0. 0. 0. 1. 0. 0. 0. 0. 1. 1. 0. 0. 1.]","[1. 0. 1. 0. 1. 1. 0. 0. 0. 1. 0. 1. 0. 0. 0. 1. 0. 1. 0. 1. 1. 0. 0. 0.
 0. 1. 0. 1. 0. 0. 0. 1. 0. 0. 0. 1. 0. 1. 0. 1. 0.]","[1. 0. 1. 1. 1. 0. 1. 0. 0. 1. 0. 1. 0. 0. 1. 1. 0. 1. 0. 1. 1. 0. 0. 0.
 0. 1. 1. 0. 0. 0. 0. 1. 0. 0. 1. 0. 0. 1. 0. 1. 0.]","[1. 0. 1. 0. 1. 1. 0. 0. 0. 1. 0. 0. 1. 0. 0. 1. 0. 1. 0. 1. 0. 1. 0. 0.
 0. 1. 1. 0. 0. 0. 0. 1. 0. 0. 0. 0. 1. 1. 0. 0. 1.]","[1. 0. 1. 1. 1. 1. 0. 0. 0. 1. 1. 0. 0. 0. 1. 1. 1. 0. 0. 1. 1. 0. 0. 0.
 0. 1. 0. 0. 1. 0. 0. 1. 0. 0. 1. 0. 0. 1. 1. 0. 0.]","[1. 0. 1. 1. 1. 0. 0. 0. 1. 1. 0. 1. 0. 0. 0. 1. 0. 0. 1. 1. 0. 1. 0. 0.
 0. 1. 0. 1. 0. 0. 0. 1. 0. 0. 0. 1. 0. 1. 0. 1. 0.]","[1. 0. 1. 1. 1. 0. 1. 0. 0. 1. 0. 1. 0. 0. 0. 1. 0. 1. 0. 1. 1. 0. 0. 0.
 0. 1. 0. 1. 0. 0. 0. 1. 0. 0. 0. 1. 0. 1. 1. 0. 0.]","[1. 0. 1. 1. 1. 0. 0. 0. 1. 1. 1. 0. 0. 0. 0. 1. 1. 0. 0. 1. 1. 0. 0. 0.
 0. 1. 1. 0. 0. 0. 0. 1. 1. 0. 0. 0. 0. 1. 0. 1. 0.]","[1. 0. 1. 0. 1. 0. 0. 1. 0. 1. 0. 0. 1. 0. 1. 1. 1. 0. 0. 1. 0. 1. 0. 0.
 0. 1. 0. 1. 0. 0. 0. 1. 0. 0. 0. 0. 1. 1. 1. 0. 0.]","[1. 0. 1. 1. 1. 0. 1. 0. 0. 1. 1. 0. 0. 0. 0. 1. 1. 0. 0. 1. 1. 0. 0. 0.
 0. 1. 0. 1. 0. 0. 0. 1. 0. 0. 1. 0. 0. 1. 1. 0. 0.]","[1. 0. 1. 0. 1. 1. 0. 0. 0. 1. 0. 1. 0. 0. 1. 1. 1. 0. 0. 1. 1. 0. 0. 0.
 0. 1. 0. 1. 0. 0. 0. 1. 0. 0. 1. 0. 0. 1. 0. 0. 1.]","[1. 0. 1. 0. 1. 0. 0. 0. 1. 1. 1. 0. 0. 0. 1. 1. 0. 0. 1. 1. 0. 1. 0. 0.
 0. 1. 0. 0. 0. 0. 1. 1. 0. 0. 0. 0. 1. 1. 1. 0. 0.]","[1. 0. 1. 1. 1. 0. 1. 0. 0. 1. 0. 1. 0. 0. 1. 1. 0. 0. 1. 1. 1. 0. 0. 0.
 0. 1. 1. 0. 0. 0. 0. 1. 0. 0. 0. 0. 1. 1. 0. 1. 0.]","[1. 0. 1. 1. 1. 0. 0. 1. 0. 1. 1. 0. 0. 0. 1. 1. 0. 0. 1. 1. 0. 0. 1. 0.
 0. 1. 0. 1. 0. 0. 0. 1. 0. 0. 1. 0. 0. 1. 1. 0. 0.]","[1. 0. 1. 0. 1. 0. 1. 0. 0. 1. 0. 0. 1. 0. 0. 1. 0. 1. 0. 1. 1. 0. 0. 0.
 0. 1. 0. 1. 0. 0. 0. 1. 0. 0. 0. 0. 1. 1. 0. 1. 0.]","[1. 0. 1. 1. 1. 0. 0. 1. 0. 1. 1. 0. 0. 0. 1. 1. 1. 0. 0. 1. 1. 0. 0. 0.
 0. 1. 0. 0. 1. 0. 0. 1. 0. 0. 0. 0. 1. 1. 0. 1. 0.]","[1. 0. 1. 1. 1. 0. 0. 1. 0. 1. 0. 1. 0. 0. 1. 1. 1. 0. 0. 1. 1. 0. 0. 0.
 0. 1. 0. 0. 1. 0. 0. 1. 0. 0. 0. 0. 1. 1. 1. 0. 0.]","[1. 0. 1. 1. 1. 1. 0. 0. 0. 1. 0. 1. 0. 0. 0. 1. 0. 0. 1. 1. 1. 0. 0. 0.
 0. 1. 0. 0. 1. 0. 0. 1. 0. 0. 0. 0. 1. 1. 0. 0. 1.]","[1. 0. 1. 1. 1. 0. 1. 0. 0. 1. 0. 0. 1. 0. 1. 1. 1. 0. 0. 1. 1. 0. 0. 0.
 0. 1. 1. 0. 0. 0. 0. 1. 0. 0. 0. 1. 0. 1. 0. 1. 0.]","[1. 0. 1. 1. 1. 0. 1. 0. 0. 1. 0. 1. 0. 0. 0. 1. 0. 0. 1. 1. 1. 0. 0. 0.
 0. 1. 0. 1. 0. 0. 0. 1. 0. 0. 0. 0. 1. 1. 0. 1. 0.]","[1. 0. 1. 0. 1. 0. 0. 1. 0. 1. 0. 1. 0. 0. 0. 1. 0. 0. 1. 1. 1. 0. 0. 0.
 0. 1. 0. 0. 1. 0. 0. 1. 0. 0. 1. 0. 0. 1. 0. 0. 1.]","[1. 0. 1. 0. 1. 1. 0. 0. 0. 1. 1. 0. 0. 0. 1. 1. 1. 0. 0. 1. 1. 0. 0. 0.
 0. 1. 1. 0. 0. 0. 0. 1. 0. 0. 1. 0. 0. 1. 0. 0. 1.]","[1. 0. 1. 0. 1. 0. 1. 0. 0. 1. 1. 0. 0. 0. 1. 1. 1. 0. 0. 1. 1. 0. 0. 0.
 0. 1. 0. 0. 1. 0. 0. 1. 0. 0. 0. 1. 0. 1. 1. 0. 0.]","[1. 0. 1. 0. 1. 1. 0. 0. 0. 1. 0. 0. 1. 0. 0. 1. 1. 0. 0. 1. 1. 0. 0. 0.
 0. 1. 0. 1. 0. 0. 0. 1. 0. 0. 0. 0. 1. 1. 0. 0. 1.]","[1. 0. 1. 1. 1. 1. 0. 0. 0. 1. 1. 0. 0. 0. 1. 1. 1. 0. 0. 1. 1. 0. 0. 0.
 0. 1. 1. 0. 0. 0. 0. 1. 0. 0. 0. 1. 0. 1. 0. 1. 0.]","[1. 0. 1. 1. 1. 1. 0. 0. 0. 1. 0. 0. 1. 0. 0. 1. 0. 0. 1. 1. 1. 0. 0. 0.
 0. 1. 0. 1. 0. 0. 0. 1. 0. 0. 1. 0. 0. 1. 0. 0. 1.]","[1. 0. 1. 1. 1. 1. 0. 0. 0. 1. 0. 1. 0. 0. 0. 1. 0. 1. 0. 1. 1. 0. 0. 0.
 0. 1. 0. 1. 0. 0. 0. 1. 0. 0. 1. 0. 0. 1. 0. 1. 0.]","[1. 0. 1. 0. 1. 0. 1. 0. 0. 1. 0. 0. 1. 0. 0. 1. 1. 0. 0. 1. 1. 0. 0. 0.
 0. 1. 0. 1. 0. 0. 0. 1. 0. 0. 0. 1. 0. 1. 0. 0. 1.]","[1. 0. 1. 1. 1. 0. 1. 0. 0. 1. 1. 0. 0. 0. 0. 1. 1. 0. 0. 1. 1. 0. 0. 0.
 0. 1. 0. 0. 1. 0. 0. 1. 0. 0. 0. 1. 0. 1. 1. 0. 0.]","[1. 0. 1. 1. 1. 1. 0. 0. 0. 1. 0. 1. 0. 0. 0. 1. 1. 0. 0. 1. 0. 1. 0. 0.
 0. 1. 1. 0. 0. 0. 0. 1. 0. 0. 1. 0. 0. 1. 0. 0. 1.]","[1. 0. 1. 0. 1. 0. 0. 0. 1. 1. 1. 0. 0. 0. 0. 1. 0. 0. 1. 1. 1. 0. 0. 0.
 0. 1. 1. 0. 0. 0. 0. 1. 0. 0. 0. 0. 1. 1. 0. 1. 0.]","[1. 0. 1. 0. 1. 1. 0. 0. 0. 1. 0. 0. 1. 0. 1. 1. 1. 0. 0. 1. 1. 0. 0. 0.
 0. 1. 1. 0. 0. 0. 0. 1. 0. 0. 0. 0. 1. 1. 1. 0. 0.]","[1. 0. 1. 1. 1. 0. 1. 0. 0. 1. 1. 0. 0. 0. 0. 1. 0. 0. 1. 1. 1. 0. 0. 0.
 0. 1. 1. 0. 0. 0. 0. 1. 0. 0. 0. 0. 1. 1. 0. 0. 1.]","[1. 0. 1. 0. 1. 1. 0. 0. 0. 1. 1. 0. 0. 0. 1. 1. 1. 0. 0. 1. 1. 0. 0. 0.
 0. 1. 0. 1. 0. 0. 0. 1. 0. 1. 0. 0. 0. 1. 0. 1. 0.]","[1. 0. 1. 0. 1. 1. 0. 0. 0. 1. 0. 0. 1. 0. 0. 1. 0. 1. 0. 1. 1. 0. 0. 0.
 0. 1. 1. 0. 0. 0. 0. 1. 0. 0. 0. 0. 1. 1. 0. 1. 0.]","[1. 0. 1. 1. 1. 1. 0. 0. 0. 1. 0. 1. 0. 0. 0. 1. 1. 0. 0. 1. 0. 0. 0. 0.
 1. 1. 1. 0. 0. 0. 0. 1. 0. 0. 1. 0. 0. 1. 0. 1. 0.]","[1. 0. 1. 1. 1. 1. 0. 0. 0. 1. 0. 1. 0. 0. 0. 1. 1. 0. 0. 1. 1. 0. 0. 0.
 0. 1. 1. 0. 0. 0. 0. 1. 0. 0. 0. 0. 1. 1. 0. 1. 0.]","[1. 0. 1. 0. 1. 0. 1. 0. 0. 1. 1. 0. 0. 0. 1. 1. 1. 0. 0. 1. 1. 0. 0. 0.
 0. 1. 0. 1. 0. 0. 0. 1. 0. 0. 0. 1. 0. 1. 0. 0. 1.]","[1. 0. 1. 0. 1. 1. 0. 0. 0. 1. 1. 0. 0. 0. 1. 1. 1. 0. 0. 1. 0. 0. 1. 0.
 0. 1. 1. 0. 0. 0. 0. 1. 0. 0. 0. 0. 1. 1. 0. 0. 1.]","[1. 0. 1. 1. 1. 0. 0. 0. 1. 1. 0. 0. 1. 0. 1. 1. 0. 0. 1. 1. 1. 0. 0. 0.
 0. 1. 0. 1. 0. 0. 0. 1. 0. 0. 0. 0. 1. 1. 0. 0. 1.]","[1. 0. 1. 1. 1. 0. 1. 0. 0. 1. 1. 0. 0. 0. 1. 1. 0. 0. 1. 1. 1. 0. 0. 0.
 0. 1. 1. 0. 0. 0. 0. 1. 0. 0. 1. 0. 0. 1. 0. 0. 1.]","[1. 0. 1. 0. 1. 1. 0. 0. 0. 1. 1. 0. 0. 0. 1. 1. 1. 0. 0. 1. 1. 0. 0. 0.
 0. 1. 0. 0. 0. 1. 0. 1. 0. 0. 0. 1. 0. 1. 0. 0. 1.]","[1. 0. 1. 0. 1. 1. 0. 0. 0. 1. 1. 0. 0. 0. 1. 1. 0. 0. 1. 1. 0. 1. 0. 0.
 0. 1. 1. 0. 0. 0. 0. 1. 0. 0. 1. 0. 0. 1. 0. 0. 1.]","[1. 0. 1. 0. 1. 1. 0. 0. 0. 1. 1. 0. 0. 0. 1. 1. 0. 0. 1. 1. 1. 0. 0. 0.
 0. 1. 0. 1. 0. 0. 0. 1. 0. 0. 0. 1. 0. 1. 0. 1. 0.]","[1. 0. 1. 0. 1. 0. 1. 0. 0. 1. 1. 0. 0. 0. 1. 1. 0. 1. 0. 1. 1. 0. 0. 0.
 0. 1. 1. 0. 0. 0. 0. 1. 0. 0. 0. 0. 1. 1. 1. 0. 0.]","[1. 0. 1. 0. 1. 0. 0. 0. 1. 1. 0. 1. 0. 0. 0. 1. 0. 0. 1. 1. 0. 0. 1. 0.
 0. 1. 0. 1. 0. 0. 0. 1. 0. 0. 0. 1. 0. 1. 0. 0. 1.]","[1. 0. 1. 0. 1. 1. 0. 0. 0. 1. 0. 0. 1. 0. 1. 1. 1. 0. 0. 1. 0. 1. 0. 0.
 0. 1. 0. 0. 1. 0. 0. 1. 0. 0. 0. 1. 0. 1. 1. 0. 0.]","[1. 0. 1. 1. 1. 0. 1. 0. 0. 1. 1. 0. 0. 0. 1. 1. 1. 0. 0. 1. 1. 0. 0. 0.
 0. 1. 1. 0. 0. 0. 0. 1. 1. 0. 0. 0. 0. 1. 1. 0. 0.]","[1. 0. 1. 1. 1. 1. 0. 0. 0. 1. 1. 0. 0. 0. 0. 1. 0. 1. 0. 1. 1. 0. 0. 0.
 0. 1. 1. 0. 0. 0. 0. 1. 0. 0. 0. 1. 0. 1. 0. 0. 1.]","[1. 0. 1. 1. 1. 0. 0. 0. 1. 1. 1. 0. 0. 0. 1. 1. 0. 1. 0. 1. 1. 0. 0. 0.
 0. 1. 0. 0. 0. 0. 1. 1. 0. 0. 0. 1. 0. 1. 0. 0. 1.]","[1. 0. 1. 1. 1. 0. 1. 0. 0. 1. 0. 0. 1. 0. 0. 1. 1. 0. 0. 1. 0. 1. 0. 0.
 0. 1. 0. 0. 1. 0. 0. 1. 1. 0. 0. 0. 0. 1. 0. 1. 0.]","[1. 0. 1. 0. 1. 1. 0. 0. 0. 1. 1. 0. 0. 0. 0. 1. 1. 0. 0. 1. 1. 0. 0. 0.
 0. 1. 1. 0. 0. 0. 0. 1. 0. 0. 0. 1. 0. 1. 0. 1. 0.]","[1. 0. 1. 0. 1. 0. 0. 0. 1. 1. 0. 1. 0. 0. 0. 1. 0. 1. 0. 1. 1. 0. 0. 0.
 0. 1. 0. 1. 0. 0. 0. 1. 0. 0. 0. 1. 0. 1. 0. 1. 0.]","[1. 0. 1. 0. 1. 0. 1. 0. 0. 1. 0. 0. 1. 0. 0. 1. 1. 0. 0. 1. 1. 0. 0. 0.
 0. 1. 0. 0. 0. 1. 0. 1. 0. 0. 0. 0. 1. 1. 1. 0. 0.]","[1. 0. 1. 1. 1. 0. 1. 0. 0. 1. 1. 0. 0. 0. 1. 1. 0. 0. 1. 1. 1. 0. 0. 0.
 0. 1. 1. 0. 0. 0. 0. 1. 0. 0. 0. 1. 0. 1. 0. 1. 0.]","[1. 0. 1. 0. 1. 0. 1. 0. 0. 1. 1. 0. 0. 0. 1. 1. 1. 0. 0. 1. 1. 0. 0. 0.
 0. 1. 0. 1. 0. 0. 0. 1. 0. 0. 1. 0. 0. 1. 0. 0. 1.]","[1. 0. 1. 1. 1. 0. 1. 0. 0. 1. 0. 1. 0. 0. 1. 1. 0. 1. 0. 1. 1. 0. 0. 0.
 0. 1. 0. 0. 1. 0. 0. 1. 0. 0. 0. 0. 1. 1. 1. 0. 0.]","[1. 0. 1. 0. 1. 1. 0. 0. 0. 1. 0. 0. 1. 0. 1. 1. 0. 0. 1. 1. 1. 0. 0. 0.
 0. 1. 1. 0. 0. 0. 0. 1. 0. 0. 0. 0. 1. 1. 1. 0. 0.]","[1. 0. 1. 0. 1. 0. 0. 1. 0. 1. 1. 0. 0. 0. 0. 1. 0. 1. 0. 1. 1. 0. 0. 0.
 0. 1. 1. 0. 0. 0. 0. 1. 0. 0. 0. 0. 1. 1. 0. 0. 1.]","[1. 0. 1. 1. 1. 0. 0. 0. 1. 1. 0. 0. 1. 0. 1. 1. 0. 1. 0. 1. 1. 0. 0. 0.
 0. 1. 1. 0. 0. 0. 0. 1. 1. 0. 0. 0. 0. 1. 1. 0. 0.]","[1. 0. 1. 1. 1. 0. 0. 1. 0. 1. 1. 0. 0. 0. 0. 1. 0. 0. 1. 1. 0. 1. 0. 0.
 0. 1. 0. 0. 0. 0. 1. 1. 0. 1. 0. 0. 0. 1. 0. 0. 1.]","[1. 0. 1. 1. 1. 0. 1. 0. 0. 1. 1. 0. 0. 0. 0. 1. 1. 0. 0. 1. 1. 0. 0. 0.
 0. 1. 0. 1. 0. 0. 0. 1. 0. 0. 0. 0. 1. 1. 0. 0. 1.]","[1. 0. 1. 1. 1. 1. 0. 0. 0. 1. 0. 0. 1. 0. 0. 1. 0. 0. 1. 1. 0. 0. 0. 1.
 0. 1. 0. 1. 0. 0. 0. 1. 0. 0. 0. 1. 0. 1. 0. 0. 1.]","[1. 0. 1. 0. 1. 0. 1. 0. 0. 1. 1. 0. 0. 0. 1. 1. 1. 0. 0. 1. 1. 0. 0. 0.
 0. 1. 1. 0. 0. 0. 0. 1. 0. 0. 0. 1. 0. 1. 1. 0. 0.]","[1. 0. 1. 0. 1. 1. 0. 0. 0. 1. 0. 0. 1. 0. 1. 1. 0. 0. 1. 1. 1. 0. 0. 0.
 0. 1. 1. 0. 0. 0. 0. 1. 0. 0. 0. 0. 1. 1. 1. 0. 0.]","[1. 0. 1. 0. 1. 0. 0. 1. 0. 1. 1. 0. 0. 0. 1. 1. 1. 0. 0. 1. 1. 0. 0. 0.
 0. 1. 1. 0. 0. 0. 0. 1. 0. 0. 1. 0. 0. 1. 0. 0. 1.]","[1. 0. 1. 1. 1. 1. 0. 0. 0. 1. 1. 0. 0. 0. 0. 1. 1. 0. 0. 1. 1. 0. 0. 0.
 0. 1. 1. 0. 0. 0. 0. 1. 0. 0. 0. 1. 0. 1. 0. 0. 1.]","[1. 0. 1. 0. 1. 1. 0. 0. 0. 1. 1. 0. 0. 0. 1. 1. 1. 0. 0. 1. 1. 0. 0. 0.
 0. 1. 0. 1. 0. 0. 0. 1. 0. 0. 0. 0. 1. 1. 1. 0. 0.]","[1. 0. 1. 0. 1. 0. 1. 0. 0. 1. 1. 0. 0. 0. 1. 1. 0. 0. 1. 1. 0. 1. 0. 0.
 0. 1. 1. 0. 0. 0. 0. 1. 0. 0. 0. 1. 0. 1. 1. 0. 0.]","[1. 0. 1. 1. 1. 0. 0. 1. 0. 1. 1. 0. 0. 0. 0. 1. 1. 0. 0. 1. 1. 0. 0. 0.
 0. 1. 1. 0. 0. 0. 0. 1. 0. 0. 1. 0. 0. 1. 1. 0. 0.]"
100.0,56.199,49.083,100.0,45.44,54.787,100.0,54.752,100.0,57.093,52.532,53.128,53.751000000000005,44.457,54.23,52.522,55.027,55.385,52.885,47.66,53.034,52.672,55.317,54.043,49.094,54.013000000000005,54.221,52.885,100.0,51.50899999999999,53.543,52.657,54.013000000000005,45.901,53.994,100.0,45.44,50.578,47.765,100.0,100.0,44.415,100.0,53.821000000000005,100.0,52.32,52.876000000000005,100.0,52.964,45.44,100.0,45.05,90.734,52.876000000000005,52.876000000000005,42.278,55.233,42.519,53.17100000000001,51.872,52.028,54.645,52.885,41.996,53.001000000000005,53.17100000000001,54.799,44.22,52.422,46.43600000000001,50.188,42.077,45.541,44.309,42.778,42.519,52.05,52.028,42.258,42.278,52.082,52.576,52.779,52.873000000000005,52.513000000000005,42.055,52.513000000000005,52.707,52.249,42.519,52.01,52.513000000000005,52.973,48.041,51.89,52.882,44.184,42.278,42.1,42.519,52.652,52.513000000000005,44.277,44.804,44.415,52.028,52.599,45.181,45.181,42.258,52.513000000000005,41.996,52.657,45.435,42.549,50.996,54.679,44.669,42.055,44.415,49.175,44.415,52.426,44.945,45.44,42.519,46.104,44.309,44.465,45.08,44.277,44.277,44.353,48.167,42.077,45.44,51.889,47.096,52.576,48.043,44.4,52.882,48.172,52.028,52.422,47.964,44.775,54.727,41.385,44.309,46.101000000000006,45.161,42.519,43.971,52.547,52.513000000000005,42.778,44.462,44.415,52.513000000000005,52.422,42.258,42.055,53.987,44.159,44.88399999999999,41.255,52.876000000000005,44.462,55.717,45.161,42.519,50.308,44.055,51.862,44.415,53.758,44.415,42.513000000000005,50.17,48.223,52.707,44.804,44.331,54.221,44.804,44.999,42.1,42.519,51.862,45.818000000000005,44.88399999999999,44.331,52.871,54.231,41.255,50.732,42.778,44.88399999999999,51.872,44.804,44.657,44.952,52.011
200
