1,2,3,4,5,6,7,8,9,10,11,12,13,14,15,16,17,18,19,20,21,22,23,24,25,26,27,28,29,30,31,32,33,34,35,36,37,38,39,40,41,42,43,44,45,46,47,48,49,50,51,52,53,54,55,56,57,58,59,60,61,62,63,64,65,66,67,68,69,70,71,72,73,74,75,76,77,78,79,80,81,82,83,84,85,86,87,88,89,90,91,92,93,94,95,96,97,98,99,100,101,102,103,104,105,106,107,108,109,110,111,112,113,114,115,116,117,118,119,120,121,122,123,124,125,126,127,128,129,130,131,132,133,134,135,136,137,138,139,140,141,142,143,144,145,146,147,148,149,150,151,152,153,154,155,156,157,158,159,160,161,162,163,164,165,166,167,168,169,170,171,172,173,174,175,176,177,178,179,180,181,182,183,184,185,186,187,188,189,190,191,192,193,194,195,196,197,198,199,200,201,202,203,204,205,206,207,208,209,210,211,212,213,214,215,216,217,218,219,220,221,222,223,224,225,226,227,228,229,230,231,232,233,234,235,236,237,238,239,240,241,242,243,244,245,246,247,248,249,250,251,252,253,254,255,256,257,258
"[1.000e+00 1.000e+00 0.000e+00 0.000e+00 1.000e+00 0.000e+00 0.000e+00
 0.000e+00 1.000e+00 0.000e+00 0.000e+00 8.000e+01 4.096e+03 4.000e+00]",[  1.   1.   1.   0.   1.   0.   1.   0.   0.   0.   1.  30. 128.   2.],[  1.   0.   1.   0.   1.   0.   0.   0.   1.   0.   0.  70. 128.   4.],[ 1.  1.  0.  0.  1.  0.  0.  1.  0.  0.  0. 70. 64. 10.],[  1.   1.   0.   1.   1.   1.   0.   0.   0.   0.   0.   0. 512.   8.],[  1.   0.   0.   1.   1.   0.   0.   0.   0.   1.   1.  30. 512.   8.],"[1.000e+00 1.000e+00 0.000e+00 1.000e+00 1.000e+00 0.000e+00 0.000e+00
 1.000e+00 0.000e+00 0.000e+00 1.000e+00 9.000e+01 1.024e+03 6.000e+00]",[ 1.  1.  0.  0.  1.  0.  0.  1.  0.  0.  1. 40.  4.  6.],[ 1.  0.  1.  0.  1.  1.  0.  0.  0.  0.  1. 70. 32.  0.],[  1.   1.   1.   0.   1.   0.   0.   1.   0.   0.   0.  60. 256.  10.],"[1.000e+00 1.000e+00 1.000e+00 0.000e+00 1.000e+00 0.000e+00 0.000e+00
 1.000e+00 0.000e+00 0.000e+00 1.000e+00 1.000e+02 2.048e+03 0.000e+00]",[  1.   1.   0.   0.   1.   0.   0.   1.   0.   0.   1. 100.   1.   0.],"[1.000e+00 1.000e+00 0.000e+00 0.000e+00 1.000e+00 0.000e+00 0.000e+00
 1.000e+00 0.000e+00 0.000e+00 1.000e+00 1.000e+02 4.096e+03 2.000e+00]","[1.000e+00 0.000e+00 1.000e+00 0.000e+00 1.000e+00 0.000e+00 0.000e+00
 0.000e+00 1.000e+00 0.000e+00 0.000e+00 9.000e+01 4.096e+03 0.000e+00]",[ 1.  0.  1.  0.  1.  0.  1.  0.  0.  0.  1. 30.  1.  0.],[ 1.  1.  1.  0.  1.  0.  1.  0.  0.  0.  1. 90.  1.  0.],[1. 1. 1. 0. 1. 0. 1. 0. 0. 0. 1. 0. 1. 0.],"[1.000e+00 1.000e+00 0.000e+00 0.000e+00 1.000e+00 0.000e+00 0.000e+00
 1.000e+00 0.000e+00 0.000e+00 1.000e+00 1.000e+02 2.048e+03 6.000e+00]","[1.000e+00 0.000e+00 1.000e+00 0.000e+00 1.000e+00 0.000e+00 0.000e+00
 0.000e+00 1.000e+00 0.000e+00 0.000e+00 1.000e+02 4.096e+03 0.000e+00]","[1.000e+00 1.000e+00 1.000e+00 0.000e+00 1.000e+00 0.000e+00 1.000e+00
 0.000e+00 0.000e+00 0.000e+00 1.000e+00 1.000e+01 4.096e+03 0.000e+00]","[1.000e+00 1.000e+00 1.000e+00 0.000e+00 1.000e+00 0.000e+00 1.000e+00
 0.000e+00 0.000e+00 0.000e+00 1.000e+00 1.000e+01 1.024e+03 0.000e+00]","[1.000e+00 1.000e+00 1.000e+00 0.000e+00 1.000e+00 0.000e+00 1.000e+00
 0.000e+00 0.000e+00 0.000e+00 1.000e+00 6.000e+01 4.096e+03 8.000e+00]","[1.000e+00 0.000e+00 1.000e+00 0.000e+00 1.000e+00 0.000e+00 1.000e+00
 0.000e+00 0.000e+00 0.000e+00 0.000e+00 2.000e+01 2.048e+03 0.000e+00]","[1.000e+00 0.000e+00 0.000e+00 0.000e+00 1.000e+00 0.000e+00 0.000e+00
 0.000e+00 1.000e+00 0.000e+00 0.000e+00 1.000e+02 4.096e+03 0.000e+00]",[  1.   1.   0.   0.   1.   0.   0.   1.   0.   0.   1. 100.   1.   0.],[ 1.  0.  1.  0.  1.  0.  1.  0.  0.  0.  0. 70.  1.  0.],"[1.000e+00 0.000e+00 1.000e+00 0.000e+00 1.000e+00 0.000e+00 1.000e+00
 0.000e+00 0.000e+00 0.000e+00 1.000e+00 1.000e+01 2.048e+03 0.000e+00]","[1.000e+00 0.000e+00 1.000e+00 0.000e+00 1.000e+00 0.000e+00 0.000e+00
 0.000e+00 1.000e+00 0.000e+00 0.000e+00 0.000e+00 4.096e+03 0.000e+00]","[1.000e+00 1.000e+00 0.000e+00 0.000e+00 1.000e+00 0.000e+00 0.000e+00
 0.000e+00 1.000e+00 0.000e+00 0.000e+00 1.000e+02 4.096e+03 0.000e+00]","[1.000e+00 1.000e+00 1.000e+00 0.000e+00 1.000e+00 0.000e+00 1.000e+00
 0.000e+00 0.000e+00 0.000e+00 0.000e+00 1.000e+01 4.096e+03 0.000e+00]","[1.000e+00 0.000e+00 1.000e+00 0.000e+00 1.000e+00 0.000e+00 1.000e+00
 0.000e+00 0.000e+00 0.000e+00 0.000e+00 7.000e+01 4.096e+03 0.000e+00]","[1.000e+00 1.000e+00 1.000e+00 0.000e+00 1.000e+00 0.000e+00 1.000e+00
 0.000e+00 0.000e+00 0.000e+00 1.000e+00 0.000e+00 2.048e+03 0.000e+00]",[ 1.  1.  1.  0.  1.  0.  1.  0.  0.  0.  1. 30.  1.  0.],"[1.000e+00 0.000e+00 1.000e+00 0.000e+00 1.000e+00 0.000e+00 1.000e+00
 0.000e+00 0.000e+00 0.000e+00 0.000e+00 1.000e+01 4.096e+03 0.000e+00]","[1.000e+00 0.000e+00 1.000e+00 0.000e+00 1.000e+00 0.000e+00 0.000e+00
 0.000e+00 1.000e+00 0.000e+00 0.000e+00 1.000e+02 2.048e+03 0.000e+00]","[1.000e+00 0.000e+00 1.000e+00 0.000e+00 1.000e+00 0.000e+00 1.000e+00
 0.000e+00 0.000e+00 0.000e+00 0.000e+00 4.000e+01 4.096e+03 0.000e+00]","[1.000e+00 0.000e+00 1.000e+00 0.000e+00 1.000e+00 0.000e+00 1.000e+00
 0.000e+00 0.000e+00 0.000e+00 0.000e+00 5.000e+01 4.096e+03 0.000e+00]","[1.000e+00 1.000e+00 0.000e+00 0.000e+00 1.000e+00 0.000e+00 0.000e+00
 1.000e+00 0.000e+00 0.000e+00 1.000e+00 0.000e+00 4.096e+03 0.000e+00]","[1.000e+00 0.000e+00 1.000e+00 0.000e+00 1.000e+00 0.000e+00 1.000e+00
 0.000e+00 0.000e+00 0.000e+00 0.000e+00 3.000e+01 4.096e+03 0.000e+00]","[1.000e+00 0.000e+00 1.000e+00 0.000e+00 1.000e+00 0.000e+00 1.000e+00
 0.000e+00 0.000e+00 0.000e+00 0.000e+00 5.000e+01 4.096e+03 0.000e+00]","[1.000e+00 0.000e+00 1.000e+00 0.000e+00 1.000e+00 0.000e+00 1.000e+00
 0.000e+00 0.000e+00 0.000e+00 1.000e+00 0.000e+00 4.096e+03 0.000e+00]","[1.000e+00 0.000e+00 1.000e+00 0.000e+00 1.000e+00 0.000e+00 1.000e+00
 0.000e+00 0.000e+00 0.000e+00 0.000e+00 4.000e+01 4.096e+03 0.000e+00]",[1. 1. 1. 0. 1. 0. 1. 0. 0. 0. 1. 0. 1. 0.],"[1.000e+00 1.000e+00 1.000e+00 0.000e+00 1.000e+00 0.000e+00 1.000e+00
 0.000e+00 0.000e+00 0.000e+00 1.000e+00 0.000e+00 2.048e+03 0.000e+00]","[1.000e+00 0.000e+00 1.000e+00 0.000e+00 1.000e+00 0.000e+00 1.000e+00
 0.000e+00 0.000e+00 0.000e+00 0.000e+00 4.000e+01 4.096e+03 0.000e+00]",[1. 1. 1. 0. 1. 0. 1. 0. 0. 0. 1. 0. 1. 0.],"[1.000e+00 1.000e+00 1.000e+00 0.000e+00 1.000e+00 0.000e+00 1.000e+00
 0.000e+00 0.000e+00 0.000e+00 0.000e+00 0.000e+00 4.096e+03 0.000e+00]",[ 1.  1.  1.  0.  1.  0.  1.  0.  0.  0.  1. 10.  1.  0.],"[1.000e+00 0.000e+00 1.000e+00 0.000e+00 1.000e+00 0.000e+00 1.000e+00
 0.000e+00 0.000e+00 0.000e+00 0.000e+00 0.000e+00 1.024e+03 0.000e+00]","[1.000e+00 1.000e+00 1.000e+00 0.000e+00 1.000e+00 0.000e+00 1.000e+00
 0.000e+00 0.000e+00 0.000e+00 1.000e+00 2.000e+01 4.096e+03 0.000e+00]",[ 1.  1.  1.  0.  1.  0.  1.  0.  0.  0.  1. 30.  1.  0.],"[1.000e+00 1.000e+00 1.000e+00 0.000e+00 1.000e+00 0.000e+00 1.000e+00
 0.000e+00 0.000e+00 0.000e+00 1.000e+00 3.000e+01 4.096e+03 0.000e+00]","[1.000e+00 1.000e+00 1.000e+00 0.000e+00 1.000e+00 0.000e+00 1.000e+00
 0.000e+00 0.000e+00 0.000e+00 1.000e+00 2.000e+01 4.096e+03 0.000e+00]","[1.000e+00 1.000e+00 1.000e+00 0.000e+00 1.000e+00 0.000e+00 1.000e+00
 0.000e+00 0.000e+00 0.000e+00 1.000e+00 2.000e+01 4.096e+03 0.000e+00]","[1.000e+00 1.000e+00 1.000e+00 0.000e+00 1.000e+00 0.000e+00 1.000e+00
 0.000e+00 0.000e+00 0.000e+00 1.000e+00 1.000e+01 4.096e+03 0.000e+00]","[1.000e+00 0.000e+00 1.000e+00 0.000e+00 1.000e+00 0.000e+00 1.000e+00
 0.000e+00 0.000e+00 0.000e+00 0.000e+00 3.000e+01 4.096e+03 0.000e+00]",[1. 1. 1. 0. 1. 0. 1. 0. 0. 0. 1. 0. 1. 6.],"[1.000e+00 1.000e+00 1.000e+00 0.000e+00 1.000e+00 0.000e+00 1.000e+00
 0.000e+00 0.000e+00 0.000e+00 1.000e+00 8.000e+01 1.024e+03 4.000e+00]","[1.000e+00 1.000e+00 1.000e+00 0.000e+00 1.000e+00 0.000e+00 1.000e+00
 0.000e+00 0.000e+00 0.000e+00 1.000e+00 5.000e+01 1.024e+03 2.000e+00]",[ 1.  1.  1.  0.  1.  0.  1.  0.  0.  0.  1. 90.  1.  4.],"[1.000e+00 1.000e+00 1.000e+00 0.000e+00 1.000e+00 0.000e+00 1.000e+00
 0.000e+00 0.000e+00 0.000e+00 1.000e+00 6.000e+01 1.024e+03 2.000e+00]","[1.000e+00 1.000e+00 1.000e+00 0.000e+00 1.000e+00 0.000e+00 1.000e+00
 0.000e+00 0.000e+00 0.000e+00 1.000e+00 5.000e+01 1.024e+03 2.000e+00]","[1.000e+00 1.000e+00 1.000e+00 0.000e+00 1.000e+00 0.000e+00 1.000e+00
 0.000e+00 0.000e+00 0.000e+00 1.000e+00 4.000e+01 1.024e+03 2.000e+00]","[1.000e+00 1.000e+00 1.000e+00 0.000e+00 1.000e+00 0.000e+00 1.000e+00
 0.000e+00 0.000e+00 0.000e+00 1.000e+00 1.000e+02 2.048e+03 2.000e+00]","[1.000e+00 1.000e+00 1.000e+00 0.000e+00 1.000e+00 0.000e+00 1.000e+00
 0.000e+00 0.000e+00 0.000e+00 1.000e+00 6.000e+01 1.024e+03 2.000e+00]","[1.000e+00 1.000e+00 1.000e+00 0.000e+00 1.000e+00 0.000e+00 1.000e+00
 0.000e+00 0.000e+00 0.000e+00 1.000e+00 6.000e+01 1.024e+03 2.000e+00]","[1.000e+00 1.000e+00 1.000e+00 0.000e+00 1.000e+00 0.000e+00 1.000e+00
 0.000e+00 0.000e+00 0.000e+00 1.000e+00 1.000e+02 1.024e+03 2.000e+00]",[  1.   1.   1.   0.   1.   0.   0.   1.   0.   0.   1. 100.   1.   0.],"[1.000e+00 1.000e+00 1.000e+00 1.000e+00 1.000e+00 0.000e+00 1.000e+00
 0.000e+00 0.000e+00 0.000e+00 1.000e+00 1.000e+02 1.024e+03 2.000e+00]","[1.000e+00 1.000e+00 1.000e+00 1.000e+00 1.000e+00 0.000e+00 1.000e+00
 0.000e+00 0.000e+00 0.000e+00 1.000e+00 0.000e+00 1.024e+03 0.000e+00]","[1.000e+00 0.000e+00 1.000e+00 0.000e+00 1.000e+00 0.000e+00 1.000e+00
 0.000e+00 0.000e+00 0.000e+00 1.000e+00 1.000e+02 2.048e+03 0.000e+00]","[1.000e+00 1.000e+00 1.000e+00 0.000e+00 1.000e+00 0.000e+00 1.000e+00
 0.000e+00 0.000e+00 0.000e+00 1.000e+00 5.000e+01 1.024e+03 2.000e+00]","[1.000e+00 1.000e+00 1.000e+00 0.000e+00 1.000e+00 0.000e+00 1.000e+00
 0.000e+00 0.000e+00 0.000e+00 1.000e+00 6.000e+01 2.048e+03 0.000e+00]","[1.000e+00 1.000e+00 1.000e+00 0.000e+00 1.000e+00 0.000e+00 1.000e+00
 0.000e+00 0.000e+00 0.000e+00 1.000e+00 5.000e+01 1.024e+03 0.000e+00]","[1.000e+00 1.000e+00 1.000e+00 0.000e+00 1.000e+00 0.000e+00 1.000e+00
 0.000e+00 0.000e+00 0.000e+00 1.000e+00 5.000e+01 1.024e+03 0.000e+00]","[1.000e+00 1.000e+00 1.000e+00 0.000e+00 1.000e+00 0.000e+00 1.000e+00
 0.000e+00 0.000e+00 0.000e+00 1.000e+00 5.000e+01 2.048e+03 0.000e+00]",[  1.   1.   1.   0.   1.   0.   1.   0.   0.   0.   1.  50. 512.   0.],"[1.000e+00 1.000e+00 1.000e+00 0.000e+00 1.000e+00 0.000e+00 1.000e+00
 0.000e+00 0.000e+00 0.000e+00 1.000e+00 5.000e+01 1.024e+03 0.000e+00]","[1.000e+00 1.000e+00 0.000e+00 0.000e+00 1.000e+00 0.000e+00 1.000e+00
 0.000e+00 0.000e+00 0.000e+00 1.000e+00 9.000e+01 2.048e+03 2.000e+00]","[1.000e+00 1.000e+00 1.000e+00 0.000e+00 1.000e+00 0.000e+00 1.000e+00
 0.000e+00 0.000e+00 0.000e+00 1.000e+00 4.000e+01 2.048e+03 0.000e+00]","[1.000e+00 1.000e+00 1.000e+00 0.000e+00 1.000e+00 0.000e+00 1.000e+00
 0.000e+00 0.000e+00 0.000e+00 1.000e+00 5.000e+01 1.024e+03 0.000e+00]","[1.000e+00 1.000e+00 0.000e+00 0.000e+00 1.000e+00 0.000e+00 1.000e+00
 0.000e+00 0.000e+00 0.000e+00 1.000e+00 7.000e+01 1.024e+03 2.000e+00]","[1.000e+00 1.000e+00 1.000e+00 0.000e+00 1.000e+00 0.000e+00 1.000e+00
 0.000e+00 0.000e+00 0.000e+00 1.000e+00 6.000e+01 1.024e+03 2.000e+00]","[1.000e+00 1.000e+00 1.000e+00 0.000e+00 1.000e+00 0.000e+00 1.000e+00
 0.000e+00 0.000e+00 0.000e+00 1.000e+00 5.000e+01 1.024e+03 0.000e+00]","[1.000e+00 1.000e+00 1.000e+00 0.000e+00 1.000e+00 0.000e+00 0.000e+00
 1.000e+00 0.000e+00 0.000e+00 1.000e+00 1.000e+02 4.096e+03 2.000e+00]","[1.000e+00 1.000e+00 1.000e+00 0.000e+00 1.000e+00 0.000e+00 1.000e+00
 0.000e+00 0.000e+00 0.000e+00 1.000e+00 7.000e+01 2.048e+03 2.000e+00]","[1.000e+00 1.000e+00 1.000e+00 0.000e+00 1.000e+00 0.000e+00 1.000e+00
 0.000e+00 0.000e+00 0.000e+00 1.000e+00 7.000e+01 1.024e+03 2.000e+00]","[1.000e+00 1.000e+00 1.000e+00 0.000e+00 1.000e+00 0.000e+00 1.000e+00
 0.000e+00 0.000e+00 0.000e+00 1.000e+00 4.000e+01 1.024e+03 0.000e+00]","[1.000e+00 1.000e+00 1.000e+00 0.000e+00 1.000e+00 0.000e+00 1.000e+00
 0.000e+00 0.000e+00 0.000e+00 1.000e+00 7.000e+01 1.024e+03 2.000e+00]","[1.000e+00 1.000e+00 1.000e+00 0.000e+00 1.000e+00 0.000e+00 1.000e+00
 0.000e+00 0.000e+00 0.000e+00 1.000e+00 5.000e+01 1.024e+03 0.000e+00]","[1.000e+00 1.000e+00 1.000e+00 0.000e+00 1.000e+00 0.000e+00 1.000e+00
 0.000e+00 0.000e+00 0.000e+00 1.000e+00 7.000e+01 1.024e+03 2.000e+00]","[1.000e+00 1.000e+00 1.000e+00 0.000e+00 1.000e+00 0.000e+00 1.000e+00
 0.000e+00 0.000e+00 0.000e+00 1.000e+00 5.000e+01 2.048e+03 0.000e+00]","[1.000e+00 0.000e+00 1.000e+00 0.000e+00 1.000e+00 0.000e+00 1.000e+00
 0.000e+00 0.000e+00 0.000e+00 0.000e+00 1.000e+02 4.096e+03 0.000e+00]","[1.000e+00 1.000e+00 1.000e+00 0.000e+00 1.000e+00 0.000e+00 1.000e+00
 0.000e+00 0.000e+00 0.000e+00 1.000e+00 5.000e+01 1.024e+03 0.000e+00]","[1.000e+00 1.000e+00 1.000e+00 0.000e+00 1.000e+00 0.000e+00 1.000e+00
 0.000e+00 0.000e+00 0.000e+00 1.000e+00 4.000e+01 1.024e+03 0.000e+00]","[1.000e+00 1.000e+00 1.000e+00 0.000e+00 1.000e+00 0.000e+00 1.000e+00
 0.000e+00 0.000e+00 0.000e+00 1.000e+00 6.000e+01 1.024e+03 2.000e+00]","[1.000e+00 1.000e+00 1.000e+00 0.000e+00 1.000e+00 0.000e+00 1.000e+00
 0.000e+00 0.000e+00 0.000e+00 1.000e+00 6.000e+01 1.024e+03 2.000e+00]","[1.000e+00 1.000e+00 1.000e+00 0.000e+00 1.000e+00 0.000e+00 1.000e+00
 0.000e+00 0.000e+00 0.000e+00 1.000e+00 5.000e+01 1.024e+03 0.000e+00]","[1.000e+00 1.000e+00 1.000e+00 0.000e+00 1.000e+00 0.000e+00 1.000e+00
 0.000e+00 0.000e+00 0.000e+00 1.000e+00 7.000e+01 1.024e+03 2.000e+00]","[1.000e+00 1.000e+00 1.000e+00 0.000e+00 1.000e+00 0.000e+00 1.000e+00
 0.000e+00 0.000e+00 0.000e+00 1.000e+00 7.000e+01 1.024e+03 2.000e+00]","[1.000e+00 1.000e+00 1.000e+00 0.000e+00 1.000e+00 0.000e+00 1.000e+00
 0.000e+00 0.000e+00 0.000e+00 1.000e+00 1.000e+02 2.048e+03 2.000e+00]","[1.000e+00 1.000e+00 1.000e+00 0.000e+00 1.000e+00 0.000e+00 1.000e+00
 0.000e+00 0.000e+00 0.000e+00 1.000e+00 4.000e+01 2.048e+03 0.000e+00]","[1.000e+00 1.000e+00 1.000e+00 0.000e+00 1.000e+00 0.000e+00 1.000e+00
 0.000e+00 0.000e+00 0.000e+00 1.000e+00 6.000e+01 1.024e+03 2.000e+00]","[1.000e+00 1.000e+00 1.000e+00 0.000e+00 1.000e+00 0.000e+00 1.000e+00
 0.000e+00 0.000e+00 0.000e+00 1.000e+00 5.000e+01 1.024e+03 0.000e+00]","[1.000e+00 1.000e+00 1.000e+00 0.000e+00 1.000e+00 0.000e+00 1.000e+00
 0.000e+00 0.000e+00 0.000e+00 1.000e+00 5.000e+01 1.024e+03 0.000e+00]","[1.000e+00 1.000e+00 0.000e+00 0.000e+00 1.000e+00 0.000e+00 1.000e+00
 0.000e+00 0.000e+00 0.000e+00 1.000e+00 1.000e+02 4.096e+03 0.000e+00]","[1.000e+00 0.000e+00 0.000e+00 0.000e+00 1.000e+00 0.000e+00 1.000e+00
 0.000e+00 0.000e+00 0.000e+00 1.000e+00 1.000e+02 4.096e+03 0.000e+00]","[1.000e+00 1.000e+00 0.000e+00 0.000e+00 1.000e+00 0.000e+00 1.000e+00
 0.000e+00 0.000e+00 0.000e+00 1.000e+00 1.000e+02 2.048e+03 2.000e+00]","[1.000e+00 1.000e+00 1.000e+00 0.000e+00 1.000e+00 0.000e+00 1.000e+00
 0.000e+00 0.000e+00 0.000e+00 1.000e+00 6.000e+01 1.024e+03 2.000e+00]","[1.000e+00 1.000e+00 0.000e+00 0.000e+00 1.000e+00 0.000e+00 1.000e+00
 0.000e+00 0.000e+00 0.000e+00 1.000e+00 1.000e+02 2.048e+03 2.000e+00]","[1.000e+00 1.000e+00 1.000e+00 0.000e+00 1.000e+00 0.000e+00 1.000e+00
 0.000e+00 0.000e+00 0.000e+00 1.000e+00 5.000e+01 2.048e+03 2.000e+00]","[1.000e+00 1.000e+00 1.000e+00 0.000e+00 1.000e+00 0.000e+00 1.000e+00
 0.000e+00 0.000e+00 0.000e+00 1.000e+00 4.000e+01 1.024e+03 0.000e+00]","[1.000e+00 1.000e+00 1.000e+00 0.000e+00 1.000e+00 0.000e+00 1.000e+00
 0.000e+00 0.000e+00 0.000e+00 1.000e+00 6.000e+01 1.024e+03 2.000e+00]","[1.000e+00 0.000e+00 1.000e+00 0.000e+00 1.000e+00 0.000e+00 1.000e+00
 0.000e+00 0.000e+00 0.000e+00 0.000e+00 1.000e+02 4.096e+03 0.000e+00]","[1.000e+00 1.000e+00 1.000e+00 0.000e+00 1.000e+00 0.000e+00 1.000e+00
 0.000e+00 0.000e+00 0.000e+00 1.000e+00 6.000e+01 1.024e+03 2.000e+00]","[1.000e+00 1.000e+00 0.000e+00 0.000e+00 1.000e+00 0.000e+00 1.000e+00
 0.000e+00 0.000e+00 0.000e+00 1.000e+00 1.000e+02 4.096e+03 0.000e+00]","[1.000e+00 1.000e+00 1.000e+00 0.000e+00 1.000e+00 0.000e+00 1.000e+00
 0.000e+00 0.000e+00 0.000e+00 1.000e+00 5.000e+01 1.024e+03 2.000e+00]",[ 1.  1.  0.  0.  1.  0.  1.  0.  0.  0.  1. 60.  1.  2.],"[1.000e+00 1.000e+00 1.000e+00 0.000e+00 1.000e+00 0.000e+00 1.000e+00
 0.000e+00 0.000e+00 0.000e+00 1.000e+00 5.000e+01 1.024e+03 0.000e+00]","[1.000e+00 1.000e+00 1.000e+00 0.000e+00 1.000e+00 0.000e+00 1.000e+00
 0.000e+00 0.000e+00 0.000e+00 1.000e+00 8.000e+01 1.024e+03 2.000e+00]","[1.000e+00 1.000e+00 1.000e+00 0.000e+00 1.000e+00 0.000e+00 1.000e+00
 0.000e+00 0.000e+00 0.000e+00 1.000e+00 5.000e+01 1.024e+03 0.000e+00]","[1.000e+00 0.000e+00 1.000e+00 0.000e+00 1.000e+00 0.000e+00 1.000e+00
 0.000e+00 0.000e+00 0.000e+00 0.000e+00 1.000e+02 4.096e+03 0.000e+00]","[1.000e+00 1.000e+00 1.000e+00 0.000e+00 1.000e+00 0.000e+00 1.000e+00
 0.000e+00 0.000e+00 0.000e+00 1.000e+00 6.000e+01 1.024e+03 2.000e+00]","[1.000e+00 1.000e+00 1.000e+00 0.000e+00 1.000e+00 0.000e+00 1.000e+00
 0.000e+00 0.000e+00 0.000e+00 1.000e+00 5.000e+01 1.024e+03 0.000e+00]","[1.000e+00 1.000e+00 0.000e+00 0.000e+00 1.000e+00 0.000e+00 1.000e+00
 0.000e+00 0.000e+00 0.000e+00 1.000e+00 1.000e+02 4.096e+03 0.000e+00]","[1.000e+00 1.000e+00 0.000e+00 0.000e+00 1.000e+00 0.000e+00 1.000e+00
 0.000e+00 0.000e+00 0.000e+00 1.000e+00 1.000e+02 2.048e+03 2.000e+00]","[1.000e+00 1.000e+00 1.000e+00 0.000e+00 1.000e+00 0.000e+00 1.000e+00
 0.000e+00 0.000e+00 0.000e+00 1.000e+00 6.000e+01 1.024e+03 2.000e+00]","[1.000e+00 1.000e+00 0.000e+00 0.000e+00 1.000e+00 0.000e+00 1.000e+00
 0.000e+00 0.000e+00 0.000e+00 1.000e+00 1.000e+02 4.096e+03 0.000e+00]","[1.000e+00 1.000e+00 1.000e+00 0.000e+00 1.000e+00 0.000e+00 1.000e+00
 0.000e+00 0.000e+00 0.000e+00 1.000e+00 5.000e+01 1.024e+03 2.000e+00]","[1.000e+00 1.000e+00 0.000e+00 0.000e+00 1.000e+00 0.000e+00 1.000e+00
 0.000e+00 0.000e+00 0.000e+00 1.000e+00 1.000e+02 4.096e+03 0.000e+00]","[1.000e+00 1.000e+00 1.000e+00 0.000e+00 1.000e+00 0.000e+00 1.000e+00
 0.000e+00 0.000e+00 0.000e+00 1.000e+00 5.000e+01 1.024e+03 0.000e+00]","[1.000e+00 1.000e+00 1.000e+00 0.000e+00 1.000e+00 0.000e+00 1.000e+00
 0.000e+00 0.000e+00 0.000e+00 1.000e+00 3.000e+01 2.048e+03 0.000e+00]","[1.000e+00 1.000e+00 1.000e+00 0.000e+00 1.000e+00 0.000e+00 1.000e+00
 0.000e+00 0.000e+00 0.000e+00 1.000e+00 1.000e+02 2.048e+03 2.000e+00]","[1.000e+00 1.000e+00 0.000e+00 0.000e+00 1.000e+00 0.000e+00 1.000e+00
 0.000e+00 0.000e+00 0.000e+00 1.000e+00 6.000e+01 4.096e+03 0.000e+00]","[1.000e+00 1.000e+00 1.000e+00 0.000e+00 1.000e+00 0.000e+00 1.000e+00
 0.000e+00 0.000e+00 0.000e+00 1.000e+00 5.000e+01 1.024e+03 2.000e+00]","[1.000e+00 1.000e+00 1.000e+00 0.000e+00 1.000e+00 0.000e+00 1.000e+00
 0.000e+00 0.000e+00 0.000e+00 1.000e+00 1.000e+02 2.048e+03 2.000e+00]","[1.000e+00 1.000e+00 1.000e+00 0.000e+00 1.000e+00 0.000e+00 1.000e+00
 0.000e+00 0.000e+00 0.000e+00 1.000e+00 4.000e+01 1.024e+03 0.000e+00]","[1.000e+00 1.000e+00 1.000e+00 0.000e+00 1.000e+00 0.000e+00 1.000e+00
 0.000e+00 0.000e+00 0.000e+00 1.000e+00 3.000e+01 4.096e+03 0.000e+00]","[1.000e+00 1.000e+00 1.000e+00 0.000e+00 1.000e+00 0.000e+00 1.000e+00
 0.000e+00 0.000e+00 0.000e+00 1.000e+00 5.000e+01 1.024e+03 0.000e+00]","[1.000e+00 1.000e+00 1.000e+00 0.000e+00 1.000e+00 0.000e+00 1.000e+00
 0.000e+00 0.000e+00 0.000e+00 1.000e+00 5.000e+01 1.024e+03 2.000e+00]","[1.000e+00 1.000e+00 1.000e+00 0.000e+00 1.000e+00 0.000e+00 1.000e+00
 0.000e+00 0.000e+00 0.000e+00 1.000e+00 1.000e+02 2.048e+03 8.000e+00]",[  1.   1.   1.   0.   1.   0.   1.   0.   0.   0.   1. 100. 256.   0.],"[1.000e+00 0.000e+00 0.000e+00 0.000e+00 1.000e+00 0.000e+00 0.000e+00
 1.000e+00 0.000e+00 0.000e+00 1.000e+00 7.000e+01 2.048e+03 2.000e+00]","[1.000e+00 1.000e+00 1.000e+00 0.000e+00 1.000e+00 0.000e+00 1.000e+00
 0.000e+00 0.000e+00 0.000e+00 1.000e+00 1.000e+02 1.024e+03 0.000e+00]","[1.000e+00 1.000e+00 1.000e+00 0.000e+00 1.000e+00 0.000e+00 1.000e+00
 0.000e+00 0.000e+00 0.000e+00 0.000e+00 1.000e+02 2.048e+03 0.000e+00]","[1.000e+00 1.000e+00 1.000e+00 0.000e+00 1.000e+00 0.000e+00 1.000e+00
 0.000e+00 0.000e+00 0.000e+00 1.000e+00 4.000e+01 4.096e+03 0.000e+00]","[1.000e+00 1.000e+00 0.000e+00 0.000e+00 1.000e+00 0.000e+00 0.000e+00
 1.000e+00 0.000e+00 0.000e+00 1.000e+00 3.000e+01 2.048e+03 0.000e+00]",[  1.   1.   0.   0.   1.   0.   1.   0.   0.   0.   1. 100. 512.   0.],[ 1.  1.  1.  0.  1.  0.  1.  0.  0.  0.  0. 70.  1.  4.],"[1.000e+00 1.000e+00 1.000e+00 0.000e+00 1.000e+00 0.000e+00 1.000e+00
 0.000e+00 0.000e+00 0.000e+00 1.000e+00 8.000e+01 2.048e+03 0.000e+00]","[1.000e+00 1.000e+00 1.000e+00 0.000e+00 1.000e+00 0.000e+00 1.000e+00
 0.000e+00 0.000e+00 0.000e+00 1.000e+00 0.000e+00 4.096e+03 0.000e+00]","[1.000e+00 1.000e+00 1.000e+00 0.000e+00 1.000e+00 0.000e+00 1.000e+00
 0.000e+00 0.000e+00 0.000e+00 1.000e+00 1.000e+02 2.048e+03 0.000e+00]",[  1.   1.   1.   0.   1.   0.   1.   0.   0.   0.   1. 100.  32.   4.],"[1.000e+00 0.000e+00 0.000e+00 0.000e+00 1.000e+00 0.000e+00 1.000e+00
 0.000e+00 0.000e+00 0.000e+00 1.000e+00 3.000e+01 2.048e+03 0.000e+00]","[1.000e+00 1.000e+00 0.000e+00 0.000e+00 1.000e+00 0.000e+00 0.000e+00
 1.000e+00 0.000e+00 0.000e+00 1.000e+00 1.000e+02 1.024e+03 2.000e+00]","[1.000e+00 0.000e+00 0.000e+00 0.000e+00 1.000e+00 0.000e+00 1.000e+00
 0.000e+00 0.000e+00 0.000e+00 1.000e+00 1.000e+02 2.048e+03 4.000e+00]","[1.000e+00 1.000e+00 0.000e+00 0.000e+00 1.000e+00 0.000e+00 1.000e+00
 0.000e+00 0.000e+00 0.000e+00 1.000e+00 5.000e+01 4.096e+03 0.000e+00]","[1.000e+00 0.000e+00 1.000e+00 0.000e+00 1.000e+00 0.000e+00 1.000e+00
 0.000e+00 0.000e+00 0.000e+00 1.000e+00 5.000e+01 4.096e+03 0.000e+00]","[1.000e+00 1.000e+00 1.000e+00 0.000e+00 1.000e+00 0.000e+00 1.000e+00
 0.000e+00 0.000e+00 0.000e+00 1.000e+00 5.000e+01 1.024e+03 2.000e+00]",[  1.   1.   0.   0.   1.   0.   1.   0.   0.   0.   1.  30. 512.   0.],"[1.000e+00 1.000e+00 1.000e+00 0.000e+00 1.000e+00 0.000e+00 1.000e+00
 0.000e+00 0.000e+00 0.000e+00 1.000e+00 5.000e+01 2.048e+03 0.000e+00]","[1.000e+00 1.000e+00 1.000e+00 0.000e+00 1.000e+00 0.000e+00 1.000e+00
 0.000e+00 0.000e+00 0.000e+00 1.000e+00 1.000e+02 1.024e+03 2.000e+00]",[  1.   1.   1.   0.   1.   0.   1.   0.   0.   0.   1. 100.   1.   2.],"[1.000e+00 1.000e+00 0.000e+00 0.000e+00 1.000e+00 0.000e+00 1.000e+00
 0.000e+00 0.000e+00 0.000e+00 1.000e+00 6.000e+01 1.024e+03 0.000e+00]",[ 1.  1.  0.  0.  1.  0.  1.  0.  0.  0.  1. 90.  1.  4.],"[1.000e+00 1.000e+00 1.000e+00 0.000e+00 1.000e+00 0.000e+00 1.000e+00
 0.000e+00 0.000e+00 0.000e+00 0.000e+00 1.000e+02 1.024e+03 0.000e+00]","[1.000e+00 1.000e+00 1.000e+00 0.000e+00 1.000e+00 0.000e+00 1.000e+00
 0.000e+00 0.000e+00 0.000e+00 1.000e+00 1.000e+02 2.048e+03 0.000e+00]","[1.000e+00 1.000e+00 0.000e+00 0.000e+00 1.000e+00 0.000e+00 1.000e+00
 0.000e+00 0.000e+00 0.000e+00 1.000e+00 6.000e+01 1.024e+03 2.000e+00]","[1.000e+00 1.000e+00 0.000e+00 0.000e+00 1.000e+00 0.000e+00 1.000e+00
 0.000e+00 0.000e+00 0.000e+00 1.000e+00 1.000e+02 2.048e+03 0.000e+00]","[1.000e+00 1.000e+00 1.000e+00 0.000e+00 1.000e+00 0.000e+00 1.000e+00
 0.000e+00 0.000e+00 0.000e+00 0.000e+00 1.000e+02 1.024e+03 0.000e+00]","[1.000e+00 1.000e+00 0.000e+00 0.000e+00 1.000e+00 0.000e+00 1.000e+00
 0.000e+00 0.000e+00 0.000e+00 1.000e+00 1.000e+02 2.048e+03 2.000e+00]","[1.000e+00 1.000e+00 0.000e+00 0.000e+00 1.000e+00 0.000e+00 1.000e+00
 0.000e+00 0.000e+00 0.000e+00 1.000e+00 1.000e+02 1.024e+03 2.000e+00]","[1.000e+00 1.000e+00 0.000e+00 1.000e+00 1.000e+00 0.000e+00 1.000e+00
 0.000e+00 0.000e+00 0.000e+00 1.000e+00 7.000e+01 4.096e+03 0.000e+00]","[1.000e+00 1.000e+00 1.000e+00 0.000e+00 1.000e+00 0.000e+00 0.000e+00
 1.000e+00 0.000e+00 0.000e+00 1.000e+00 1.000e+01 4.096e+03 0.000e+00]","[1.000e+00 1.000e+00 1.000e+00 1.000e+00 1.000e+00 0.000e+00 1.000e+00
 0.000e+00 0.000e+00 0.000e+00 0.000e+00 2.000e+01 4.096e+03 0.000e+00]","[1.000e+00 1.000e+00 1.000e+00 0.000e+00 1.000e+00 0.000e+00 1.000e+00
 0.000e+00 0.000e+00 0.000e+00 1.000e+00 4.000e+01 4.096e+03 0.000e+00]","[1.000e+00 1.000e+00 1.000e+00 0.000e+00 1.000e+00 0.000e+00 1.000e+00
 0.000e+00 0.000e+00 0.000e+00 1.000e+00 1.000e+02 2.048e+03 0.000e+00]","[1.000e+00 1.000e+00 1.000e+00 0.000e+00 1.000e+00 0.000e+00 1.000e+00
 0.000e+00 0.000e+00 0.000e+00 1.000e+00 6.000e+01 2.048e+03 2.000e+00]","[1.000e+00 1.000e+00 1.000e+00 0.000e+00 1.000e+00 0.000e+00 1.000e+00
 0.000e+00 0.000e+00 0.000e+00 1.000e+00 1.000e+02 2.048e+03 2.000e+00]","[1.000e+00 1.000e+00 1.000e+00 0.000e+00 1.000e+00 0.000e+00 1.000e+00
 0.000e+00 0.000e+00 0.000e+00 1.000e+00 6.000e+01 1.024e+03 2.000e+00]","[1.000e+00 1.000e+00 1.000e+00 0.000e+00 1.000e+00 0.000e+00 1.000e+00
 0.000e+00 0.000e+00 0.000e+00 1.000e+00 6.000e+01 1.024e+03 2.000e+00]","[1.000e+00 1.000e+00 1.000e+00 0.000e+00 1.000e+00 0.000e+00 1.000e+00
 0.000e+00 0.000e+00 0.000e+00 0.000e+00 1.000e+02 1.024e+03 0.000e+00]","[1.000e+00 1.000e+00 0.000e+00 0.000e+00 1.000e+00 0.000e+00 1.000e+00
 0.000e+00 0.000e+00 0.000e+00 1.000e+00 1.000e+02 4.096e+03 2.000e+00]","[1.000e+00 1.000e+00 1.000e+00 0.000e+00 1.000e+00 0.000e+00 1.000e+00
 0.000e+00 0.000e+00 0.000e+00 1.000e+00 1.000e+02 1.024e+03 2.000e+00]","[1.000e+00 1.000e+00 1.000e+00 0.000e+00 1.000e+00 0.000e+00 1.000e+00
 0.000e+00 0.000e+00 0.000e+00 1.000e+00 1.000e+02 1.024e+03 0.000e+00]",[  1.   1.   1.   0.   1.   0.   1.   0.   0.   0.   0. 100. 128.   0.],"[1.000e+00 1.000e+00 0.000e+00 0.000e+00 1.000e+00 0.000e+00 1.000e+00
 0.000e+00 0.000e+00 0.000e+00 1.000e+00 8.000e+01 1.024e+03 0.000e+00]","[1.000e+00 1.000e+00 0.000e+00 0.000e+00 1.000e+00 0.000e+00 1.000e+00
 0.000e+00 0.000e+00 0.000e+00 1.000e+00 7.000e+01 4.096e+03 4.000e+00]","[1.000e+00 1.000e+00 1.000e+00 0.000e+00 1.000e+00 0.000e+00 1.000e+00
 0.000e+00 0.000e+00 0.000e+00 1.000e+00 5.000e+01 2.048e+03 0.000e+00]","[1.000e+00 1.000e+00 1.000e+00 0.000e+00 1.000e+00 0.000e+00 1.000e+00
 0.000e+00 0.000e+00 0.000e+00 1.000e+00 9.000e+01 2.048e+03 0.000e+00]","[1.000e+00 0.000e+00 0.000e+00 0.000e+00 1.000e+00 0.000e+00 1.000e+00
 0.000e+00 0.000e+00 0.000e+00 0.000e+00 1.000e+02 2.048e+03 0.000e+00]","[1.000e+00 1.000e+00 1.000e+00 0.000e+00 1.000e+00 0.000e+00 1.000e+00
 0.000e+00 0.000e+00 0.000e+00 1.000e+00 3.000e+01 4.096e+03 0.000e+00]","[1.000e+00 0.000e+00 1.000e+00 0.000e+00 1.000e+00 0.000e+00 1.000e+00
 0.000e+00 0.000e+00 0.000e+00 1.000e+00 4.000e+01 4.096e+03 0.000e+00]",[  1.   1.   0.   0.   1.   0.   1.   0.   0.   0.   1.  30. 512.   0.],"[1.000e+00 1.000e+00 1.000e+00 0.000e+00 1.000e+00 0.000e+00 1.000e+00
 0.000e+00 0.000e+00 0.000e+00 0.000e+00 1.000e+02 1.024e+03 0.000e+00]","[1.000e+00 1.000e+00 1.000e+00 0.000e+00 1.000e+00 0.000e+00 1.000e+00
 0.000e+00 0.000e+00 0.000e+00 1.000e+00 1.000e+02 2.048e+03 0.000e+00]","[1.000e+00 1.000e+00 1.000e+00 0.000e+00 1.000e+00 0.000e+00 1.000e+00
 0.000e+00 0.000e+00 0.000e+00 1.000e+00 9.000e+01 1.024e+03 0.000e+00]",[  1.   1.   1.   0.   1.   0.   0.   0.   1.   0.   0. 100. 256.   0.],"[1.000e+00 1.000e+00 1.000e+00 0.000e+00 1.000e+00 0.000e+00 1.000e+00
 0.000e+00 0.000e+00 0.000e+00 0.000e+00 1.000e+02 4.096e+03 0.000e+00]",[ 1.  1.  1.  0.  1.  0.  1.  0.  0.  0.  1. 40.  1.  2.],"[1.000e+00 1.000e+00 1.000e+00 0.000e+00 1.000e+00 0.000e+00 1.000e+00
 0.000e+00 0.000e+00 0.000e+00 1.000e+00 9.000e+01 2.048e+03 4.000e+00]",[  1.   1.   1.   0.   1.   0.   1.   0.   0.   0.   1.  70. 512.   4.],"[1.000e+00 1.000e+00 1.000e+00 0.000e+00 1.000e+00 0.000e+00 1.000e+00
 0.000e+00 0.000e+00 0.000e+00 1.000e+00 1.000e+02 2.048e+03 0.000e+00]","[1.000e+00 1.000e+00 1.000e+00 0.000e+00 1.000e+00 0.000e+00 1.000e+00
 0.000e+00 0.000e+00 0.000e+00 1.000e+00 7.000e+01 4.096e+03 0.000e+00]","[1.000e+00 0.000e+00 1.000e+00 0.000e+00 1.000e+00 0.000e+00 1.000e+00
 0.000e+00 0.000e+00 0.000e+00 0.000e+00 1.000e+02 2.048e+03 0.000e+00]","[1.000e+00 1.000e+00 1.000e+00 0.000e+00 1.000e+00 0.000e+00 1.000e+00
 0.000e+00 0.000e+00 0.000e+00 1.000e+00 1.000e+01 1.024e+03 0.000e+00]","[1.000e+00 1.000e+00 1.000e+00 1.000e+00 1.000e+00 0.000e+00 1.000e+00
 0.000e+00 0.000e+00 0.000e+00 1.000e+00 6.000e+01 1.024e+03 4.000e+00]",[  1.   1.   1.   1.   1.   0.   1.   0.   0.   0.   1.  10. 512.   0.],"[1.000e+00 1.000e+00 1.000e+00 0.000e+00 1.000e+00 0.000e+00 1.000e+00
 0.000e+00 0.000e+00 0.000e+00 1.000e+00 0.000e+00 4.096e+03 0.000e+00]","[1.000e+00 0.000e+00 1.000e+00 0.000e+00 1.000e+00 0.000e+00 1.000e+00
 0.000e+00 0.000e+00 0.000e+00 1.000e+00 8.000e+01 2.048e+03 0.000e+00]",[  1.   1.   1.   0.   1.   0.   1.   0.   0.   0.   1.  50. 512.   2.],"[1.000e+00 1.000e+00 1.000e+00 0.000e+00 1.000e+00 0.000e+00 1.000e+00
 0.000e+00 0.000e+00 0.000e+00 1.000e+00 7.000e+01 2.048e+03 0.000e+00]","[1.000e+00 1.000e+00 1.000e+00 1.000e+00 1.000e+00 0.000e+00 1.000e+00
 0.000e+00 0.000e+00 0.000e+00 0.000e+00 1.000e+02 2.048e+03 0.000e+00]","[1.000e+00 1.000e+00 1.000e+00 0.000e+00 1.000e+00 0.000e+00 1.000e+00
 0.000e+00 0.000e+00 0.000e+00 0.000e+00 1.000e+02 4.096e+03 0.000e+00]",[  1.   1.   1.   0.   1.   0.   1.   0.   0.   0.   1.  60. 512.   2.],"[1.000e+00 1.000e+00 1.000e+00 0.000e+00 1.000e+00 0.000e+00 1.000e+00
 0.000e+00 0.000e+00 0.000e+00 0.000e+00 4.000e+01 4.096e+03 0.000e+00]","[1.000e+00 1.000e+00 1.000e+00 0.000e+00 1.000e+00 0.000e+00 1.000e+00
 0.000e+00 0.000e+00 0.000e+00 0.000e+00 1.000e+02 4.096e+03 0.000e+00]","[1.000e+00 1.000e+00 0.000e+00 0.000e+00 1.000e+00 0.000e+00 1.000e+00
 0.000e+00 0.000e+00 0.000e+00 0.000e+00 1.000e+02 4.096e+03 0.000e+00]","[1.000e+00 0.000e+00 1.000e+00 0.000e+00 1.000e+00 0.000e+00 1.000e+00
 0.000e+00 0.000e+00 0.000e+00 1.000e+00 4.000e+01 2.048e+03 0.000e+00]","[1.000e+00 1.000e+00 1.000e+00 0.000e+00 1.000e+00 0.000e+00 1.000e+00
 0.000e+00 0.000e+00 0.000e+00 1.000e+00 1.000e+01 4.096e+03 0.000e+00]","[1.000e+00 0.000e+00 1.000e+00 0.000e+00 1.000e+00 0.000e+00 1.000e+00
 0.000e+00 0.000e+00 0.000e+00 1.000e+00 5.000e+01 2.048e+03 0.000e+00]","[1.000e+00 0.000e+00 1.000e+00 0.000e+00 1.000e+00 0.000e+00 1.000e+00
 0.000e+00 0.000e+00 0.000e+00 1.000e+00 0.000e+00 4.096e+03 0.000e+00]","[1.000e+00 1.000e+00 1.000e+00 0.000e+00 1.000e+00 0.000e+00 1.000e+00
 0.000e+00 0.000e+00 0.000e+00 1.000e+00 4.000e+01 4.096e+03 0.000e+00]","[1.000e+00 1.000e+00 0.000e+00 0.000e+00 1.000e+00 0.000e+00 1.000e+00
 0.000e+00 0.000e+00 0.000e+00 0.000e+00 6.000e+01 4.096e+03 0.000e+00]","[1.000e+00 1.000e+00 0.000e+00 0.000e+00 1.000e+00 0.000e+00 1.000e+00
 0.000e+00 0.000e+00 0.000e+00 0.000e+00 1.000e+02 4.096e+03 0.000e+00]","[1.000e+00 0.000e+00 0.000e+00 0.000e+00 1.000e+00 0.000e+00 1.000e+00
 0.000e+00 0.000e+00 0.000e+00 0.000e+00 1.000e+02 2.048e+03 0.000e+00]","[1.000e+00 0.000e+00 1.000e+00 0.000e+00 1.000e+00 0.000e+00 1.000e+00
 0.000e+00 0.000e+00 0.000e+00 1.000e+00 5.000e+01 2.048e+03 0.000e+00]",[  1.   1.   1.   0.   1.   0.   1.   0.   0.   0.   0. 100. 256.   0.],"[1.000e+00 1.000e+00 0.000e+00 0.000e+00 1.000e+00 0.000e+00 1.000e+00
 0.000e+00 0.000e+00 0.000e+00 0.000e+00 9.000e+01 2.048e+03 0.000e+00]","[1.000e+00 1.000e+00 0.000e+00 0.000e+00 1.000e+00 0.000e+00 1.000e+00
 0.000e+00 0.000e+00 0.000e+00 1.000e+00 7.000e+01 4.096e+03 2.000e+00]","[1.000e+00 0.000e+00 0.000e+00 0.000e+00 1.000e+00 0.000e+00 1.000e+00
 0.000e+00 0.000e+00 0.000e+00 1.000e+00 1.000e+02 2.048e+03 0.000e+00]","[1.000e+00 1.000e+00 0.000e+00 0.000e+00 1.000e+00 0.000e+00 1.000e+00
 0.000e+00 0.000e+00 0.000e+00 0.000e+00 1.000e+02 2.048e+03 0.000e+00]","[1.000e+00 1.000e+00 1.000e+00 0.000e+00 1.000e+00 0.000e+00 1.000e+00
 0.000e+00 0.000e+00 0.000e+00 1.000e+00 3.000e+01 2.048e+03 0.000e+00]","[1.000e+00 1.000e+00 1.000e+00 0.000e+00 1.000e+00 0.000e+00 1.000e+00
 0.000e+00 0.000e+00 0.000e+00 1.000e+00 6.000e+01 2.048e+03 0.000e+00]",[  1.   0.   0.   1.   1.   0.   1.   0.   0.   0.   0.  80. 512.   0.],"[1.000e+00 0.000e+00 0.000e+00 0.000e+00 1.000e+00 0.000e+00 1.000e+00
 0.000e+00 0.000e+00 0.000e+00 0.000e+00 1.000e+02 4.096e+03 0.000e+00]","[1.000e+00 0.000e+00 1.000e+00 0.000e+00 1.000e+00 0.000e+00 1.000e+00
 0.000e+00 0.000e+00 0.000e+00 1.000e+00 1.000e+02 2.048e+03 2.000e+00]","[1.000e+00 1.000e+00 1.000e+00 0.000e+00 1.000e+00 0.000e+00 1.000e+00
 0.000e+00 0.000e+00 0.000e+00 1.000e+00 1.000e+02 2.048e+03 4.000e+00]","[1.000e+00 1.000e+00 0.000e+00 0.000e+00 1.000e+00 0.000e+00 1.000e+00
 0.000e+00 0.000e+00 0.000e+00 1.000e+00 1.000e+02 4.096e+03 6.000e+00]","[1.000e+00 1.000e+00 0.000e+00 0.000e+00 1.000e+00 0.000e+00 1.000e+00
 0.000e+00 0.000e+00 0.000e+00 1.000e+00 3.000e+01 4.096e+03 8.000e+00]","[1.000e+00 1.000e+00 0.000e+00 0.000e+00 1.000e+00 0.000e+00 0.000e+00
 1.000e+00 0.000e+00 0.000e+00 1.000e+00 7.000e+01 4.096e+03 2.000e+00]","[1.000e+00 0.000e+00 0.000e+00 0.000e+00 1.000e+00 0.000e+00 1.000e+00
 0.000e+00 0.000e+00 0.000e+00 1.000e+00 8.000e+01 1.024e+03 6.000e+00]","[1.000e+00 1.000e+00 1.000e+00 0.000e+00 1.000e+00 0.000e+00 1.000e+00
 0.000e+00 0.000e+00 0.000e+00 1.000e+00 8.000e+01 2.048e+03 0.000e+00]","[1.000e+00 1.000e+00 1.000e+00 0.000e+00 1.000e+00 0.000e+00 1.000e+00
 0.000e+00 0.000e+00 0.000e+00 1.000e+00 9.000e+01 2.048e+03 0.000e+00]","[1.000e+00 1.000e+00 1.000e+00 0.000e+00 1.000e+00 0.000e+00 1.000e+00
 0.000e+00 0.000e+00 0.000e+00 1.000e+00 9.000e+01 2.048e+03 2.000e+00]","[1.000e+00 1.000e+00 0.000e+00 0.000e+00 1.000e+00 0.000e+00 1.000e+00
 0.000e+00 0.000e+00 0.000e+00 1.000e+00 7.000e+01 2.048e+03 0.000e+00]","[1.000e+00 1.000e+00 1.000e+00 0.000e+00 1.000e+00 0.000e+00 1.000e+00
 0.000e+00 0.000e+00 0.000e+00 1.000e+00 1.000e+02 2.048e+03 2.000e+00]",[  1.   1.   1.   0.   1.   0.   1.   0.   0.   0.   1.  60. 128.   0.],"[1.000e+00 1.000e+00 1.000e+00 0.000e+00 1.000e+00 0.000e+00 1.000e+00
 0.000e+00 0.000e+00 0.000e+00 1.000e+00 9.000e+01 2.048e+03 2.000e+00]","[1.000e+00 1.000e+00 1.000e+00 0.000e+00 1.000e+00 0.000e+00 1.000e+00
 0.000e+00 0.000e+00 0.000e+00 1.000e+00 1.000e+02 2.048e+03 2.000e+00]","[1.000e+00 0.000e+00 1.000e+00 0.000e+00 1.000e+00 0.000e+00 1.000e+00
 0.000e+00 0.000e+00 0.000e+00 1.000e+00 1.000e+02 4.096e+03 6.000e+00]","[1.000e+00 1.000e+00 0.000e+00 0.000e+00 1.000e+00 0.000e+00 1.000e+00
 0.000e+00 0.000e+00 0.000e+00 1.000e+00 1.000e+02 2.048e+03 0.000e+00]","[1.000e+00 1.000e+00 0.000e+00 0.000e+00 1.000e+00 0.000e+00 1.000e+00
 0.000e+00 0.000e+00 0.000e+00 1.000e+00 9.000e+01 2.048e+03 0.000e+00]","[1.000e+00 1.000e+00 1.000e+00 0.000e+00 1.000e+00 0.000e+00 1.000e+00
 0.000e+00 0.000e+00 0.000e+00 1.000e+00 9.000e+01 2.048e+03 0.000e+00]","[1.000e+00 1.000e+00 1.000e+00 0.000e+00 1.000e+00 0.000e+00 1.000e+00
 0.000e+00 0.000e+00 0.000e+00 1.000e+00 8.000e+01 2.048e+03 0.000e+00]","[1.000e+00 1.000e+00 1.000e+00 0.000e+00 1.000e+00 0.000e+00 1.000e+00
 0.000e+00 0.000e+00 0.000e+00 1.000e+00 8.000e+01 2.048e+03 0.000e+00]","[1.000e+00 1.000e+00 1.000e+00 0.000e+00 1.000e+00 0.000e+00 1.000e+00
 0.000e+00 0.000e+00 0.000e+00 1.000e+00 7.000e+01 1.024e+03 0.000e+00]","[1.000e+00 1.000e+00 1.000e+00 0.000e+00 1.000e+00 0.000e+00 1.000e+00
 0.000e+00 0.000e+00 0.000e+00 1.000e+00 8.000e+01 2.048e+03 0.000e+00]"
12847.2,4815.6,12885.0,48781.0,131820.2,121744.6,10714.0,13547.2,17735.2,48496.0,12178.2,14293.6,12274.4,8889.2,11197.0,11211.8,11407.4,10575.6,8905.8,5728.0,5739.4,101277.0,5023.4,8914.0,14293.6,11184.4,5737.0,11879.6,8912.2,5716.2,4761.4,11408.2,11158.6,5736.2,8904.6,4864.8,4854.2,16080.2,4861.2,4854.2,11378.4,4864.8,11407.4,11408.2,4864.8,11407.4,11402.0,11168.4,11383.4,5030.4,11158.6,4824.2,5030.4,5030.4,5728.0,4861.2,82285.6,4271.2,4869.6,14734.4,4685.6,4869.6,4922.0,4694.8,4685.6,4685.6,4758.0,14326.8,17596.4,17771.2,4653.6,4869.6,4709.2,4852.2,4852.2,4837.6,4854.0,4852.2,4671.8,4862.6,4852.2,4782.2,4685.6,4852.2,12162.2,4759.2,4781.0,4887.8,4781.0,4852.2,4781.0,4837.6,4645.6,4852.2,4887.8,4685.6,4685.6,4852.2,4781.0,4781.0,4694.8,4862.6,4685.6,4852.2,4852.2,4668.0,4692.2,4669.8,4685.6,4669.8,4880.0,4887.8,4685.6,4645.6,4685.6,4668.0,4869.6,11216.0,4852.2,4690.0,4852.2,4645.6,4685.6,4852.2,4668.0,4669.8,4685.6,4668.0,4869.6,4668.0,4852.2,4840.2,4694.8,4718.8,4869.6,4694.8,4887.8,4824.2,4852.2,4869.6,101224.8,4667.6,12148.4,4661.0,4673.4,4863.8,12120.0,4676.6,14683.6,4693.4,11385.2,4652.4,4613.6,4871.2,12171.8,4393.2,4867.8,4867.0,4869.6,4857.6,4837.6,4758.0,11198.4,4726.4,14750.6,4655.0,4652.4,4728.2,4686.6,4655.0,4669.8,4669.2,17679.0,12442.4,17632.0,4863.8,4652.4,4698.8,4694.8,4685.6,4685.6,4655.0,4679.6,4758.0,4661.0,4660.8,4830.0,4401.2,4837.6,4652.8,4658.6,4824.2,4855.4,4857.6,4655.0,4652.4,4667.2,8897.6,4653.0,11286.4,4318.6,4383.4,4652.4,4741.0,4660.8,5739.4,11948.8,17710.6,11385.2,4683.6,4858.6,4760.4,17670.2,4653.0,4711.4,4851.0,4653.0,4686.8,4851.2,5728.0,4866.4,11378.4,4863.8,4756.4,4686.8,4658.6,4866.4,4675.4,4681.6,4782.0,4697.6,4683.0,4840.2,4709.2,17657.0,4676.2,4658.4,4354.8,88546.8,100684.2,12269.4,85393.0,4693.4,4652.8,4656.4,4780.6,4694.8,4685.6,4656.4,4694.8,88463.6,4686.6,4673.6,4652.8,4693.4,4693.4,4767.0,4693.4
152
