1,2,3,4,5,6,7,8,9,10,11,12,13,14,15,16,17,18,19,20,21,22,23,24,25,26,27,28,29,30,31,32,33,34,35,36,37,38,39,40,41,42,43,44,45,46,47,48,49,50,51,52,53,54,55,56,57,58,59,60,61,62,63,64,65,66,67,68,69,70,71,72,73,74,75,76,77,78,79,80,81,82,83,84,85,86,87,88,89,90,91,92,93,94,95,96,97,98,99,100,101,102,103,104,105,106,107,108,109,110,111,112,113,114,115,116,117,118,119,120,121,122,123,124,125,126,127,128,129,130,131,132,133,134,135,136,137,138,139,140,141,142,143,144,145,146,147,148,149,150,151,152,153,154,155,156,157,158,159,160,161,162,163,164,165,166,167,168,169,170,171,172,173,174,175,176,177,178,179,180,181,182,183,184,185,186,187,188,189,190,191,192,193,194,195,196,197,198,199,200,201,202,203,204,205,206,207,208,209,210,211,212,213,214,215,216,217,218,219,220,221,222,223,224,225,226,227,228,229,230
"[0.000e+00 0.000e+00 0.000e+00 0.000e+00 0.000e+00 0.000e+00 1.000e+00
 1.000e+00 0.000e+00 0.000e+00 0.000e+00 0.000e+00 6.000e+00 3.500e+01
 2.500e+01 4.500e+01 7.500e+01 6.000e+00 1.000e+00 3.000e+00 5.500e+01
 5.500e+01 7.000e+00 1.600e+01 4.000e+01 8.000e+01 3.000e+01 5.000e+01
 7.000e+01 8.000e+01 3.200e+01 6.272e+03 1.600e+01 1.024e+03 5.000e+00]","[0.000e+00 0.000e+00 1.000e+00 0.000e+00 1.000e+00 0.000e+00 0.000e+00
 0.000e+00 0.000e+00 0.000e+00 1.000e+00 0.000e+00 1.000e+01 1.000e+01
 4.000e+00 5.000e+01 5.500e+01 2.000e+00 8.000e+00 3.000e+00 5.000e+01
 8.000e+01 3.000e+00 1.500e+01 2.000e+01 7.500e+01 2.000e+01 4.000e+01
 2.000e+01 7.000e+01 2.000e+00 4.096e+03 8.000e+00 2.048e+03 1.000e+01]","[0.000e+00 0.000e+00 1.000e+00 1.000e+00 0.000e+00 0.000e+00 0.000e+00
 0.000e+00 0.000e+00 1.000e+00 0.000e+00 0.000e+00 1.600e+01 5.000e+00
 9.000e+00 3.500e+01 5.500e+01 1.400e+01 1.500e+01 1.000e+01 3.500e+01
 6.500e+01 5.000e+00 1.600e+01 1.000e+01 8.000e+01 4.000e+01 4.000e+01
 7.000e+01 8.000e+01 8.000e+00 4.352e+03 6.000e+00 1.024e+03 1.000e+01]","[0.000e+00 1.000e+00 1.000e+00 0.000e+00 0.000e+00 0.000e+00 0.000e+00
 0.000e+00 0.000e+00 0.000e+00 0.000e+00 1.000e+00 1.000e+01 1.000e+01
 4.000e+00 5.000e+01 8.000e+01 2.000e+00 8.000e+00 3.000e+00 5.000e+01
 8.000e+01 3.000e+00 1.500e+01 2.000e+01 7.500e+01 2.000e+01 4.000e+01
 2.000e+01 9.000e+01 2.000e+00 4.096e+03 8.000e+00 2.048e+03 1.000e+01]","[1.000e+00 0.000e+00 0.000e+00 0.000e+00 0.000e+00 0.000e+00 0.000e+00
 0.000e+00 0.000e+00 0.000e+00 0.000e+00 1.000e+00 1.000e+01 1.000e+01
 1.300e+01 3.000e+01 6.000e+01 6.000e+00 2.200e+01 3.000e+00 3.500e+01
 9.000e+01 7.000e+00 8.000e+00 1.000e+01 7.500e+01 4.000e+01 1.000e+01
 9.000e+01 6.500e+01 3.200e+01 7.306e+03 6.000e+00 2.560e+02 2.100e+01]","[1.000e+00 0.000e+00 0.000e+00 1.000e+00 1.000e+00 1.000e+00 1.000e+00
 1.000e+00 1.000e+00 0.000e+00 0.000e+00 1.000e+00 1.000e+01 1.000e+01
 4.000e+00 5.000e+01 8.000e+01 2.000e+00 8.000e+00 3.000e+00 5.000e+01
 8.000e+01 3.000e+00 4.000e+00 2.000e+01 7.500e+01 2.000e+01 4.000e+01
 2.000e+01 7.000e+01 2.000e+00 4.096e+03 1.600e+01 1.024e+03 1.000e+01]","[0.000e+00 1.000e+00 1.000e+00 0.000e+00 0.000e+00 0.000e+00 0.000e+00
 0.000e+00 0.000e+00 0.000e+00 0.000e+00 1.000e+00 1.000e+01 1.500e+01
 1.600e+01 2.500e+01 6.000e+01 2.000e+00 1.100e+01 7.000e+00 5.500e+01
 6.500e+01 3.000e+00 3.000e+01 3.500e+01 7.500e+01 3.000e+01 2.000e+01
 2.500e+01 6.000e+01 1.600e+01 1.792e+03 8.000e+00 2.560e+02 1.700e+01]","[1.000e+00 1.000e+00 1.000e+00 1.000e+00 1.000e+00 1.000e+00 1.000e+00
 0.000e+00 0.000e+00 1.000e+00 1.000e+00 1.000e+00 2.000e+00 2.500e+01
 2.200e+01 7.000e+01 6.000e+01 1.500e+01 2.200e+01 1.000e+00 5.500e+01
 9.000e+01 5.000e+00 2.500e+01 4.500e+01 7.000e+01 2.000e+01 1.000e+01
 2.500e+01 8.000e+01 3.200e+01 2.050e+03 1.400e+01 1.024e+03 6.000e+00]","[0.000e+00 0.000e+00 1.000e+00 0.000e+00 0.000e+00 0.000e+00 0.000e+00
 0.000e+00 0.000e+00 0.000e+00 1.000e+00 1.000e+00 1.000e+01 5.000e+00
 4.000e+00 5.000e+01 8.000e+01 2.000e+00 8.000e+00 3.000e+00 5.000e+01
 8.000e+01 3.000e+00 1.500e+01 2.000e+01 7.500e+01 2.000e+01 4.000e+01
 2.000e+01 7.000e+01 2.000e+00 8.192e+03 8.000e+00 1.024e+03 1.000e+01]","[1.000e+00 0.000e+00 0.000e+00 0.000e+00 0.000e+00 0.000e+00 0.000e+00
 0.000e+00 0.000e+00 0.000e+00 0.000e+00 0.000e+00 1.000e+01 1.000e+01
 4.000e+00 5.000e+01 8.000e+01 2.000e+00 8.000e+00 1.000e+00 5.000e+01
 8.000e+01 3.000e+00 1.500e+01 2.000e+01 9.000e+01 2.000e+01 4.000e+01
 2.000e+01 7.000e+01 2.000e+00 4.096e+03 8.000e+00 1.024e+03 1.000e+01]","[0.000e+00 0.000e+00 1.000e+00 0.000e+00 0.000e+00 0.000e+00 0.000e+00
 0.000e+00 0.000e+00 0.000e+00 0.000e+00 1.000e+00 1.000e+01 1.000e+01
 4.000e+00 5.000e+01 8.000e+01 2.000e+00 8.000e+00 3.000e+00 5.000e+01
 8.000e+01 3.000e+00 4.000e+00 2.000e+01 7.500e+01 2.000e+01 4.000e+01
 2.000e+01 7.000e+01 2.000e+00 4.096e+03 8.000e+00 2.048e+03 1.000e+01]","[0.000e+00 1.000e+00 1.000e+00 0.000e+00 0.000e+00 0.000e+00 0.000e+00
 0.000e+00 0.000e+00 0.000e+00 1.000e+00 0.000e+00 1.000e+01 1.000e+01
 4.000e+00 5.000e+01 8.000e+01 2.000e+00 8.000e+00 3.000e+00 5.000e+01
 8.000e+01 3.000e+00 1.500e+01 2.000e+01 7.500e+01 2.000e+01 4.000e+01
 2.000e+01 9.000e+01 2.000e+00 4.096e+03 8.000e+00 2.048e+03 1.000e+01]","[0.000e+00 1.000e+00 1.000e+00 0.000e+00 0.000e+00 0.000e+00 0.000e+00
 0.000e+00 0.000e+00 0.000e+00 0.000e+00 1.000e+00 1.000e+01 1.000e+01
 4.000e+00 5.000e+01 8.000e+01 2.000e+00 8.000e+00 3.000e+00 5.000e+01
 8.000e+01 3.000e+00 1.500e+01 2.000e+01 5.000e+01 2.000e+01 4.000e+01
 2.000e+01 7.000e+01 2.000e+00 4.096e+03 1.600e+01 1.024e+03 1.000e+01]","[0.000e+00 1.000e+00 1.000e+00 0.000e+00 0.000e+00 0.000e+00 0.000e+00
 0.000e+00 0.000e+00 0.000e+00 0.000e+00 1.000e+00 1.000e+01 1.000e+01
 4.000e+00 5.000e+01 8.000e+01 2.000e+00 3.000e+01 3.000e+00 5.000e+01
 8.000e+01 1.000e+01 1.500e+01 2.000e+01 7.500e+01 2.000e+01 4.000e+01
 2.000e+01 7.000e+01 2.000e+00 4.096e+03 8.000e+00 1.024e+03 1.000e+01]","[0.000e+00 1.000e+00 1.000e+00 0.000e+00 0.000e+00 0.000e+00 0.000e+00
 0.000e+00 0.000e+00 0.000e+00 0.000e+00 1.000e+00 1.000e+01 1.000e+01
 4.000e+00 5.000e+01 8.000e+01 2.000e+00 8.000e+00 3.000e+00 5.000e+01
 8.000e+01 3.000e+00 1.500e+01 2.000e+01 7.500e+01 5.000e+01 4.000e+01
 2.000e+01 7.000e+01 2.000e+00 4.096e+03 8.000e+00 2.048e+03 1.000e+01]","[1.000e+00 0.000e+00 0.000e+00 1.000e+00 1.000e+00 1.000e+00 1.000e+00
 1.000e+00 1.000e+00 0.000e+00 0.000e+00 1.000e+00 1.000e+01 1.000e+01
 4.000e+00 5.000e+01 8.000e+01 2.000e+00 8.000e+00 3.000e+00 5.000e+01
 8.000e+01 3.000e+00 4.000e+00 2.000e+01 7.500e+01 2.000e+01 4.000e+01
 2.000e+01 5.000e+01 2.000e+00 4.096e+03 8.000e+00 1.024e+03 1.000e+01]","[0.000e+00 0.000e+00 1.000e+00 0.000e+00 0.000e+00 0.000e+00 0.000e+00
 0.000e+00 0.000e+00 0.000e+00 1.000e+00 1.000e+00 1.000e+01 1.000e+01
 4.000e+00 5.000e+01 8.000e+01 2.000e+00 8.000e+00 3.000e+00 2.500e+01
 8.000e+01 3.000e+00 1.500e+01 2.000e+01 7.500e+01 2.000e+01 4.000e+01
 2.000e+01 7.000e+01 2.000e+00 4.096e+03 8.000e+00 2.048e+03 1.000e+01]","[0.000e+00 0.000e+00 1.000e+00 0.000e+00 0.000e+00 0.000e+00 0.000e+00
 0.000e+00 0.000e+00 0.000e+00 1.000e+00 1.000e+00 1.000e+01 1.000e+01
 4.000e+00 5.000e+01 5.500e+01 2.000e+00 8.000e+00 3.000e+00 5.000e+01
 8.000e+01 3.000e+00 1.500e+01 2.000e+01 7.500e+01 2.000e+01 4.000e+01
 2.000e+01 7.000e+01 2.000e+00 4.096e+03 8.000e+00 2.048e+03 1.000e+01]","[0.000e+00 0.000e+00 1.000e+00 0.000e+00 0.000e+00 0.000e+00 0.000e+00
 0.000e+00 0.000e+00 0.000e+00 0.000e+00 1.000e+00 1.000e+01 1.000e+01
 4.000e+00 5.000e+01 8.000e+01 2.000e+00 8.000e+00 3.000e+00 5.000e+01
 8.000e+01 3.000e+00 1.500e+01 2.000e+01 5.000e+01 2.000e+01 4.000e+01
 2.000e+01 7.000e+01 2.000e+00 4.096e+03 8.000e+00 2.048e+03 1.000e+01]","[0.000e+00 0.000e+00 1.000e+00 0.000e+00 0.000e+00 0.000e+00 0.000e+00
 0.000e+00 0.000e+00 0.000e+00 1.000e+00 0.000e+00 1.000e+01 1.000e+01
 4.000e+00 5.000e+01 5.500e+01 2.000e+00 3.000e+01 3.000e+00 5.000e+01
 8.000e+01 3.000e+00 1.500e+01 2.000e+01 7.500e+01 2.000e+01 4.000e+01
 2.000e+01 7.000e+01 2.000e+00 4.096e+03 8.000e+00 1.024e+03 1.000e+01]","[1.000e+00 0.000e+00 0.000e+00 1.000e+00 1.000e+00 1.000e+00 1.000e+00
 1.000e+00 1.000e+00 0.000e+00 0.000e+00 1.000e+00 1.000e+01 1.000e+01
 4.000e+00 5.000e+01 8.000e+01 2.000e+00 8.000e+00 1.000e+01 5.000e+01
 8.000e+01 3.000e+00 1.500e+01 2.000e+01 5.000e+01 2.000e+01 4.000e+01
 2.000e+01 7.000e+01 2.000e+00 4.096e+03 8.000e+00 1.024e+03 1.000e+01]","[0.000e+00 0.000e+00 1.000e+00 0.000e+00 0.000e+00 0.000e+00 0.000e+00
 0.000e+00 0.000e+00 0.000e+00 1.000e+00 1.000e+00 1.000e+01 1.000e+01
 4.000e+00 5.000e+01 8.000e+01 2.000e+00 8.000e+00 1.000e+01 5.000e+01
 8.000e+01 3.000e+00 1.500e+01 2.000e+01 7.500e+01 2.000e+01 4.000e+01
 2.000e+01 7.000e+01 2.000e+00 4.096e+03 8.000e+00 2.048e+03 1.000e+01]","[1.000e+00 0.000e+00 0.000e+00 1.000e+00 0.000e+00 0.000e+00 0.000e+00
 0.000e+00 0.000e+00 0.000e+00 0.000e+00 0.000e+00 1.000e+01 1.000e+01
 4.000e+00 5.000e+01 8.000e+01 2.000e+00 3.000e+01 3.000e+00 5.000e+01
 8.000e+01 3.000e+00 1.500e+01 2.000e+01 7.500e+01 2.000e+01 4.000e+01
 2.000e+01 7.000e+01 2.000e+00 4.096e+03 8.000e+00 2.048e+03 1.000e+01]","[1.000e+00 0.000e+00 0.000e+00 1.000e+00 0.000e+00 0.000e+00 0.000e+00
 0.000e+00 0.000e+00 0.000e+00 0.000e+00 0.000e+00 1.000e+01 1.000e+01
 4.000e+00 5.000e+01 8.000e+01 2.000e+00 8.000e+00 1.000e+01 5.000e+01
 8.000e+01 3.000e+00 1.500e+01 2.000e+01 7.500e+01 2.000e+01 4.000e+01
 2.000e+01 7.000e+01 2.000e+00 4.096e+03 8.000e+00 2.048e+03 1.000e+01]","[0.000e+00 0.000e+00 1.000e+00 0.000e+00 0.000e+00 0.000e+00 0.000e+00
 0.000e+00 0.000e+00 0.000e+00 0.000e+00 1.000e+00 1.000e+01 1.000e+01
 4.000e+00 5.000e+01 8.000e+01 2.000e+00 8.000e+00 3.000e+00 2.500e+01
 8.000e+01 3.000e+00 1.500e+01 2.000e+01 7.500e+01 2.000e+01 4.000e+01
 2.000e+01 7.000e+01 2.000e+00 4.096e+03 8.000e+00 2.048e+03 1.000e+01]","[1.000e+00 0.000e+00 1.000e+00 0.000e+00 0.000e+00 0.000e+00 0.000e+00
 0.000e+00 0.000e+00 0.000e+00 1.000e+00 0.000e+00 1.000e+01 1.000e+01
 4.000e+00 5.000e+01 5.500e+01 2.000e+00 8.000e+00 3.000e+00 5.000e+01
 8.000e+01 3.000e+00 1.500e+01 2.000e+01 7.500e+01 2.000e+01 4.000e+01
 9.000e+01 7.000e+01 2.000e+00 4.096e+03 8.000e+00 1.024e+03 1.000e+01]","[1.000e+00 0.000e+00 0.000e+00 0.000e+00 0.000e+00 0.000e+00 0.000e+00
 0.000e+00 0.000e+00 0.000e+00 0.000e+00 1.000e+00 1.000e+01 1.000e+01
 4.000e+00 5.000e+01 8.000e+01 2.000e+00 3.000e+01 3.000e+00 5.000e+01
 8.000e+01 3.000e+00 3.000e+01 2.000e+01 7.500e+01 2.000e+01 4.000e+01
 2.000e+01 7.000e+01 2.000e+00 4.096e+03 8.000e+00 1.024e+03 1.000e+01]","[1.000e+00 0.000e+00 1.000e+00 0.000e+00 0.000e+00 0.000e+00 0.000e+00
 0.000e+00 0.000e+00 0.000e+00 1.000e+00 0.000e+00 1.000e+01 1.000e+01
 4.000e+00 5.000e+01 8.000e+01 2.000e+00 8.000e+00 3.000e+00 5.000e+01
 8.000e+01 1.000e+01 1.500e+01 2.000e+01 7.500e+01 5.000e+01 4.000e+01
 2.000e+01 7.000e+01 2.000e+00 4.096e+03 8.000e+00 1.024e+03 1.000e+01]","[1.000e+00 0.000e+00 0.000e+00 1.000e+00 0.000e+00 0.000e+00 0.000e+00
 0.000e+00 0.000e+00 0.000e+00 0.000e+00 0.000e+00 1.000e+01 1.000e+01
 4.000e+00 5.000e+01 5.500e+01 2.000e+00 8.000e+00 3.000e+00 5.000e+01
 8.000e+01 3.000e+00 1.500e+01 2.000e+01 7.500e+01 5.000e+01 4.000e+01
 2.000e+01 7.000e+01 2.000e+00 4.096e+03 8.000e+00 1.024e+03 1.000e+01]","[0.000e+00 0.000e+00 1.000e+00 0.000e+00 0.000e+00 0.000e+00 0.000e+00
 0.000e+00 0.000e+00 1.000e+00 1.000e+00 0.000e+00 1.000e+01 1.000e+01
 4.000e+00 5.000e+01 8.000e+01 2.000e+00 8.000e+00 3.000e+00 5.000e+01
 8.000e+01 3.000e+00 1.500e+01 2.000e+01 7.500e+01 2.000e+01 4.000e+01
 2.000e+01 7.000e+01 2.000e+00 8.192e+03 8.000e+00 2.048e+03 1.000e+01]","[0.000e+00 0.000e+00 1.000e+00 1.000e+00 0.000e+00 0.000e+00 0.000e+00
 0.000e+00 0.000e+00 0.000e+00 1.000e+00 0.000e+00 1.000e+01 1.000e+01
 4.000e+00 5.000e+01 8.000e+01 2.000e+00 8.000e+00 3.000e+00 5.000e+01
 8.000e+01 3.000e+00 1.500e+01 2.000e+01 7.500e+01 2.000e+01 4.000e+01
 9.000e+01 7.000e+01 2.000e+00 4.096e+03 8.000e+00 2.048e+03 1.000e+01]","[0.000e+00 0.000e+00 1.000e+00 1.000e+00 0.000e+00 0.000e+00 0.000e+00
 0.000e+00 0.000e+00 0.000e+00 1.000e+00 0.000e+00 1.000e+01 1.000e+01
 4.000e+00 5.000e+01 8.000e+01 2.000e+00 3.000e+01 3.000e+00 5.000e+01
 8.000e+01 3.000e+00 1.500e+01 2.000e+01 7.500e+01 2.000e+01 4.000e+01
 2.000e+01 7.000e+01 2.000e+00 4.096e+03 8.000e+00 2.048e+03 1.000e+01]","[0.000e+00 0.000e+00 1.000e+00 0.000e+00 1.000e+00 0.000e+00 0.000e+00
 0.000e+00 0.000e+00 1.000e+00 0.000e+00 0.000e+00 4.000e+00 1.000e+01
 2.000e+00 7.000e+01 6.000e+01 5.000e+00 2.800e+01 6.000e+00 5.000e+01
 6.000e+01 8.000e+00 2.000e+01 1.500e+01 8.000e+01 4.500e+01 5.000e+01
 1.000e+01 5.500e+01 8.000e+00 7.200e+03 4.000e+00 2.048e+03 7.000e+00]","[0.000e+00 0.000e+00 1.000e+00 0.000e+00 1.000e+00 0.000e+00 0.000e+00
 0.000e+00 0.000e+00 0.000e+00 1.000e+00 0.000e+00 1.000e+01 1.000e+01
 4.000e+00 2.500e+01 8.000e+01 2.000e+00 8.000e+00 3.000e+00 5.000e+01
 8.000e+01 3.000e+00 1.500e+01 2.000e+01 7.500e+01 2.000e+01 4.000e+01
 2.000e+01 7.000e+01 2.000e+00 4.096e+03 8.000e+00 2.048e+03 1.000e+01]","[1.000e+00 0.000e+00 1.000e+00 0.000e+00 0.000e+00 0.000e+00 0.000e+00
 0.000e+00 0.000e+00 0.000e+00 1.000e+00 0.000e+00 1.000e+01 1.000e+01
 4.000e+00 5.000e+01 8.000e+01 2.000e+00 8.000e+00 3.000e+00 5.000e+01
 8.000e+01 3.000e+00 1.500e+01 2.000e+01 7.500e+01 2.000e+01 1.000e+01
 2.000e+01 7.000e+01 2.000e+00 4.096e+03 8.000e+00 2.048e+03 1.000e+01]","[1.000e+00 0.000e+00 0.000e+00 0.000e+00 0.000e+00 0.000e+00 0.000e+00
 0.000e+00 0.000e+00 0.000e+00 0.000e+00 0.000e+00 1.000e+01 1.000e+01
 4.000e+00 5.000e+01 5.500e+01 2.000e+00 8.000e+00 3.000e+00 5.000e+01
 8.000e+01 3.000e+00 1.500e+01 2.000e+01 5.000e+01 2.000e+01 4.000e+01
 2.000e+01 7.000e+01 2.000e+00 4.096e+03 8.000e+00 1.024e+03 1.000e+01]","[1.000e+00 0.000e+00 0.000e+00 1.000e+00 0.000e+00 0.000e+00 0.000e+00
 0.000e+00 0.000e+00 0.000e+00 0.000e+00 0.000e+00 1.000e+01 1.000e+01
 4.000e+00 5.000e+01 8.000e+01 2.000e+00 8.000e+00 3.000e+00 5.000e+01
 8.000e+01 3.000e+00 1.500e+01 2.000e+01 7.500e+01 2.000e+01 4.000e+01
 9.000e+01 7.000e+01 2.000e+00 4.096e+03 1.600e+01 1.024e+03 1.000e+01]","[0.000e+00 0.000e+00 1.000e+00 0.000e+00 0.000e+00 0.000e+00 0.000e+00
 0.000e+00 1.000e+00 0.000e+00 1.000e+00 0.000e+00 1.000e+01 1.000e+01
 4.000e+00 5.000e+01 8.000e+01 2.000e+00 8.000e+00 3.000e+00 5.000e+01
 8.000e+01 3.000e+00 1.500e+01 2.000e+01 5.000e+01 2.000e+01 4.000e+01
 2.000e+01 7.000e+01 2.000e+00 4.096e+03 8.000e+00 2.048e+03 1.000e+01]","[0.000e+00 0.000e+00 1.000e+00 0.000e+00 0.000e+00 0.000e+00 0.000e+00
 0.000e+00 0.000e+00 0.000e+00 1.000e+00 1.000e+00 1.000e+01 1.000e+01
 4.000e+00 5.000e+01 8.000e+01 2.000e+00 8.000e+00 3.000e+00 5.000e+01
 8.000e+01 3.000e+00 1.500e+01 2.000e+01 7.500e+01 2.000e+01 1.000e+01
 2.000e+01 7.000e+01 2.000e+00 4.096e+03 8.000e+00 2.048e+03 1.000e+01]","[1.000e+00 0.000e+00 1.000e+00 0.000e+00 0.000e+00 0.000e+00 0.000e+00
 0.000e+00 0.000e+00 1.000e+00 0.000e+00 0.000e+00 1.600e+01 5.000e+00
 9.000e+00 3.500e+01 5.500e+01 1.400e+01 1.500e+01 1.000e+01 3.500e+01
 6.500e+01 5.000e+00 1.600e+01 1.000e+01 8.000e+01 4.000e+01 4.000e+01
 7.000e+01 8.000e+01 8.000e+00 4.352e+03 6.000e+00 2.048e+03 1.000e+01]","[0.000e+00 0.000e+00 1.000e+00 1.000e+00 0.000e+00 0.000e+00 0.000e+00
 0.000e+00 0.000e+00 0.000e+00 1.000e+00 0.000e+00 1.000e+01 1.000e+01
 4.000e+00 5.000e+01 8.000e+01 2.000e+00 8.000e+00 3.000e+00 5.000e+01
 8.000e+01 3.000e+00 1.500e+01 2.000e+01 5.000e+01 2.000e+01 4.000e+01
 2.000e+01 7.000e+01 2.000e+00 4.096e+03 8.000e+00 2.048e+03 1.000e+01]","[0.000e+00 0.000e+00 1.000e+00 0.000e+00 1.000e+00 0.000e+00 0.000e+00
 0.000e+00 0.000e+00 0.000e+00 1.000e+00 0.000e+00 1.000e+01 1.000e+01
 4.000e+00 5.000e+01 8.000e+01 2.000e+00 8.000e+00 3.000e+00 5.000e+01
 8.000e+01 3.000e+00 1.500e+01 2.000e+01 5.000e+01 2.000e+01 1.000e+01
 2.000e+01 7.000e+01 2.000e+00 4.096e+03 8.000e+00 1.024e+03 1.000e+01]","[0.000e+00 0.000e+00 1.000e+00 0.000e+00 0.000e+00 0.000e+00 0.000e+00
 0.000e+00 0.000e+00 0.000e+00 1.000e+00 1.000e+00 1.000e+01 1.000e+01
 4.000e+00 5.000e+01 8.000e+01 2.000e+00 3.000e+01 3.000e+00 5.000e+01
 5.500e+01 3.000e+00 1.500e+01 2.000e+01 7.500e+01 2.000e+01 4.000e+01
 2.000e+01 7.000e+01 2.000e+00 4.096e+03 8.000e+00 1.024e+03 1.000e+01]","[0.000e+00 0.000e+00 1.000e+00 1.000e+00 0.000e+00 0.000e+00 0.000e+00
 0.000e+00 0.000e+00 0.000e+00 0.000e+00 0.000e+00 1.000e+01 1.000e+01
 4.000e+00 5.000e+01 8.000e+01 2.000e+00 3.000e+01 3.000e+00 5.000e+01
 8.000e+01 3.000e+00 1.500e+01 2.000e+01 7.500e+01 2.000e+01 4.000e+01
 2.000e+01 7.000e+01 2.000e+00 4.096e+03 8.000e+00 2.048e+03 1.000e+01]","[0.000e+00 0.000e+00 1.000e+00 0.000e+00 0.000e+00 0.000e+00 0.000e+00
 0.000e+00 0.000e+00 0.000e+00 1.000e+00 0.000e+00 1.000e+01 1.000e+01
 4.000e+00 5.000e+01 5.500e+01 2.000e+00 8.000e+00 3.000e+00 5.000e+01
 8.000e+01 3.000e+00 1.500e+01 2.000e+01 7.500e+01 2.000e+01 4.000e+01
 2.000e+01 7.000e+01 2.000e+00 4.096e+03 8.000e+00 2.048e+03 1.000e+01]","[0.000e+00 0.000e+00 1.000e+00 0.000e+00 1.000e+00 0.000e+00 0.000e+00
 0.000e+00 0.000e+00 0.000e+00 0.000e+00 0.000e+00 1.000e+01 1.000e+01
 4.000e+00 5.000e+01 8.000e+01 2.000e+00 3.000e+01 3.000e+00 5.000e+01
 8.000e+01 1.000e+01 1.500e+01 2.000e+01 7.500e+01 2.000e+01 4.000e+01
 2.000e+01 7.000e+01 2.000e+00 4.096e+03 8.000e+00 1.024e+03 1.000e+01]","[1.000e+00 0.000e+00 0.000e+00 1.000e+00 0.000e+00 0.000e+00 0.000e+00
 0.000e+00 0.000e+00 0.000e+00 0.000e+00 0.000e+00 1.500e+01 1.000e+01
 1.000e+01 4.000e+01 8.000e+01 7.000e+00 2.300e+01 3.000e+00 2.500e+01
 8.000e+01 5.000e+00 2.000e+01 3.000e+01 5.000e+01 3.500e+01 2.000e+01
 2.500e+01 8.500e+01 2.000e+00 4.965e+03 1.300e+01 2.560e+02 1.900e+01]","[0.000e+00 0.000e+00 1.000e+00 0.000e+00 0.000e+00 0.000e+00 0.000e+00
 0.000e+00 0.000e+00 0.000e+00 1.000e+00 0.000e+00 1.000e+01 1.000e+01
 4.000e+00 5.000e+01 8.000e+01 2.000e+00 3.000e+01 3.000e+00 5.000e+01
 8.000e+01 3.000e+00 1.500e+01 2.000e+01 5.000e+01 2.000e+01 4.000e+01
 2.000e+01 7.000e+01 2.000e+00 4.096e+03 8.000e+00 1.024e+03 1.000e+01]","[1.000e+00 0.000e+00 0.000e+00 1.000e+00 0.000e+00 0.000e+00 0.000e+00
 0.000e+00 0.000e+00 0.000e+00 0.000e+00 0.000e+00 1.000e+01 1.000e+01
 4.000e+00 5.000e+01 8.000e+01 2.000e+00 3.000e+01 3.000e+00 5.000e+01
 8.000e+01 3.000e+00 1.500e+01 2.000e+01 5.000e+01 2.000e+01 4.000e+01
 2.000e+01 7.000e+01 2.000e+00 4.096e+03 8.000e+00 1.024e+03 1.000e+01]","[1.000e+00 0.000e+00 0.000e+00 1.000e+00 1.000e+00 0.000e+00 0.000e+00
 0.000e+00 1.000e+00 0.000e+00 0.000e+00 1.000e+00 4.000e+00 5.000e+00
 6.000e+00 4.500e+01 8.000e+01 5.000e+00 2.800e+01 9.000e+00 2.500e+01
 7.500e+01 4.000e+00 1.500e+01 2.000e+01 8.000e+01 4.500e+01 1.500e+01
 3.500e+01 7.500e+01 2.000e+00 7.394e+03 2.000e+00 2.048e+03 1.400e+01]","[0.000e+00 0.000e+00 1.000e+00 0.000e+00 0.000e+00 0.000e+00 0.000e+00
 0.000e+00 0.000e+00 0.000e+00 1.000e+00 1.000e+00 1.000e+01 1.000e+01
 4.000e+00 5.000e+01 8.000e+01 2.000e+00 3.000e+01 3.000e+00 5.000e+01
 8.000e+01 1.000e+01 1.500e+01 2.000e+01 7.500e+01 2.000e+01 4.000e+01
 2.000e+01 7.000e+01 2.000e+00 4.096e+03 8.000e+00 1.024e+03 1.000e+01]","[0.000e+00 0.000e+00 1.000e+00 0.000e+00 0.000e+00 1.000e+00 0.000e+00
 0.000e+00 0.000e+00 0.000e+00 0.000e+00 0.000e+00 1.000e+01 1.000e+01
 4.000e+00 5.000e+01 8.000e+01 2.000e+00 8.000e+00 1.000e+01 5.000e+01
 8.000e+01 3.000e+00 1.500e+01 2.000e+01 7.500e+01 2.000e+01 4.000e+01
 9.000e+01 7.000e+01 2.000e+00 4.096e+03 8.000e+00 1.024e+03 1.000e+01]","[0.000e+00 0.000e+00 1.000e+00 0.000e+00 0.000e+00 0.000e+00 0.000e+00
 0.000e+00 0.000e+00 0.000e+00 1.000e+00 1.000e+00 1.000e+01 1.000e+01
 4.000e+00 5.000e+01 8.000e+01 2.000e+00 3.000e+01 3.000e+00 5.000e+01
 8.000e+01 3.000e+00 1.500e+01 2.000e+01 7.500e+01 2.000e+01 4.000e+01
 2.000e+01 7.000e+01 2.000e+00 4.096e+03 8.000e+00 2.048e+03 1.000e+01]","[0.000e+00 0.000e+00 1.000e+00 1.000e+00 0.000e+00 0.000e+00 0.000e+00
 0.000e+00 0.000e+00 0.000e+00 0.000e+00 0.000e+00 1.000e+01 1.000e+01
 4.000e+00 5.000e+01 8.000e+01 2.000e+00 8.000e+00 3.000e+00 5.000e+01
 8.000e+01 3.000e+00 1.500e+01 2.000e+01 5.000e+01 2.000e+01 4.000e+01
 2.000e+01 7.000e+01 2.000e+00 4.096e+03 1.600e+01 1.024e+03 1.000e+01]","[0.000e+00 0.000e+00 1.000e+00 0.000e+00 0.000e+00 0.000e+00 0.000e+00
 0.000e+00 0.000e+00 0.000e+00 1.000e+00 1.000e+00 1.000e+01 1.000e+01
 4.000e+00 5.000e+01 8.000e+01 2.000e+00 8.000e+00 3.000e+00 5.000e+01
 8.000e+01 3.000e+00 1.500e+01 2.000e+01 7.500e+01 2.000e+01 4.000e+01
 2.000e+01 7.000e+01 2.000e+00 8.192e+03 8.000e+00 2.048e+03 1.000e+01]","[1.000e+00 0.000e+00 0.000e+00 1.000e+00 1.000e+00 1.000e+00 0.000e+00
 1.000e+00 1.000e+00 0.000e+00 0.000e+00 1.000e+00 4.000e+00 5.000e+00
 6.000e+00 4.500e+01 8.000e+01 5.000e+00 2.800e+01 9.000e+00 2.500e+01
 7.500e+01 4.000e+00 1.500e+01 2.000e+01 8.000e+01 4.500e+01 1.500e+01
 3.500e+01 7.500e+01 2.000e+00 7.394e+03 2.000e+00 2.048e+03 1.400e+01]","[1.000e+00 0.000e+00 0.000e+00 1.000e+00 1.000e+00 1.000e+00 1.000e+00
 1.000e+00 1.000e+00 0.000e+00 0.000e+00 1.000e+00 1.000e+01 1.000e+01
 4.000e+00 5.000e+01 8.000e+01 2.000e+00 8.000e+00 3.000e+00 5.000e+01
 8.000e+01 1.000e+01 1.500e+01 2.000e+01 7.500e+01 2.000e+01 4.000e+01
 2.000e+01 7.000e+01 2.000e+00 4.096e+03 8.000e+00 1.024e+03 2.500e+01]","[0.000e+00 0.000e+00 1.000e+00 1.000e+00 0.000e+00 0.000e+00 1.000e+00
 0.000e+00 1.000e+00 0.000e+00 0.000e+00 1.000e+00 4.000e+00 5.000e+00
 6.000e+00 4.500e+01 8.000e+01 5.000e+00 2.800e+01 9.000e+00 2.500e+01
 7.500e+01 4.000e+00 1.500e+01 2.000e+01 8.000e+01 4.500e+01 1.500e+01
 3.500e+01 7.500e+01 2.000e+00 7.394e+03 2.000e+00 2.048e+03 1.400e+01]","[0.000e+00 0.000e+00 1.000e+00 1.000e+00 0.000e+00 0.000e+00 0.000e+00
 0.000e+00 0.000e+00 0.000e+00 0.000e+00 0.000e+00 1.000e+01 1.000e+01
 4.000e+00 5.000e+01 8.000e+01 2.000e+00 3.000e+01 3.000e+00 5.000e+01
 8.000e+01 3.000e+00 1.500e+01 2.000e+01 7.500e+01 2.000e+01 1.000e+01
 2.000e+01 7.000e+01 2.000e+00 4.096e+03 8.000e+00 1.024e+03 1.000e+01]","[0.000e+00 0.000e+00 0.000e+00 1.000e+00 1.000e+00 0.000e+00 0.000e+00
 0.000e+00 0.000e+00 0.000e+00 0.000e+00 0.000e+00 2.000e+01 1.000e+01
 1.000e+00 3.500e+01 7.500e+01 1.000e+01 2.600e+01 1.000e+01 3.500e+01
 6.500e+01 1.000e+00 8.000e+00 1.000e+01 5.500e+01 3.500e+01 2.500e+01
 5.500e+01 7.000e+01 1.600e+01 3.072e+03 1.000e+01 2.048e+03 1.700e+01]","[1.000e+00 0.000e+00 1.000e+00 1.000e+00 0.000e+00 1.000e+00 1.000e+00
 0.000e+00 1.000e+00 0.000e+00 0.000e+00 1.000e+00 1.000e+00 2.000e+01
 2.800e+01 7.500e+01 9.000e+01 1.100e+01 1.400e+01 1.000e+00 4.000e+01
 8.000e+01 1.000e+01 1.000e+01 2.000e+01 9.000e+01 4.500e+01 3.500e+01
 4.000e+01 8.000e+01 8.000e+00 5.836e+03 8.000e+00 2.048e+03 1.500e+01]","[1.000e+00 0.000e+00 1.000e+00 0.000e+00 0.000e+00 0.000e+00 0.000e+00
 0.000e+00 0.000e+00 0.000e+00 0.000e+00 0.000e+00 1.000e+01 1.000e+01
 4.000e+00 5.000e+01 8.000e+01 2.000e+00 8.000e+00 3.000e+00 5.000e+01
 8.000e+01 1.000e+01 1.500e+01 2.000e+01 7.500e+01 2.000e+01 1.000e+01
 2.000e+01 7.000e+01 2.000e+00 4.096e+03 8.000e+00 1.024e+03 1.000e+01]","[1.000e+00 0.000e+00 0.000e+00 1.000e+00 1.000e+00 1.000e+00 1.000e+00
 1.000e+00 1.000e+00 0.000e+00 0.000e+00 1.000e+00 1.000e+01 1.000e+01
 4.000e+00 5.000e+01 8.000e+01 2.000e+00 3.000e+01 3.000e+00 5.000e+01
 8.000e+01 3.000e+00 1.500e+01 2.000e+01 7.500e+01 5.000e+01 4.000e+01
 2.000e+01 7.000e+01 2.000e+00 4.096e+03 8.000e+00 1.024e+03 1.000e+01]","[0.000e+00 0.000e+00 0.000e+00 1.000e+00 0.000e+00 0.000e+00 0.000e+00
 0.000e+00 0.000e+00 0.000e+00 0.000e+00 1.000e+00 1.000e+01 1.000e+01
 4.000e+00 5.000e+01 8.000e+01 2.000e+00 3.000e+01 3.000e+00 5.000e+01
 8.000e+01 1.000e+01 1.500e+01 2.000e+01 7.500e+01 2.000e+01 4.000e+01
 2.000e+01 7.000e+01 2.000e+00 4.096e+03 8.000e+00 1.024e+03 1.000e+01]","[1.000e+00 0.000e+00 1.000e+00 0.000e+00 0.000e+00 0.000e+00 0.000e+00
 0.000e+00 0.000e+00 0.000e+00 1.000e+00 0.000e+00 1.000e+01 1.000e+01
 4.000e+00 5.000e+01 8.000e+01 2.000e+00 8.000e+00 3.000e+00 5.000e+01
 8.000e+01 3.000e+00 1.500e+01 2.000e+01 7.500e+01 5.000e+01 4.000e+01
 2.000e+01 7.000e+01 2.000e+00 4.096e+03 1.600e+01 1.024e+03 1.000e+01]","[0.000e+00 0.000e+00 0.000e+00 1.000e+00 0.000e+00 0.000e+00 0.000e+00
 0.000e+00 0.000e+00 0.000e+00 0.000e+00 1.000e+00 1.000e+01 1.000e+01
 4.000e+00 5.000e+01 8.000e+01 2.000e+00 8.000e+00 3.000e+00 5.000e+01
 8.000e+01 3.000e+00 1.500e+01 2.000e+01 5.000e+01 2.000e+01 4.000e+01
 9.000e+01 7.000e+01 2.000e+00 4.096e+03 8.000e+00 1.024e+03 1.000e+01]","[1.000e+00 0.000e+00 1.000e+00 1.000e+00 0.000e+00 1.000e+00 0.000e+00
 1.000e+00 0.000e+00 0.000e+00 0.000e+00 0.000e+00 4.000e+00 5.000e+00
 6.000e+00 4.500e+01 8.000e+01 5.000e+00 2.800e+01 9.000e+00 2.500e+01
 7.500e+01 4.000e+00 1.500e+01 2.000e+01 8.000e+01 4.500e+01 1.500e+01
 3.500e+01 7.500e+01 2.000e+00 7.394e+03 2.000e+00 2.048e+03 1.400e+01]","[1.000e+00 0.000e+00 1.000e+00 1.000e+00 1.000e+00 1.000e+00 0.000e+00
 1.000e+00 1.000e+00 1.000e+00 1.000e+00 1.000e+00 1.000e+01 1.000e+01
 4.000e+00 5.000e+01 8.000e+01 2.000e+00 3.000e+01 3.000e+00 5.000e+01
 5.500e+01 3.000e+00 1.500e+01 2.000e+01 7.500e+01 2.000e+01 4.000e+01
 2.000e+01 7.000e+01 2.000e+00 4.096e+03 8.000e+00 1.024e+03 1.000e+01]","[1.000e+00 0.000e+00 0.000e+00 0.000e+00 0.000e+00 0.000e+00 0.000e+00
 0.000e+00 1.000e+00 0.000e+00 0.000e+00 0.000e+00 7.000e+00 1.000e+01
 3.200e+01 6.500e+01 7.500e+01 6.000e+00 1.600e+01 1.000e+01 5.500e+01
 8.000e+01 5.000e+00 1.200e+01 2.500e+01 5.000e+01 1.000e+01 2.000e+01
 1.000e+01 9.000e+01 2.000e+00 4.352e+03 4.000e+00 2.048e+03 1.400e+01]","[1.000e+00 0.000e+00 1.000e+00 1.000e+00 1.000e+00 1.000e+00 0.000e+00
 1.000e+00 1.000e+00 1.000e+00 1.000e+00 1.000e+00 1.000e+01 1.000e+01
 4.000e+00 5.000e+01 8.000e+01 2.000e+00 3.000e+01 3.000e+00 5.000e+01
 8.000e+01 3.000e+00 1.500e+01 2.000e+01 7.500e+01 5.000e+01 4.000e+01
 2.000e+01 7.000e+01 2.000e+00 4.096e+03 8.000e+00 1.024e+03 1.000e+01]","[1.000e+00 0.000e+00 0.000e+00 0.000e+00 0.000e+00 1.000e+00 0.000e+00
 0.000e+00 0.000e+00 0.000e+00 0.000e+00 0.000e+00 1.000e+01 1.000e+01
 4.000e+00 5.000e+01 8.000e+01 2.000e+00 8.000e+00 3.000e+00 5.000e+01
 8.000e+01 3.000e+00 1.500e+01 2.000e+01 5.000e+01 2.000e+01 4.000e+01
 2.000e+01 7.000e+01 2.000e+00 4.096e+03 1.600e+01 1.024e+03 1.000e+01]","[1.000e+00 0.000e+00 0.000e+00 1.000e+00 1.000e+00 0.000e+00 0.000e+00
 0.000e+00 1.000e+00 0.000e+00 0.000e+00 1.000e+00 4.000e+00 5.000e+00
 6.000e+00 4.500e+01 8.000e+01 5.000e+00 2.800e+01 9.000e+00 2.500e+01
 7.500e+01 4.000e+00 1.500e+01 2.000e+01 8.000e+01 4.500e+01 1.500e+01
 3.500e+01 7.500e+01 2.000e+00 7.394e+03 2.000e+00 2.048e+03 1.400e+01]","[1.000e+00 0.000e+00 0.000e+00 0.000e+00 0.000e+00 0.000e+00 0.000e+00
 0.000e+00 0.000e+00 0.000e+00 0.000e+00 1.000e+00 1.000e+01 1.000e+01
 4.000e+00 5.000e+01 8.000e+01 2.000e+00 8.000e+00 3.000e+00 5.000e+01
 8.000e+01 1.000e+01 1.500e+01 2.000e+01 7.500e+01 2.000e+01 4.000e+01
 9.000e+01 7.000e+01 2.000e+00 4.096e+03 8.000e+00 1.024e+03 1.000e+01]","[1.000e+00 0.000e+00 1.000e+00 0.000e+00 0.000e+00 0.000e+00 0.000e+00
 0.000e+00 0.000e+00 0.000e+00 1.000e+00 0.000e+00 1.000e+01 1.000e+01
 4.000e+00 5.000e+01 8.000e+01 2.000e+00 8.000e+00 3.000e+00 5.000e+01
 8.000e+01 3.000e+00 1.500e+01 2.000e+01 7.500e+01 5.000e+01 4.000e+01
 2.000e+01 7.000e+01 2.000e+00 4.096e+03 8.000e+00 2.048e+03 1.000e+01]","[0.000e+00 0.000e+00 1.000e+00 0.000e+00 1.000e+00 0.000e+00 0.000e+00
 0.000e+00 0.000e+00 0.000e+00 1.000e+00 0.000e+00 1.000e+01 1.000e+01
 4.000e+00 5.000e+01 8.000e+01 2.000e+00 8.000e+00 3.000e+00 5.000e+01
 8.000e+01 3.000e+00 3.000e+01 2.000e+01 7.500e+01 2.000e+01 4.000e+01
 2.000e+01 7.000e+01 2.000e+00 4.096e+03 8.000e+00 2.048e+03 1.000e+01]","[1.000e+00 0.000e+00 0.000e+00 1.000e+00 1.000e+00 1.000e+00 1.000e+00
 1.000e+00 1.000e+00 0.000e+00 0.000e+00 1.000e+00 1.000e+01 1.000e+01
 4.000e+00 5.000e+01 8.000e+01 2.000e+00 3.000e+01 1.000e+01 5.000e+01
 8.000e+01 3.000e+00 1.500e+01 2.000e+01 7.500e+01 2.000e+01 4.000e+01
 2.000e+01 7.000e+01 2.000e+00 4.096e+03 8.000e+00 1.024e+03 1.000e+01]","[1.000e+00 0.000e+00 0.000e+00 1.000e+00 0.000e+00 0.000e+00 0.000e+00
 0.000e+00 0.000e+00 0.000e+00 0.000e+00 0.000e+00 1.000e+01 1.000e+01
 4.000e+00 5.000e+01 8.000e+01 2.000e+00 3.000e+01 3.000e+00 5.000e+01
 8.000e+01 3.000e+00 1.500e+01 2.000e+01 7.500e+01 5.000e+01 4.000e+01
 2.000e+01 7.000e+01 2.000e+00 4.096e+03 8.000e+00 1.024e+03 1.000e+01]","[0.000e+00 0.000e+00 1.000e+00 1.000e+00 0.000e+00 0.000e+00 0.000e+00
 0.000e+00 0.000e+00 0.000e+00 1.000e+00 0.000e+00 1.000e+01 1.000e+01
 4.000e+00 5.000e+01 8.000e+01 2.000e+00 8.000e+00 3.000e+00 5.000e+01
 8.000e+01 3.000e+00 1.500e+01 2.000e+01 7.500e+01 5.000e+01 4.000e+01
 2.000e+01 7.000e+01 2.000e+00 4.096e+03 8.000e+00 2.048e+03 1.000e+01]","[0.000e+00 0.000e+00 1.000e+00 0.000e+00 1.000e+00 0.000e+00 0.000e+00
 0.000e+00 0.000e+00 0.000e+00 0.000e+00 0.000e+00 1.000e+01 1.000e+01
 4.000e+00 5.000e+01 8.000e+01 2.000e+00 3.000e+01 3.000e+00 5.000e+01
 8.000e+01 3.000e+00 1.500e+01 2.000e+01 5.000e+01 2.000e+01 4.000e+01
 2.000e+01 7.000e+01 2.000e+00 4.096e+03 8.000e+00 1.024e+03 1.000e+01]","[0.000e+00 0.000e+00 1.000e+00 0.000e+00 0.000e+00 0.000e+00 0.000e+00
 0.000e+00 0.000e+00 0.000e+00 1.000e+00 0.000e+00 1.000e+01 1.000e+01
 4.000e+00 5.000e+01 8.000e+01 2.000e+00 8.000e+00 3.000e+00 5.000e+01
 8.000e+01 3.000e+00 1.500e+01 2.000e+01 7.500e+01 2.000e+01 4.000e+01
 2.000e+01 7.000e+01 2.000e+00 8.192e+03 8.000e+00 2.048e+03 1.000e+01]","[0.000e+00 0.000e+00 1.000e+00 0.000e+00 1.000e+00 0.000e+00 0.000e+00
 0.000e+00 0.000e+00 0.000e+00 1.000e+00 0.000e+00 1.000e+01 1.000e+01
 4.000e+00 5.000e+01 5.500e+01 2.000e+00 8.000e+00 3.000e+00 5.000e+01
 8.000e+01 3.000e+00 1.500e+01 2.000e+01 7.500e+01 2.000e+01 4.000e+01
 2.000e+01 7.000e+01 2.000e+00 4.096e+03 8.000e+00 2.048e+03 1.000e+01]","[1.000e+00 0.000e+00 0.000e+00 1.000e+00 0.000e+00 1.000e+00 0.000e+00
 0.000e+00 0.000e+00 0.000e+00 0.000e+00 0.000e+00 4.000e+00 5.000e+00
 6.000e+00 4.500e+01 8.000e+01 5.000e+00 2.800e+01 9.000e+00 2.500e+01
 7.500e+01 4.000e+00 1.500e+01 2.000e+01 8.000e+01 4.500e+01 1.500e+01
 3.500e+01 7.500e+01 2.000e+00 7.394e+03 2.000e+00 2.048e+03 1.400e+01]","[1.000e+00 0.000e+00 0.000e+00 1.000e+00 1.000e+00 1.000e+00 1.000e+00
 1.000e+00 1.000e+00 0.000e+00 0.000e+00 1.000e+00 1.000e+01 1.000e+01
 4.000e+00 5.000e+01 8.000e+01 2.000e+00 3.000e+01 3.000e+00 5.000e+01
 8.000e+01 3.000e+00 1.500e+01 2.000e+01 7.500e+01 2.000e+01 1.000e+01
 2.000e+01 7.000e+01 2.000e+00 4.096e+03 8.000e+00 1.024e+03 1.000e+01]","[0.000e+00 0.000e+00 1.000e+00 0.000e+00 0.000e+00 0.000e+00 0.000e+00
 0.000e+00 0.000e+00 0.000e+00 1.000e+00 1.000e+00 1.000e+01 1.000e+01
 4.000e+00 5.000e+01 8.000e+01 2.000e+00 8.000e+00 3.000e+00 5.000e+01
 8.000e+01 3.000e+00 1.500e+01 2.000e+01 5.000e+01 2.000e+01 4.000e+01
 2.000e+01 7.000e+01 2.000e+00 4.096e+03 8.000e+00 2.048e+03 1.000e+01]","[0.000e+00 0.000e+00 1.000e+00 0.000e+00 0.000e+00 0.000e+00 0.000e+00
 0.000e+00 0.000e+00 0.000e+00 1.000e+00 0.000e+00 1.000e+01 1.000e+01
 4.000e+00 5.000e+01 8.000e+01 2.000e+00 8.000e+00 3.000e+00 5.000e+01
 8.000e+01 3.000e+00 1.500e+01 2.000e+01 7.500e+01 5.000e+01 1.000e+01
 2.000e+01 7.000e+01 2.000e+00 4.096e+03 8.000e+00 1.024e+03 1.000e+01]","[1.000e+00 0.000e+00 0.000e+00 1.000e+00 1.000e+00 1.000e+00 1.000e+00
 1.000e+00 1.000e+00 0.000e+00 0.000e+00 1.000e+00 1.200e+01 1.000e+01
 4.000e+00 6.000e+01 9.000e+01 2.000e+00 1.000e+01 4.000e+00 6.000e+01
 9.000e+01 3.000e+00 1.300e+01 2.500e+01 8.500e+01 2.500e+01 5.000e+01
 2.000e+01 7.500e+01 4.000e+00 4.844e+03 1.000e+01 2.048e+03 9.000e+00]","[1.000e+00 0.000e+00 0.000e+00 1.000e+00 1.000e+00 1.000e+00 1.000e+00
 1.000e+00 1.000e+00 0.000e+00 0.000e+00 1.000e+00 1.000e+01 1.000e+01
 4.000e+00 5.000e+01 8.000e+01 2.000e+00 8.000e+00 3.000e+00 5.000e+01
 8.000e+01 3.000e+00 1.500e+01 2.000e+01 5.000e+01 5.000e+01 4.000e+01
 2.000e+01 7.000e+01 2.000e+00 4.096e+03 8.000e+00 1.024e+03 1.000e+01]","[1.000e+00 0.000e+00 0.000e+00 1.000e+00 0.000e+00 0.000e+00 0.000e+00
 0.000e+00 0.000e+00 0.000e+00 0.000e+00 0.000e+00 1.000e+01 1.000e+01
 4.000e+00 5.000e+01 8.000e+01 2.000e+00 3.000e+01 3.000e+00 5.000e+01
 5.500e+01 3.000e+00 1.500e+01 2.000e+01 7.500e+01 2.000e+01 4.000e+01
 2.000e+01 7.000e+01 2.000e+00 4.096e+03 8.000e+00 1.024e+03 1.000e+01]","[0.000e+00 0.000e+00 1.000e+00 1.000e+00 0.000e+00 0.000e+00 0.000e+00
 0.000e+00 0.000e+00 0.000e+00 1.000e+00 0.000e+00 1.000e+01 1.000e+01
 4.000e+00 5.000e+01 8.000e+01 2.000e+00 8.000e+00 3.000e+00 5.000e+01
 8.000e+01 3.000e+00 1.500e+01 2.000e+01 7.500e+01 2.000e+01 4.000e+01
 2.000e+01 7.000e+01 2.000e+00 4.096e+03 1.600e+01 2.048e+03 1.000e+01]","[0.000e+00 0.000e+00 1.000e+00 0.000e+00 0.000e+00 0.000e+00 0.000e+00
 0.000e+00 0.000e+00 0.000e+00 1.000e+00 1.000e+00 1.000e+01 1.000e+01
 4.000e+00 5.000e+01 8.000e+01 2.000e+00 8.000e+00 3.000e+00 5.000e+01
 8.000e+01 3.000e+00 1.500e+01 2.000e+01 7.500e+01 5.000e+01 4.000e+01
 2.000e+01 7.000e+01 2.000e+00 4.096e+03 1.600e+01 1.024e+03 1.000e+01]","[0.000e+00 0.000e+00 1.000e+00 1.000e+00 0.000e+00 0.000e+00 0.000e+00
 0.000e+00 0.000e+00 0.000e+00 0.000e+00 0.000e+00 1.000e+01 1.000e+01
 4.000e+00 5.000e+01 8.000e+01 1.600e+01 8.000e+00 1.000e+01 5.000e+01
 8.000e+01 3.000e+00 1.500e+01 2.000e+01 7.500e+01 2.000e+01 4.000e+01
 2.000e+01 7.000e+01 2.000e+00 4.096e+03 8.000e+00 1.024e+03 1.000e+01]","[0.000e+00 1.000e+00 1.000e+00 0.000e+00 0.000e+00 0.000e+00 0.000e+00
 0.000e+00 0.000e+00 0.000e+00 1.000e+00 0.000e+00 1.000e+01 1.000e+01
 4.000e+00 5.000e+01 8.000e+01 2.000e+00 8.000e+00 3.000e+00 5.000e+01
 8.000e+01 3.000e+00 1.500e+01 2.000e+01 7.500e+01 2.000e+01 4.000e+01
 2.000e+01 7.000e+01 2.000e+00 8.192e+03 8.000e+00 2.048e+03 1.000e+01]","[1.000e+00 0.000e+00 1.000e+00 0.000e+00 0.000e+00 0.000e+00 0.000e+00
 0.000e+00 0.000e+00 0.000e+00 1.000e+00 0.000e+00 1.000e+01 1.000e+01
 4.000e+00 5.000e+01 8.000e+01 2.000e+00 3.000e+01 3.000e+00 5.000e+01
 8.000e+01 1.000e+01 1.500e+01 2.000e+01 7.500e+01 2.000e+01 4.000e+01
 2.000e+01 7.000e+01 2.000e+00 4.096e+03 8.000e+00 1.024e+03 1.000e+01]","[1.000e+00 0.000e+00 0.000e+00 1.000e+00 1.000e+00 1.000e+00 1.000e+00
 1.000e+00 1.000e+00 0.000e+00 0.000e+00 1.000e+00 1.000e+01 1.000e+01
 4.000e+00 5.000e+01 8.000e+01 2.000e+00 8.000e+00 1.000e+01 5.000e+01
 8.000e+01 3.000e+00 1.500e+01 2.000e+01 7.500e+01 2.000e+01 1.000e+01
 2.000e+01 7.000e+01 2.000e+00 4.096e+03 8.000e+00 1.024e+03 1.000e+01]","[1.000e+00 0.000e+00 0.000e+00 1.000e+00 1.000e+00 1.000e+00 1.000e+00
 1.000e+00 1.000e+00 0.000e+00 0.000e+00 1.000e+00 1.000e+01 1.000e+01
 4.000e+00 5.000e+01 8.000e+01 2.000e+00 3.000e+01 3.000e+00 5.000e+01
 8.000e+01 3.000e+00 1.500e+01 2.000e+01 7.500e+01 2.000e+01 4.000e+01
 2.000e+01 7.000e+01 2.000e+00 4.096e+03 1.600e+01 1.024e+03 1.000e+01]","[0.000e+00 0.000e+00 1.000e+00 0.000e+00 0.000e+00 0.000e+00 0.000e+00
 0.000e+00 0.000e+00 0.000e+00 1.000e+00 0.000e+00 1.000e+01 1.000e+01
 4.000e+00 5.000e+01 5.500e+01 2.000e+00 3.000e+01 3.000e+00 5.000e+01
 8.000e+01 3.000e+00 1.500e+01 2.000e+01 7.500e+01 2.000e+01 4.000e+01
 2.000e+01 7.000e+01 2.000e+00 4.096e+03 8.000e+00 1.024e+03 1.000e+01]","[1.000e+00 0.000e+00 1.000e+00 0.000e+00 0.000e+00 0.000e+00 0.000e+00
 0.000e+00 0.000e+00 0.000e+00 1.000e+00 0.000e+00 1.000e+01 1.000e+01
 4.000e+00 5.000e+01 8.000e+01 2.000e+00 8.000e+00 1.000e+01 5.000e+01
 5.500e+01 3.000e+00 1.500e+01 2.000e+01 7.500e+01 2.000e+01 4.000e+01
 2.000e+01 7.000e+01 2.000e+00 4.096e+03 8.000e+00 1.024e+03 1.000e+01]","[0.000e+00 0.000e+00 1.000e+00 0.000e+00 0.000e+00 0.000e+00 0.000e+00
 0.000e+00 0.000e+00 0.000e+00 1.000e+00 1.000e+00 1.000e+01 1.000e+01
 4.000e+00 5.000e+01 8.000e+01 2.000e+00 8.000e+00 3.000e+00 5.000e+01
 8.000e+01 1.000e+01 1.500e+01 2.000e+01 7.500e+01 2.000e+01 4.000e+01
 2.000e+01 7.000e+01 2.000e+00 4.096e+03 8.000e+00 2.048e+03 1.000e+01]","[0.000e+00 0.000e+00 1.000e+00 0.000e+00 1.000e+00 0.000e+00 0.000e+00
 0.000e+00 0.000e+00 0.000e+00 1.000e+00 0.000e+00 1.000e+01 1.000e+01
 4.000e+00 5.000e+01 8.000e+01 2.000e+00 8.000e+00 3.000e+00 5.000e+01
 8.000e+01 3.000e+00 3.000e+01 2.000e+01 7.500e+01 5.000e+01 4.000e+01
 2.000e+01 7.000e+01 2.000e+00 4.096e+03 8.000e+00 1.024e+03 1.000e+01]","[0.000e+00 0.000e+00 1.000e+00 1.000e+00 0.000e+00 0.000e+00 0.000e+00
 0.000e+00 0.000e+00 0.000e+00 0.000e+00 0.000e+00 1.000e+01 1.000e+01
 4.000e+00 5.000e+01 8.000e+01 1.600e+01 8.000e+00 1.000e+01 5.000e+01
 8.000e+01 3.000e+00 1.500e+01 2.000e+01 7.500e+01 2.000e+01 4.000e+01
 2.000e+01 7.000e+01 2.000e+00 4.096e+03 8.000e+00 1.024e+03 1.000e+01]","[0.000e+00 0.000e+00 1.000e+00 1.000e+00 1.000e+00 1.000e+00 0.000e+00
 1.000e+00 1.000e+00 0.000e+00 0.000e+00 1.000e+00 2.000e+00 5.000e+00
 1.500e+01 7.500e+01 6.500e+01 3.000e+00 1.700e+01 2.000e+00 5.000e+01
 6.000e+01 3.000e+00 7.000e+00 2.000e+01 7.000e+01 3.500e+01 3.000e+01
 4.500e+01 7.500e+01 1.000e+00 3.488e+03 4.000e+00 1.024e+03 2.200e+01]","[0.000e+00 0.000e+00 1.000e+00 0.000e+00 1.000e+00 0.000e+00 0.000e+00
 0.000e+00 0.000e+00 0.000e+00 0.000e+00 0.000e+00 1.000e+01 1.000e+01
 4.000e+00 5.000e+01 8.000e+01 2.000e+00 8.000e+00 3.000e+00 5.000e+01
 8.000e+01 3.000e+00 1.500e+01 2.000e+01 7.500e+01 2.000e+01 4.000e+01
 2.000e+01 7.000e+01 2.000e+00 4.096e+03 1.600e+01 2.048e+03 1.000e+01]","[0.000e+00 0.000e+00 1.000e+00 0.000e+00 0.000e+00 1.000e+00 0.000e+00
 0.000e+00 0.000e+00 0.000e+00 0.000e+00 0.000e+00 1.000e+01 1.000e+01
 4.000e+00 5.000e+01 8.000e+01 2.000e+00 3.000e+01 3.000e+00 5.000e+01
 8.000e+01 3.000e+00 1.500e+01 2.000e+01 7.500e+01 5.000e+01 4.000e+01
 2.000e+01 7.000e+01 2.000e+00 4.096e+03 8.000e+00 1.024e+03 1.000e+01]","[0.000e+00 0.000e+00 1.000e+00 1.000e+00 0.000e+00 0.000e+00 0.000e+00
 0.000e+00 0.000e+00 1.000e+00 0.000e+00 0.000e+00 1.000e+01 1.000e+01
 4.000e+00 5.000e+01 8.000e+01 2.000e+00 3.000e+01 1.000e+01 5.000e+01
 8.000e+01 3.000e+00 1.500e+01 2.000e+01 7.500e+01 2.000e+01 4.000e+01
 2.000e+01 7.000e+01 2.000e+00 4.096e+03 8.000e+00 1.024e+03 1.000e+01]","[1.000e+00 0.000e+00 1.000e+00 1.000e+00 1.000e+00 1.000e+00 0.000e+00
 1.000e+00 1.000e+00 1.000e+00 1.000e+00 1.000e+00 1.100e+01 1.500e+01
 9.000e+00 7.500e+01 9.000e+01 1.000e+01 1.000e+00 5.000e+00 3.500e+01
 5.500e+01 3.000e+00 3.000e+01 2.000e+01 6.000e+01 5.000e+01 4.000e+01
 3.000e+01 6.000e+01 8.000e+00 2.432e+03 1.400e+01 2.048e+03 5.000e+00]","[1.000e+00 0.000e+00 0.000e+00 1.000e+00 1.000e+00 1.000e+00 1.000e+00
 1.000e+00 1.000e+00 0.000e+00 0.000e+00 1.000e+00 1.000e+01 1.000e+01
 4.000e+00 5.000e+01 8.000e+01 2.000e+00 3.000e+01 3.000e+00 5.000e+01
 8.000e+01 3.000e+00 1.500e+01 2.000e+01 7.500e+01 2.000e+01 4.000e+01
 2.000e+01 7.000e+01 2.000e+00 4.096e+03 1.600e+01 1.024e+03 1.000e+01]","[0.000e+00 0.000e+00 1.000e+00 0.000e+00 0.000e+00 1.000e+00 0.000e+00
 0.000e+00 0.000e+00 0.000e+00 0.000e+00 0.000e+00 1.000e+01 1.000e+01
 4.000e+00 5.000e+01 8.000e+01 2.000e+00 3.000e+01 3.000e+00 5.000e+01
 8.000e+01 3.000e+00 1.500e+01 2.000e+01 7.500e+01 2.000e+01 4.000e+01
 2.000e+01 7.000e+01 2.000e+00 4.096e+03 8.000e+00 2.048e+03 1.000e+01]","[1.000e+00 0.000e+00 0.000e+00 1.000e+00 1.000e+00 1.000e+00 1.000e+00
 1.000e+00 1.000e+00 0.000e+00 0.000e+00 1.000e+00 1.000e+01 1.000e+01
 4.000e+00 5.000e+01 8.000e+01 2.000e+00 3.000e+01 3.000e+00 5.000e+01
 8.000e+01 3.000e+00 1.500e+01 2.000e+01 7.500e+01 2.000e+01 1.000e+01
 2.000e+01 7.000e+01 2.000e+00 4.096e+03 8.000e+00 1.024e+03 1.000e+01]","[0.000e+00 0.000e+00 0.000e+00 1.000e+00 1.000e+00 0.000e+00 0.000e+00
 0.000e+00 0.000e+00 0.000e+00 0.000e+00 0.000e+00 1.000e+01 1.000e+01
 4.000e+00 5.000e+01 8.000e+01 2.000e+00 3.000e+01 3.000e+00 5.000e+01
 8.000e+01 3.000e+00 1.500e+01 2.000e+01 7.500e+01 5.000e+01 4.000e+01
 2.000e+01 7.000e+01 2.000e+00 4.096e+03 8.000e+00 1.024e+03 1.000e+01]","[1.000e+00 0.000e+00 1.000e+00 0.000e+00 0.000e+00 0.000e+00 0.000e+00
 0.000e+00 0.000e+00 0.000e+00 1.000e+00 0.000e+00 1.000e+01 1.000e+01
 4.000e+00 5.000e+01 8.000e+01 2.000e+00 3.000e+01 3.000e+00 5.000e+01
 8.000e+01 3.000e+00 1.500e+01 2.000e+01 5.000e+01 2.000e+01 4.000e+01
 2.000e+01 7.000e+01 2.000e+00 4.096e+03 8.000e+00 1.024e+03 1.000e+01]","[1.000e+00 0.000e+00 0.000e+00 1.000e+00 1.000e+00 1.000e+00 1.000e+00
 1.000e+00 1.000e+00 0.000e+00 0.000e+00 1.000e+00 7.000e+00 1.000e+01
 3.200e+01 6.500e+01 7.500e+01 6.000e+00 1.600e+01 1.000e+01 5.500e+01
 8.000e+01 5.000e+00 1.200e+01 2.500e+01 5.000e+01 1.000e+01 2.000e+01
 1.000e+01 9.000e+01 2.000e+00 4.352e+03 4.000e+00 2.048e+03 1.400e+01]","[1.000e+00 0.000e+00 0.000e+00 1.000e+00 1.000e+00 1.000e+00 1.000e+00
 1.000e+00 1.000e+00 0.000e+00 0.000e+00 1.000e+00 1.000e+01 1.000e+01
 4.000e+00 5.000e+01 8.000e+01 2.000e+00 3.000e+01 3.000e+00 5.000e+01
 8.000e+01 3.000e+00 1.500e+01 2.000e+01 5.000e+01 2.000e+01 4.000e+01
 2.000e+01 7.000e+01 2.000e+00 4.096e+03 8.000e+00 1.024e+03 1.000e+01]","[1.000e+00 0.000e+00 0.000e+00 1.000e+00 1.000e+00 1.000e+00 1.000e+00
 1.000e+00 1.000e+00 0.000e+00 0.000e+00 1.000e+00 1.000e+01 1.000e+01
 4.000e+00 5.000e+01 8.000e+01 2.000e+00 3.000e+01 3.000e+00 5.000e+01
 8.000e+01 3.000e+00 1.500e+01 2.000e+01 7.500e+01 5.000e+01 4.000e+01
 2.000e+01 7.000e+01 2.000e+00 4.096e+03 8.000e+00 1.024e+03 1.000e+01]","[1.000e+00 0.000e+00 1.000e+00 0.000e+00 0.000e+00 0.000e+00 0.000e+00
 0.000e+00 0.000e+00 0.000e+00 1.000e+00 0.000e+00 1.000e+01 1.000e+01
 4.000e+00 5.000e+01 5.500e+01 2.000e+00 8.000e+00 3.000e+00 5.000e+01
 8.000e+01 3.000e+00 1.500e+01 2.000e+01 7.500e+01 2.000e+01 4.000e+01
 2.000e+01 7.000e+01 2.000e+00 4.096e+03 8.000e+00 2.048e+03 1.000e+01]","[0.000e+00 0.000e+00 1.000e+00 0.000e+00 0.000e+00 0.000e+00 0.000e+00
 0.000e+00 0.000e+00 0.000e+00 1.000e+00 1.000e+00 1.000e+01 1.000e+01
 4.000e+00 5.000e+01 8.000e+01 2.000e+00 8.000e+00 3.000e+00 5.000e+01
 8.000e+01 3.000e+00 1.500e+01 2.000e+01 7.500e+01 2.000e+01 4.000e+01
 2.000e+01 7.000e+01 2.000e+00 8.192e+03 8.000e+00 2.048e+03 1.000e+01]","[0.000e+00 0.000e+00 1.000e+00 1.000e+00 0.000e+00 0.000e+00 0.000e+00
 0.000e+00 0.000e+00 0.000e+00 0.000e+00 0.000e+00 1.000e+01 1.000e+01
 4.000e+00 5.000e+01 8.000e+01 2.000e+00 8.000e+00 3.000e+00 5.000e+01
 8.000e+01 3.000e+00 1.500e+01 2.000e+01 7.500e+01 5.000e+01 1.000e+01
 2.000e+01 7.000e+01 2.000e+00 4.096e+03 8.000e+00 1.024e+03 1.000e+01]","[1.000e+00 0.000e+00 0.000e+00 0.000e+00 0.000e+00 0.000e+00 0.000e+00
 0.000e+00 0.000e+00 0.000e+00 0.000e+00 0.000e+00 1.000e+01 1.000e+01
 4.000e+00 5.000e+01 8.000e+01 2.000e+00 8.000e+00 1.000e+01 5.000e+01
 8.000e+01 1.000e+01 1.500e+01 2.000e+01 7.500e+01 2.000e+01 4.000e+01
 2.000e+01 7.000e+01 2.000e+00 4.096e+03 8.000e+00 1.024e+03 1.000e+01]","[1.000e+00 0.000e+00 1.000e+00 0.000e+00 0.000e+00 0.000e+00 0.000e+00
 0.000e+00 0.000e+00 0.000e+00 1.000e+00 0.000e+00 2.000e+01 1.000e+01
 4.000e+00 5.000e+01 8.000e+01 2.000e+00 8.000e+00 3.000e+00 5.000e+01
 8.000e+01 3.000e+00 1.500e+01 2.000e+01 7.500e+01 2.000e+01 4.000e+01
 2.000e+01 7.000e+01 2.000e+00 4.096e+03 8.000e+00 2.048e+03 1.000e+01]","[0.000e+00 0.000e+00 1.000e+00 1.000e+00 0.000e+00 1.000e+00 1.000e+00
 1.000e+00 1.000e+00 0.000e+00 0.000e+00 1.000e+00 4.000e+00 5.000e+00
 6.000e+00 4.500e+01 8.000e+01 5.000e+00 2.800e+01 9.000e+00 2.500e+01
 7.500e+01 4.000e+00 1.500e+01 2.000e+01 8.000e+01 4.500e+01 1.500e+01
 3.500e+01 7.500e+01 2.000e+00 7.394e+03 2.000e+00 2.048e+03 1.400e+01]","[1.000e+00 0.000e+00 1.000e+00 0.000e+00 0.000e+00 0.000e+00 0.000e+00
 0.000e+00 0.000e+00 0.000e+00 1.000e+00 0.000e+00 1.000e+01 1.000e+01
 4.000e+00 5.000e+01 5.500e+01 2.000e+00 8.000e+00 3.000e+00 5.000e+01
 8.000e+01 3.000e+00 1.500e+01 2.000e+01 7.500e+01 2.000e+01 4.000e+01
 2.000e+01 7.000e+01 2.000e+00 4.096e+03 8.000e+00 2.048e+03 1.000e+01]","[1.000e+00 0.000e+00 1.000e+00 0.000e+00 0.000e+00 0.000e+00 0.000e+00
 0.000e+00 0.000e+00 0.000e+00 1.000e+00 0.000e+00 1.000e+01 1.000e+01
 4.000e+00 5.000e+01 8.000e+01 2.000e+00 8.000e+00 3.000e+00 5.000e+01
 5.500e+01 3.000e+00 1.500e+01 2.000e+01 7.500e+01 2.000e+01 4.000e+01
 2.000e+01 7.000e+01 2.000e+00 4.096e+03 8.000e+00 2.048e+03 1.000e+01]","[1.000e+00 0.000e+00 1.000e+00 0.000e+00 0.000e+00 0.000e+00 0.000e+00
 0.000e+00 0.000e+00 0.000e+00 1.000e+00 0.000e+00 1.000e+01 1.000e+01
 4.000e+00 5.000e+01 8.000e+01 2.000e+00 3.000e+01 3.000e+00 5.000e+01
 8.000e+01 3.000e+00 1.500e+01 2.000e+01 7.500e+01 2.000e+01 4.000e+01
 2.000e+01 7.000e+01 2.000e+00 4.096e+03 1.600e+01 1.024e+03 1.000e+01]","[0.000e+00 0.000e+00 1.000e+00 1.000e+00 0.000e+00 0.000e+00 0.000e+00
 0.000e+00 0.000e+00 1.000e+00 0.000e+00 0.000e+00 1.000e+01 1.000e+01
 4.000e+00 5.000e+01 8.000e+01 2.000e+00 8.000e+00 3.000e+00 2.500e+01
 8.000e+01 3.000e+00 1.500e+01 2.000e+01 7.500e+01 2.000e+01 4.000e+01
 2.000e+01 7.000e+01 2.000e+00 4.096e+03 8.000e+00 2.048e+03 1.000e+01]","[1.000e+00 0.000e+00 0.000e+00 1.000e+00 1.000e+00 1.000e+00 1.000e+00
 1.000e+00 1.000e+00 0.000e+00 0.000e+00 1.000e+00 1.000e+01 1.000e+01
 4.000e+00 5.000e+01 8.000e+01 2.000e+00 3.000e+01 3.000e+00 5.000e+01
 8.000e+01 3.000e+00 1.500e+01 2.000e+01 7.500e+01 2.000e+01 1.000e+01
 2.000e+01 7.000e+01 2.000e+00 4.096e+03 8.000e+00 1.024e+03 1.000e+01]","[0.000e+00 1.000e+00 1.000e+00 0.000e+00 0.000e+00 0.000e+00 0.000e+00
 0.000e+00 0.000e+00 0.000e+00 0.000e+00 1.000e+00 1.000e+01 1.000e+01
 4.000e+00 5.000e+01 8.000e+01 2.000e+00 3.000e+01 3.000e+00 5.000e+01
 8.000e+01 3.000e+00 1.500e+01 2.000e+01 5.000e+01 2.000e+01 4.000e+01
 2.000e+01 7.000e+01 2.000e+00 4.096e+03 8.000e+00 1.024e+03 1.000e+01]","[1.000e+00 0.000e+00 1.000e+00 0.000e+00 0.000e+00 0.000e+00 0.000e+00
 0.000e+00 0.000e+00 0.000e+00 1.000e+00 0.000e+00 1.000e+01 1.000e+01
 4.000e+00 5.000e+01 5.500e+01 2.000e+00 8.000e+00 3.000e+00 5.000e+01
 8.000e+01 3.000e+00 1.500e+01 2.000e+01 5.000e+01 2.000e+01 4.000e+01
 2.000e+01 7.000e+01 2.000e+00 4.096e+03 8.000e+00 1.024e+03 1.000e+01]","[0.000e+00 0.000e+00 1.000e+00 1.000e+00 0.000e+00 0.000e+00 0.000e+00
 0.000e+00 0.000e+00 0.000e+00 1.000e+00 0.000e+00 1.000e+01 1.000e+01
 4.000e+00 5.000e+01 8.000e+01 2.000e+00 3.000e+01 3.000e+00 5.000e+01
 5.500e+01 3.000e+00 1.500e+01 2.000e+01 7.500e+01 2.000e+01 4.000e+01
 2.000e+01 7.000e+01 2.000e+00 4.096e+03 8.000e+00 1.024e+03 1.000e+01]","[1.000e+00 0.000e+00 1.000e+00 0.000e+00 0.000e+00 0.000e+00 0.000e+00
 0.000e+00 0.000e+00 0.000e+00 1.000e+00 0.000e+00 1.000e+01 1.000e+01
 4.000e+00 5.000e+01 8.000e+01 2.000e+00 8.000e+00 3.000e+00 5.000e+01
 8.000e+01 3.000e+00 1.500e+01 2.000e+01 5.000e+01 2.000e+01 1.000e+01
 2.000e+01 7.000e+01 2.000e+00 4.096e+03 8.000e+00 1.024e+03 1.000e+01]","[1.000e+00 0.000e+00 0.000e+00 1.000e+00 1.000e+00 1.000e+00 1.000e+00
 1.000e+00 1.000e+00 0.000e+00 0.000e+00 1.000e+00 7.000e+00 1.500e+01
 1.300e+01 4.000e+01 8.000e+01 5.000e+00 1.600e+01 9.000e+00 3.500e+01
 7.000e+01 7.000e+00 6.000e+00 2.000e+01 8.500e+01 5.000e+01 3.000e+01
 6.500e+01 9.000e+01 4.000e+00 2.102e+03 1.400e+01 2.048e+03 7.000e+00]","[0.000e+00 0.000e+00 1.000e+00 0.000e+00 0.000e+00 0.000e+00 0.000e+00
 0.000e+00 0.000e+00 0.000e+00 1.000e+00 1.000e+00 1.000e+01 1.000e+01
 4.000e+00 5.000e+01 8.000e+01 2.000e+00 8.000e+00 3.000e+00 5.000e+01
 8.000e+01 3.000e+00 3.000e+01 2.000e+01 7.500e+01 2.000e+01 4.000e+01
 2.000e+01 7.000e+01 2.000e+00 4.096e+03 8.000e+00 2.048e+03 1.000e+01]","[0.000e+00 0.000e+00 1.000e+00 0.000e+00 1.000e+00 0.000e+00 0.000e+00
 0.000e+00 0.000e+00 0.000e+00 1.000e+00 0.000e+00 1.000e+01 1.000e+01
 4.000e+00 5.000e+01 8.000e+01 2.000e+00 8.000e+00 3.000e+00 5.000e+01
 8.000e+01 3.000e+00 1.500e+01 2.000e+01 7.500e+01 2.000e+01 4.000e+01
 2.000e+01 9.000e+01 2.000e+00 4.096e+03 8.000e+00 2.048e+03 1.000e+01]","[1.000e+00 0.000e+00 0.000e+00 1.000e+00 1.000e+00 1.000e+00 0.000e+00
 1.000e+00 1.000e+00 0.000e+00 0.000e+00 1.000e+00 4.000e+00 5.000e+00
 6.000e+00 4.500e+01 8.000e+01 5.000e+00 2.800e+01 9.000e+00 2.500e+01
 7.500e+01 4.000e+00 1.500e+01 2.000e+01 8.000e+01 4.500e+01 1.500e+01
 3.500e+01 7.500e+01 2.000e+00 7.394e+03 2.000e+00 2.048e+03 1.400e+01]","[0.000e+00 0.000e+00 0.000e+00 1.000e+00 0.000e+00 1.000e+00 0.000e+00
 0.000e+00 0.000e+00 0.000e+00 0.000e+00 0.000e+00 1.000e+01 1.000e+01
 4.000e+00 5.000e+01 8.000e+01 2.000e+00 3.000e+01 3.000e+00 5.000e+01
 5.500e+01 3.000e+00 1.500e+01 2.000e+01 7.500e+01 2.000e+01 4.000e+01
 2.000e+01 7.000e+01 2.000e+00 4.096e+03 8.000e+00 1.024e+03 1.000e+01]","[0.000e+00 0.000e+00 1.000e+00 1.000e+00 0.000e+00 0.000e+00 0.000e+00
 0.000e+00 0.000e+00 1.000e+00 0.000e+00 0.000e+00 7.000e+00 2.000e+01
 4.000e+00 7.000e+01 6.500e+01 1.500e+01 2.800e+01 5.000e+00 4.500e+01
 6.000e+01 4.000e+00 1.300e+01 1.000e+01 7.000e+01 2.500e+01 3.500e+01
 2.000e+01 6.000e+01 4.000e+00 3.589e+03 9.000e+00 2.048e+03 1.500e+01]","[1.000e+00 0.000e+00 1.000e+00 0.000e+00 0.000e+00 0.000e+00 0.000e+00
 0.000e+00 0.000e+00 0.000e+00 1.000e+00 0.000e+00 1.000e+01 1.000e+01
 4.000e+00 5.000e+01 5.500e+01 2.000e+00 8.000e+00 3.000e+00 5.000e+01
 8.000e+01 3.000e+00 1.500e+01 2.000e+01 7.500e+01 5.000e+01 4.000e+01
 2.000e+01 7.000e+01 2.000e+00 4.096e+03 8.000e+00 1.024e+03 1.000e+01]","[1.000e+00 0.000e+00 0.000e+00 1.000e+00 1.000e+00 1.000e+00 1.000e+00
 1.000e+00 1.000e+00 0.000e+00 0.000e+00 1.000e+00 1.000e+01 1.000e+01
 4.000e+00 5.000e+01 8.000e+01 2.000e+00 3.000e+01 3.000e+00 5.000e+01
 8.000e+01 3.000e+00 1.500e+01 2.000e+01 5.000e+01 2.000e+01 4.000e+01
 2.000e+01 7.000e+01 2.000e+00 4.096e+03 8.000e+00 1.024e+03 1.000e+01]","[0.000e+00 0.000e+00 1.000e+00 0.000e+00 0.000e+00 0.000e+00 0.000e+00
 0.000e+00 1.000e+00 0.000e+00 1.000e+00 0.000e+00 1.000e+01 1.000e+01
 4.000e+00 5.000e+01 8.000e+01 2.000e+00 3.000e+01 3.000e+00 5.000e+01
 8.000e+01 3.000e+00 1.500e+01 2.000e+01 7.500e+01 2.000e+01 4.000e+01
 2.000e+01 7.000e+01 2.000e+00 4.096e+03 1.600e+01 1.024e+03 1.000e+01]","[0.000e+00 0.000e+00 1.000e+00 0.000e+00 0.000e+00 0.000e+00 0.000e+00
 0.000e+00 0.000e+00 0.000e+00 1.000e+00 1.000e+00 1.000e+01 1.000e+01
 4.000e+00 5.000e+01 8.000e+01 2.000e+00 3.000e+01 3.000e+00 5.000e+01
 8.000e+01 3.000e+00 1.500e+01 2.000e+01 5.000e+01 2.000e+01 4.000e+01
 2.000e+01 7.000e+01 2.000e+00 4.096e+03 8.000e+00 1.024e+03 1.000e+01]","[1.000e+00 0.000e+00 1.000e+00 0.000e+00 0.000e+00 0.000e+00 0.000e+00
 0.000e+00 0.000e+00 0.000e+00 1.000e+00 0.000e+00 1.000e+01 1.000e+01
 4.000e+00 5.000e+01 8.000e+01 2.000e+00 3.000e+01 3.000e+00 5.000e+01
 8.000e+01 3.000e+00 1.500e+01 2.000e+01 7.500e+01 2.000e+01 1.000e+01
 2.000e+01 7.000e+01 2.000e+00 4.096e+03 8.000e+00 1.024e+03 1.000e+01]","[1.000e+00 0.000e+00 0.000e+00 1.000e+00 0.000e+00 0.000e+00 0.000e+00
 0.000e+00 0.000e+00 0.000e+00 0.000e+00 0.000e+00 9.000e+00 5.000e+00
 6.000e+00 6.500e+01 8.500e+01 5.000e+00 2.800e+01 7.000e+00 2.500e+01
 7.000e+01 5.000e+00 1.500e+01 2.000e+01 6.500e+01 1.500e+01 1.000e+01
 1.500e+01 5.500e+01 1.000e+00 4.058e+03 1.600e+01 5.120e+02 6.000e+00]","[0.000e+00 0.000e+00 1.000e+00 0.000e+00 0.000e+00 0.000e+00 0.000e+00
 0.000e+00 1.000e+00 0.000e+00 1.000e+00 0.000e+00 3.000e+00 1.000e+01
 4.000e+00 3.500e+01 8.000e+01 6.000e+00 2.000e+01 6.000e+00 3.500e+01
 8.500e+01 2.000e+00 7.000e+00 4.500e+01 8.000e+01 4.000e+01 4.000e+01
 2.500e+01 6.500e+01 2.000e+00 2.635e+03 2.000e+00 2.048e+03 1.000e+01]","[0.000e+00 0.000e+00 1.000e+00 0.000e+00 0.000e+00 0.000e+00 0.000e+00
 0.000e+00 0.000e+00 0.000e+00 1.000e+00 0.000e+00 1.000e+01 1.000e+01
 4.000e+00 5.000e+01 8.000e+01 2.000e+00 3.000e+01 3.000e+00 5.000e+01
 8.000e+01 3.000e+00 1.500e+01 2.000e+01 7.500e+01 2.000e+01 4.000e+01
 2.000e+01 7.000e+01 2.000e+00 4.096e+03 8.000e+00 2.048e+03 1.000e+01]","[1.000e+00 0.000e+00 0.000e+00 1.000e+00 0.000e+00 1.000e+00 1.000e+00
 1.000e+00 1.000e+00 0.000e+00 0.000e+00 0.000e+00 6.000e+00 2.000e+01
 1.100e+01 7.000e+01 6.000e+01 1.100e+01 2.400e+01 6.000e+00 4.500e+01
 6.500e+01 6.000e+00 1.100e+01 2.500e+01 5.000e+01 4.000e+01 2.500e+01
 6.500e+01 7.500e+01 4.000e+00 3.978e+03 9.000e+00 5.120e+02 1.900e+01]","[0.000e+00 0.000e+00 1.000e+00 1.000e+00 0.000e+00 0.000e+00 0.000e+00
 0.000e+00 0.000e+00 0.000e+00 1.000e+00 0.000e+00 1.000e+01 1.000e+01
 4.000e+00 5.000e+01 8.000e+01 1.600e+01 8.000e+00 3.000e+00 5.000e+01
 8.000e+01 3.000e+00 1.500e+01 2.000e+01 7.500e+01 5.000e+01 4.000e+01
 2.000e+01 7.000e+01 2.000e+00 4.096e+03 8.000e+00 1.024e+03 1.000e+01]","[0.000e+00 0.000e+00 1.000e+00 0.000e+00 1.000e+00 0.000e+00 0.000e+00
 0.000e+00 0.000e+00 0.000e+00 1.000e+00 0.000e+00 1.000e+01 1.000e+01
 4.000e+00 5.000e+01 5.500e+01 2.000e+00 8.000e+00 3.000e+00 5.000e+01
 8.000e+01 3.000e+00 1.500e+01 2.000e+01 7.500e+01 5.000e+01 4.000e+01
 2.000e+01 7.000e+01 2.000e+00 4.096e+03 8.000e+00 1.024e+03 1.000e+01]","[0.000e+00 0.000e+00 1.000e+00 0.000e+00 0.000e+00 0.000e+00 0.000e+00
 0.000e+00 1.000e+00 0.000e+00 1.000e+00 0.000e+00 1.000e+01 1.000e+01
 4.000e+00 5.000e+01 8.000e+01 2.000e+00 3.000e+01 3.000e+00 5.000e+01
 8.000e+01 3.000e+00 1.500e+01 2.000e+01 7.500e+01 5.000e+01 4.000e+01
 2.000e+01 7.000e+01 2.000e+00 4.096e+03 8.000e+00 1.024e+03 1.000e+01]","[0.000e+00 0.000e+00 1.000e+00 0.000e+00 0.000e+00 0.000e+00 0.000e+00
 0.000e+00 1.000e+00 0.000e+00 1.000e+00 0.000e+00 1.000e+01 1.000e+01
 4.000e+00 5.000e+01 8.000e+01 2.000e+00 3.000e+01 3.000e+00 5.000e+01
 8.000e+01 3.000e+00 1.500e+01 2.000e+01 5.000e+01 2.000e+01 4.000e+01
 2.000e+01 7.000e+01 2.000e+00 4.096e+03 8.000e+00 1.024e+03 1.000e+01]","[0.000e+00 0.000e+00 1.000e+00 0.000e+00 0.000e+00 0.000e+00 0.000e+00
 0.000e+00 0.000e+00 0.000e+00 1.000e+00 1.000e+00 1.000e+01 1.000e+01
 4.000e+00 5.000e+01 8.000e+01 2.000e+00 8.000e+00 3.000e+00 5.000e+01
 8.000e+01 3.000e+00 1.500e+01 2.000e+01 7.500e+01 2.000e+01 4.000e+01
 2.000e+01 9.000e+01 2.000e+00 4.096e+03 8.000e+00 2.048e+03 1.000e+01]","[1.000e+00 0.000e+00 0.000e+00 0.000e+00 0.000e+00 1.000e+00 0.000e+00
 0.000e+00 0.000e+00 0.000e+00 0.000e+00 0.000e+00 1.000e+01 1.000e+01
 4.000e+00 5.000e+01 8.000e+01 2.000e+00 8.000e+00 3.000e+00 5.000e+01
 8.000e+01 3.000e+00 1.500e+01 2.000e+01 7.500e+01 5.000e+01 1.000e+01
 2.000e+01 7.000e+01 2.000e+00 4.096e+03 8.000e+00 1.024e+03 1.000e+01]","[0.000e+00 0.000e+00 1.000e+00 1.000e+00 0.000e+00 0.000e+00 0.000e+00
 0.000e+00 0.000e+00 1.000e+00 0.000e+00 0.000e+00 1.000e+01 1.000e+01
 4.000e+00 5.000e+01 8.000e+01 1.600e+01 8.000e+00 1.000e+01 5.000e+01
 8.000e+01 3.000e+00 1.500e+01 2.000e+01 7.500e+01 2.000e+01 4.000e+01
 2.000e+01 7.000e+01 2.000e+00 4.096e+03 8.000e+00 1.024e+03 1.000e+01]","[1.000e+00 0.000e+00 1.000e+00 0.000e+00 0.000e+00 0.000e+00 0.000e+00
 0.000e+00 0.000e+00 0.000e+00 1.000e+00 0.000e+00 1.000e+01 1.000e+01
 4.000e+00 5.000e+01 8.000e+01 2.000e+00 8.000e+00 3.000e+00 5.000e+01
 8.000e+01 3.000e+00 3.000e+01 2.000e+01 7.500e+01 2.000e+01 4.000e+01
 2.000e+01 7.000e+01 2.000e+00 4.096e+03 8.000e+00 2.048e+03 1.000e+01]","[0.000e+00 0.000e+00 1.000e+00 0.000e+00 0.000e+00 0.000e+00 0.000e+00
 0.000e+00 0.000e+00 0.000e+00 1.000e+00 0.000e+00 1.800e+01 1.500e+01
 3.000e+00 5.500e+01 5.500e+01 4.000e+00 2.200e+01 5.000e+00 5.000e+01
 7.000e+01 4.000e+00 2.000e+01 1.000e+01 5.500e+01 3.000e+01 4.000e+01
 7.000e+01 7.000e+01 4.000e+00 9.030e+02 1.000e+01 2.048e+03 6.000e+00]","[0.000e+00 0.000e+00 1.000e+00 1.000e+00 0.000e+00 0.000e+00 0.000e+00
 0.000e+00 0.000e+00 0.000e+00 0.000e+00 0.000e+00 7.000e+00 1.500e+01
 2.100e+01 5.500e+01 7.500e+01 7.000e+00 2.800e+01 6.000e+00 2.500e+01
 8.000e+01 3.000e+00 5.000e+00 3.000e+01 8.000e+01 3.500e+01 1.500e+01
 5.000e+01 8.000e+01 1.600e+01 7.355e+03 4.000e+00 2.048e+03 5.000e+00]","[0.000e+00 0.000e+00 1.000e+00 1.000e+00 0.000e+00 0.000e+00 0.000e+00
 0.000e+00 0.000e+00 1.000e+00 0.000e+00 0.000e+00 1.000e+01 1.000e+01
 4.000e+00 5.000e+01 8.000e+01 2.000e+00 3.000e+01 3.000e+00 5.000e+01
 5.500e+01 3.000e+00 1.500e+01 2.000e+01 7.500e+01 2.000e+01 4.000e+01
 2.000e+01 7.000e+01 2.000e+00 4.096e+03 8.000e+00 1.024e+03 1.000e+01]","[0.000e+00 0.000e+00 1.000e+00 1.000e+00 0.000e+00 0.000e+00 0.000e+00
 0.000e+00 0.000e+00 1.000e+00 0.000e+00 0.000e+00 1.000e+01 1.000e+01
 4.000e+00 5.000e+01 8.000e+01 2.000e+00 8.000e+00 3.000e+00 5.000e+01
 5.500e+01 3.000e+00 1.500e+01 2.000e+01 7.500e+01 2.000e+01 4.000e+01
 2.000e+01 7.000e+01 2.000e+00 4.096e+03 8.000e+00 2.048e+03 1.000e+01]","[0.000e+00 0.000e+00 1.000e+00 0.000e+00 0.000e+00 1.000e+00 0.000e+00
 0.000e+00 0.000e+00 0.000e+00 0.000e+00 0.000e+00 1.000e+01 1.000e+01
 4.000e+00 5.000e+01 8.000e+01 2.000e+00 3.000e+01 3.000e+00 5.000e+01
 8.000e+01 3.000e+00 1.500e+01 2.000e+01 5.000e+01 2.000e+01 4.000e+01
 2.000e+01 7.000e+01 2.000e+00 4.096e+03 8.000e+00 1.024e+03 1.000e+01]","[1.000e+00 0.000e+00 1.000e+00 0.000e+00 0.000e+00 0.000e+00 0.000e+00
 1.000e+00 1.000e+00 1.000e+00 0.000e+00 1.000e+00 2.000e+00 5.000e+00
 1.500e+01 7.500e+01 6.500e+01 3.000e+00 1.700e+01 2.000e+00 5.000e+01
 6.000e+01 3.000e+00 7.000e+00 2.000e+01 7.000e+01 3.500e+01 3.000e+01
 4.500e+01 7.500e+01 1.000e+00 3.488e+03 4.000e+00 1.024e+03 2.200e+01]","[1.000e+00 0.000e+00 1.000e+00 0.000e+00 0.000e+00 0.000e+00 0.000e+00
 0.000e+00 0.000e+00 0.000e+00 1.000e+00 0.000e+00 1.000e+01 1.000e+01
 4.000e+00 5.000e+01 8.000e+01 2.000e+00 8.000e+00 3.000e+00 5.000e+01
 8.000e+01 3.000e+00 1.500e+01 2.000e+01 7.500e+01 5.000e+01 4.000e+01
 2.000e+01 7.000e+01 2.000e+00 4.096e+03 8.000e+00 2.048e+03 1.000e+01]","[0.000e+00 0.000e+00 1.000e+00 0.000e+00 0.000e+00 0.000e+00 0.000e+00
 0.000e+00 1.000e+00 1.000e+00 0.000e+00 0.000e+00 1.000e+01 1.000e+01
 4.000e+00 5.000e+01 8.000e+01 2.000e+00 8.000e+00 3.000e+00 5.000e+01
 8.000e+01 3.000e+00 1.500e+01 2.000e+01 5.000e+01 2.000e+01 1.000e+01
 2.000e+01 7.000e+01 2.000e+00 4.096e+03 8.000e+00 1.024e+03 1.000e+01]","[1.000e+00 0.000e+00 1.000e+00 0.000e+00 0.000e+00 0.000e+00 0.000e+00
 0.000e+00 0.000e+00 0.000e+00 1.000e+00 0.000e+00 1.000e+01 1.000e+01
 4.000e+00 5.000e+01 8.000e+01 2.000e+00 8.000e+00 3.000e+00 5.000e+01
 8.000e+01 3.000e+00 1.500e+01 2.000e+01 7.500e+01 5.000e+01 1.000e+01
 2.000e+01 7.000e+01 2.000e+00 4.096e+03 8.000e+00 1.024e+03 1.000e+01]","[0.000e+00 1.000e+00 1.000e+00 1.000e+00 0.000e+00 0.000e+00 0.000e+00
 0.000e+00 0.000e+00 0.000e+00 0.000e+00 0.000e+00 1.000e+01 1.000e+01
 4.000e+00 5.000e+01 8.000e+01 2.000e+00 8.000e+00 3.000e+00 2.500e+01
 8.000e+01 3.000e+00 1.500e+01 2.000e+01 7.500e+01 2.000e+01 4.000e+01
 2.000e+01 7.000e+01 2.000e+00 4.096e+03 8.000e+00 2.048e+03 1.000e+01]","[1.000e+00 0.000e+00 1.000e+00 0.000e+00 0.000e+00 0.000e+00 0.000e+00
 0.000e+00 0.000e+00 0.000e+00 1.000e+00 0.000e+00 1.000e+01 1.000e+01
 4.000e+00 5.000e+01 8.000e+01 2.000e+00 3.000e+01 3.000e+00 5.000e+01
 8.000e+01 3.000e+00 1.500e+01 2.000e+01 5.000e+01 2.000e+01 4.000e+01
 2.000e+01 7.000e+01 2.000e+00 4.096e+03 8.000e+00 1.024e+03 1.000e+01]","[0.000e+00 0.000e+00 1.000e+00 1.000e+00 0.000e+00 0.000e+00 0.000e+00
 0.000e+00 0.000e+00 1.000e+00 0.000e+00 0.000e+00 1.000e+01 1.000e+01
 4.000e+00 5.000e+01 8.000e+01 1.600e+01 8.000e+00 3.000e+00 5.000e+01
 5.500e+01 3.000e+00 1.500e+01 2.000e+01 7.500e+01 2.000e+01 4.000e+01
 2.000e+01 7.000e+01 2.000e+00 4.096e+03 8.000e+00 1.024e+03 1.000e+01]","[1.000e+00 0.000e+00 1.000e+00 1.000e+00 0.000e+00 1.000e+00 0.000e+00
 1.000e+00 0.000e+00 0.000e+00 0.000e+00 0.000e+00 2.000e+00 5.000e+00
 1.500e+01 7.500e+01 6.500e+01 3.000e+00 1.700e+01 2.000e+00 5.000e+01
 6.000e+01 3.000e+00 7.000e+00 2.000e+01 7.000e+01 3.500e+01 3.000e+01
 4.500e+01 7.500e+01 1.000e+00 3.488e+03 4.000e+00 1.024e+03 2.200e+01]","[1.000e+00 0.000e+00 1.000e+00 0.000e+00 0.000e+00 0.000e+00 0.000e+00
 0.000e+00 0.000e+00 0.000e+00 1.000e+00 0.000e+00 1.000e+01 1.000e+01
 4.000e+00 5.000e+01 8.000e+01 2.000e+00 8.000e+00 3.000e+00 5.000e+01
 8.000e+01 3.000e+00 1.500e+01 2.000e+01 7.500e+01 2.000e+01 1.000e+01
 9.000e+01 7.000e+01 2.000e+00 4.096e+03 8.000e+00 1.024e+03 1.000e+01]","[1.000e+00 0.000e+00 0.000e+00 1.000e+00 1.000e+00 0.000e+00 0.000e+00
 0.000e+00 1.000e+00 0.000e+00 0.000e+00 1.000e+00 4.000e+00 5.000e+00
 6.000e+00 4.500e+01 8.000e+01 5.000e+00 2.800e+01 9.000e+00 2.500e+01
 7.500e+01 4.000e+00 1.500e+01 2.000e+01 8.000e+01 4.500e+01 1.500e+01
 3.500e+01 7.500e+01 2.000e+00 7.394e+03 2.000e+00 2.048e+03 1.400e+01]","[0.000e+00 0.000e+00 1.000e+00 0.000e+00 0.000e+00 0.000e+00 0.000e+00
 0.000e+00 0.000e+00 0.000e+00 1.000e+00 0.000e+00 1.000e+01 1.000e+01
 4.000e+00 5.000e+01 8.000e+01 2.000e+00 8.000e+00 3.000e+00 5.000e+01
 8.000e+01 3.000e+00 1.500e+01 2.000e+01 7.500e+01 5.000e+01 4.000e+01
 2.000e+01 7.000e+01 2.000e+00 4.096e+03 8.000e+00 2.048e+03 1.000e+01]","[0.000e+00 0.000e+00 1.000e+00 0.000e+00 0.000e+00 1.000e+00 0.000e+00
 0.000e+00 0.000e+00 1.000e+00 0.000e+00 0.000e+00 7.000e+00 3.500e+01
 2.300e+01 5.000e+01 9.000e+01 1.000e+01 2.000e+01 1.000e+01 3.000e+01
 5.500e+01 1.000e+00 1.200e+01 2.000e+01 6.000e+01 1.000e+01 5.000e+01
 7.500e+01 8.500e+01 4.000e+00 8.930e+02 6.000e+00 1.024e+03 1.900e+01]","[0.000e+00 0.000e+00 1.000e+00 1.000e+00 0.000e+00 0.000e+00 0.000e+00
 0.000e+00 0.000e+00 0.000e+00 0.000e+00 0.000e+00 1.000e+01 1.000e+01
 4.000e+00 5.000e+01 8.000e+01 2.000e+00 3.000e+01 3.000e+00 5.000e+01
 8.000e+01 3.000e+00 1.500e+01 2.000e+01 7.500e+01 2.000e+01 4.000e+01
 2.000e+01 7.000e+01 2.000e+00 4.096e+03 1.600e+01 1.024e+03 1.000e+01]","[0.000e+00 0.000e+00 1.000e+00 1.000e+00 0.000e+00 0.000e+00 0.000e+00
 0.000e+00 0.000e+00 1.000e+00 0.000e+00 0.000e+00 1.000e+01 1.000e+01
 4.000e+00 5.000e+01 5.500e+01 2.000e+00 8.000e+00 3.000e+00 5.000e+01
 8.000e+01 3.000e+00 1.500e+01 2.000e+01 7.500e+01 2.000e+01 4.000e+01
 2.000e+01 7.000e+01 2.000e+00 4.096e+03 8.000e+00 2.048e+03 1.000e+01]","[1.000e+00 0.000e+00 1.000e+00 0.000e+00 0.000e+00 0.000e+00 0.000e+00
 0.000e+00 0.000e+00 0.000e+00 1.000e+00 0.000e+00 1.000e+01 1.000e+01
 4.000e+00 5.000e+01 8.000e+01 2.000e+00 3.000e+01 3.000e+00 5.000e+01
 5.500e+01 3.000e+00 1.500e+01 2.000e+01 7.500e+01 2.000e+01 4.000e+01
 2.000e+01 7.000e+01 2.000e+00 4.096e+03 8.000e+00 1.024e+03 1.000e+01]","[1.000e+00 0.000e+00 1.000e+00 0.000e+00 0.000e+00 0.000e+00 0.000e+00
 0.000e+00 0.000e+00 0.000e+00 1.000e+00 0.000e+00 1.000e+01 1.000e+01
 4.000e+00 5.000e+01 8.000e+01 2.000e+00 3.000e+01 3.000e+00 5.000e+01
 8.000e+01 3.000e+00 1.500e+01 2.000e+01 7.500e+01 5.000e+01 4.000e+01
 2.000e+01 7.000e+01 2.000e+00 4.096e+03 8.000e+00 1.024e+03 1.000e+01]","[1.000e+00 0.000e+00 0.000e+00 1.000e+00 1.000e+00 0.000e+00 0.000e+00
 0.000e+00 1.000e+00 0.000e+00 0.000e+00 1.000e+00 2.000e+00 5.000e+00
 1.500e+01 7.500e+01 6.500e+01 3.000e+00 1.700e+01 2.000e+00 5.000e+01
 6.000e+01 3.000e+00 7.000e+00 2.000e+01 7.000e+01 3.500e+01 3.000e+01
 4.500e+01 7.500e+01 1.000e+00 3.488e+03 4.000e+00 1.024e+03 2.200e+01]","[1.000e+00 0.000e+00 1.000e+00 0.000e+00 0.000e+00 0.000e+00 0.000e+00
 0.000e+00 0.000e+00 0.000e+00 1.000e+00 0.000e+00 1.000e+01 1.000e+01
 4.000e+00 5.000e+01 8.000e+01 2.000e+00 3.000e+01 3.000e+00 5.000e+01
 8.000e+01 1.000e+01 1.500e+01 2.000e+01 7.500e+01 2.000e+01 4.000e+01
 2.000e+01 7.000e+01 2.000e+00 4.096e+03 8.000e+00 1.024e+03 1.000e+01]","[0.000e+00 0.000e+00 1.000e+00 0.000e+00 0.000e+00 0.000e+00 0.000e+00
 0.000e+00 0.000e+00 0.000e+00 1.000e+00 1.000e+00 1.000e+01 1.000e+01
 4.000e+00 5.000e+01 8.000e+01 2.000e+00 3.000e+01 3.000e+00 5.000e+01
 8.000e+01 3.000e+00 1.500e+01 2.000e+01 7.500e+01 2.000e+01 4.000e+01
 2.000e+01 7.000e+01 2.000e+00 4.096e+03 8.000e+00 2.048e+03 1.000e+01]","[0.000e+00 0.000e+00 1.000e+00 1.000e+00 0.000e+00 0.000e+00 0.000e+00
 0.000e+00 0.000e+00 0.000e+00 0.000e+00 0.000e+00 1.000e+01 1.000e+01
 4.000e+00 5.000e+01 8.000e+01 2.000e+00 3.000e+01 3.000e+00 5.000e+01
 8.000e+01 3.000e+00 1.500e+01 2.000e+01 5.000e+01 2.000e+01 4.000e+01
 2.000e+01 7.000e+01 2.000e+00 4.096e+03 8.000e+00 1.024e+03 1.000e+01]","[0.000e+00 0.000e+00 1.000e+00 0.000e+00 0.000e+00 0.000e+00 0.000e+00
 0.000e+00 0.000e+00 0.000e+00 0.000e+00 1.000e+00 1.000e+01 1.000e+01
 4.000e+00 5.000e+01 8.000e+01 2.000e+00 8.000e+00 3.000e+00 5.000e+01
 8.000e+01 3.000e+00 1.500e+01 2.000e+01 5.000e+01 2.000e+01 1.000e+01
 2.000e+01 7.000e+01 2.000e+00 4.096e+03 8.000e+00 1.024e+03 1.000e+01]","[0.000e+00 0.000e+00 1.000e+00 0.000e+00 0.000e+00 1.000e+00 0.000e+00
 0.000e+00 0.000e+00 0.000e+00 1.000e+00 0.000e+00 1.000e+01 1.000e+01
 4.000e+00 5.000e+01 8.000e+01 2.000e+00 3.000e+01 3.000e+00 5.000e+01
 8.000e+01 3.000e+00 1.500e+01 2.000e+01 7.500e+01 2.000e+01 1.000e+01
 2.000e+01 7.000e+01 2.000e+00 4.096e+03 8.000e+00 1.024e+03 1.000e+01]","[0.000e+00 0.000e+00 1.000e+00 0.000e+00 1.000e+00 0.000e+00 0.000e+00
 0.000e+00 0.000e+00 0.000e+00 0.000e+00 0.000e+00 1.000e+01 1.000e+01
 4.000e+00 5.000e+01 5.500e+01 2.000e+00 8.000e+00 3.000e+00 5.000e+01
 5.500e+01 3.000e+00 1.500e+01 2.000e+01 7.500e+01 2.000e+01 4.000e+01
 2.000e+01 7.000e+01 2.000e+00 4.096e+03 8.000e+00 1.024e+03 1.000e+01]","[0.000e+00 0.000e+00 1.000e+00 0.000e+00 1.000e+00 0.000e+00 0.000e+00
 0.000e+00 0.000e+00 0.000e+00 1.000e+00 0.000e+00 1.000e+01 1.000e+01
 4.000e+00 5.000e+01 8.000e+01 2.000e+00 8.000e+00 3.000e+00 5.000e+01
 8.000e+01 1.000e+01 1.500e+01 2.000e+01 5.000e+01 2.000e+01 4.000e+01
 2.000e+01 7.000e+01 2.000e+00 4.096e+03 8.000e+00 1.024e+03 1.000e+01]","[0.000e+00 0.000e+00 1.000e+00 0.000e+00 0.000e+00 0.000e+00 0.000e+00
 0.000e+00 1.000e+00 0.000e+00 1.000e+00 0.000e+00 1.000e+01 1.000e+01
 4.000e+00 5.000e+01 8.000e+01 2.000e+00 8.000e+00 3.000e+00 5.000e+01
 8.000e+01 3.000e+00 3.000e+01 2.000e+01 7.500e+01 2.000e+01 4.000e+01
 2.000e+01 7.000e+01 2.000e+00 4.096e+03 8.000e+00 2.048e+03 1.000e+01]","[0.000e+00 0.000e+00 1.000e+00 1.000e+00 0.000e+00 0.000e+00 0.000e+00
 0.000e+00 0.000e+00 0.000e+00 1.000e+00 0.000e+00 1.000e+01 1.000e+01
 4.000e+00 5.000e+01 8.000e+01 2.000e+00 8.000e+00 3.000e+00 5.000e+01
 8.000e+01 3.000e+00 1.500e+01 2.000e+01 7.500e+01 5.000e+01 4.000e+01
 9.000e+01 7.000e+01 2.000e+00 4.096e+03 8.000e+00 1.024e+03 1.000e+01]","[0.000e+00 0.000e+00 1.000e+00 1.000e+00 0.000e+00 0.000e+00 0.000e+00
 0.000e+00 0.000e+00 1.000e+00 0.000e+00 0.000e+00 1.000e+01 1.000e+01
 4.000e+00 5.000e+01 8.000e+01 2.000e+00 3.000e+01 3.000e+00 5.000e+01
 5.500e+01 3.000e+00 1.500e+01 2.000e+01 7.500e+01 2.000e+01 4.000e+01
 2.000e+01 7.000e+01 2.000e+00 4.096e+03 8.000e+00 1.024e+03 1.000e+01]","[1.000e+00 0.000e+00 0.000e+00 0.000e+00 0.000e+00 0.000e+00 0.000e+00
 0.000e+00 0.000e+00 0.000e+00 0.000e+00 0.000e+00 1.000e+01 1.000e+01
 4.000e+00 5.000e+01 8.000e+01 2.000e+00 8.000e+00 3.000e+00 5.000e+01
 8.000e+01 3.000e+00 1.500e+01 2.000e+01 7.500e+01 5.000e+01 1.000e+01
 2.000e+01 7.000e+01 2.000e+00 4.096e+03 8.000e+00 1.024e+03 1.000e+01]","[1.000e+00 0.000e+00 0.000e+00 1.000e+00 1.000e+00 1.000e+00 1.000e+00
 1.000e+00 1.000e+00 0.000e+00 0.000e+00 1.000e+00 2.000e+00 1.000e+01
 2.200e+01 3.000e+01 5.500e+01 7.000e+00 2.600e+01 3.000e+00 3.000e+01
 9.000e+01 1.000e+00 1.500e+01 2.500e+01 5.000e+01 3.500e+01 3.500e+01
 8.000e+01 9.000e+01 2.000e+00 2.393e+03 4.000e+00 2.048e+03 1.600e+01]","[1.000e+00 0.000e+00 1.000e+00 1.000e+00 0.000e+00 1.000e+00 1.000e+00
 0.000e+00 1.000e+00 0.000e+00 0.000e+00 1.000e+00 1.500e+01 1.000e+01
 2.400e+01 3.000e+01 9.000e+01 1.200e+01 4.000e+00 4.000e+00 5.000e+01
 7.500e+01 1.000e+01 7.000e+00 1.000e+01 6.500e+01 1.000e+01 1.000e+01
 6.000e+01 9.000e+01 8.000e+00 2.595e+03 2.000e+00 2.048e+03 2.300e+01]","[0.000e+00 0.000e+00 1.000e+00 0.000e+00 1.000e+00 0.000e+00 0.000e+00
 0.000e+00 0.000e+00 0.000e+00 1.000e+00 0.000e+00 1.000e+01 1.000e+01
 4.000e+00 5.000e+01 8.000e+01 2.000e+00 3.000e+01 3.000e+00 5.000e+01
 5.500e+01 3.000e+00 1.500e+01 2.000e+01 7.500e+01 2.000e+01 4.000e+01
 2.000e+01 7.000e+01 2.000e+00 4.096e+03 8.000e+00 1.024e+03 1.000e+01]","[1.000e+00 0.000e+00 0.000e+00 0.000e+00 0.000e+00 0.000e+00 0.000e+00
 0.000e+00 1.000e+00 0.000e+00 0.000e+00 0.000e+00 2.000e+00 1.000e+01
 2.200e+01 3.000e+01 5.500e+01 7.000e+00 2.600e+01 3.000e+00 3.000e+01
 9.000e+01 1.000e+00 1.500e+01 2.500e+01 5.000e+01 3.500e+01 3.500e+01
 8.000e+01 9.000e+01 2.000e+00 2.393e+03 4.000e+00 2.048e+03 1.600e+01]","[1.000e+00 0.000e+00 1.000e+00 0.000e+00 0.000e+00 0.000e+00 0.000e+00
 0.000e+00 0.000e+00 0.000e+00 1.000e+00 0.000e+00 1.000e+01 1.000e+01
 4.000e+00 5.000e+01 8.000e+01 2.000e+00 3.000e+01 3.000e+00 5.000e+01
 8.000e+01 3.000e+00 1.500e+01 2.000e+01 5.000e+01 2.000e+01 4.000e+01
 2.000e+01 7.000e+01 2.000e+00 4.096e+03 8.000e+00 1.024e+03 1.000e+01]","[0.000e+00 0.000e+00 1.000e+00 0.000e+00 0.000e+00 0.000e+00 0.000e+00
 0.000e+00 0.000e+00 0.000e+00 1.000e+00 1.000e+00 1.000e+01 1.000e+01
 4.000e+00 5.000e+01 5.500e+01 2.000e+00 8.000e+00 3.000e+00 5.000e+01
 8.000e+01 3.000e+00 1.500e+01 2.000e+01 7.500e+01 2.000e+01 4.000e+01
 2.000e+01 7.000e+01 2.000e+00 4.096e+03 8.000e+00 2.048e+03 1.000e+01]","[1.000e+00 0.000e+00 1.000e+00 0.000e+00 0.000e+00 0.000e+00 0.000e+00
 0.000e+00 0.000e+00 0.000e+00 1.000e+00 0.000e+00 1.000e+01 1.000e+01
 4.000e+00 5.000e+01 8.000e+01 2.000e+00 8.000e+00 3.000e+00 5.000e+01
 8.000e+01 1.000e+01 1.500e+01 2.000e+01 7.500e+01 2.000e+01 1.000e+01
 2.000e+01 7.000e+01 2.000e+00 4.096e+03 8.000e+00 1.024e+03 1.000e+01]","[1.000e+00 0.000e+00 1.000e+00 0.000e+00 0.000e+00 0.000e+00 0.000e+00
 0.000e+00 0.000e+00 0.000e+00 1.000e+00 0.000e+00 1.000e+01 1.000e+01
 4.000e+00 5.000e+01 5.500e+01 2.000e+00 8.000e+00 3.000e+00 5.000e+01
 8.000e+01 3.000e+00 1.500e+01 2.000e+01 7.500e+01 2.000e+01 4.000e+01
 2.000e+01 7.000e+01 2.000e+00 4.096e+03 1.600e+01 1.024e+03 1.000e+01]","[0.000e+00 0.000e+00 1.000e+00 0.000e+00 0.000e+00 0.000e+00 0.000e+00
 0.000e+00 1.000e+00 1.000e+00 0.000e+00 0.000e+00 1.000e+01 1.000e+01
 4.000e+00 5.000e+01 5.500e+01 1.600e+01 8.000e+00 3.000e+00 5.000e+01
 8.000e+01 3.000e+00 1.500e+01 2.000e+01 7.500e+01 2.000e+01 4.000e+01
 2.000e+01 7.000e+01 2.000e+00 4.096e+03 8.000e+00 1.024e+03 1.000e+01]","[0.000e+00 0.000e+00 1.000e+00 1.000e+00 0.000e+00 0.000e+00 0.000e+00
 0.000e+00 0.000e+00 1.000e+00 0.000e+00 0.000e+00 1.000e+01 1.000e+01
 4.000e+00 5.000e+01 8.000e+01 2.000e+00 8.000e+00 3.000e+00 5.000e+01
 8.000e+01 3.000e+00 3.000e+01 2.000e+01 7.500e+01 2.000e+01 4.000e+01
 2.000e+01 7.000e+01 2.000e+00 4.096e+03 8.000e+00 2.048e+03 1.000e+01]","[0.000e+00 0.000e+00 1.000e+00 0.000e+00 0.000e+00 1.000e+00 0.000e+00
 0.000e+00 0.000e+00 1.000e+00 0.000e+00 0.000e+00 1.000e+01 1.000e+01
 4.000e+00 5.000e+01 8.000e+01 2.000e+00 3.000e+01 1.000e+01 5.000e+01
 8.000e+01 3.000e+00 1.500e+01 2.000e+01 7.500e+01 2.000e+01 4.000e+01
 2.000e+01 7.000e+01 2.000e+00 4.096e+03 8.000e+00 1.024e+03 1.000e+01]","[1.000e+00 0.000e+00 1.000e+00 0.000e+00 0.000e+00 0.000e+00 0.000e+00
 0.000e+00 0.000e+00 0.000e+00 0.000e+00 0.000e+00 1.000e+01 1.000e+01
 4.000e+00 5.000e+01 8.000e+01 2.000e+00 8.000e+00 3.000e+00 5.000e+01
 8.000e+01 3.000e+00 1.500e+01 2.000e+01 5.000e+01 2.000e+01 1.000e+01
 2.000e+01 7.000e+01 2.000e+00 4.096e+03 8.000e+00 1.024e+03 1.000e+01]","[0.000e+00 0.000e+00 1.000e+00 0.000e+00 0.000e+00 1.000e+00 0.000e+00
 0.000e+00 0.000e+00 1.000e+00 0.000e+00 0.000e+00 1.600e+01 5.000e+00
 9.000e+00 3.500e+01 5.500e+01 1.400e+01 1.500e+01 1.000e+01 3.500e+01
 6.500e+01 5.000e+00 1.600e+01 1.000e+01 8.000e+01 4.000e+01 4.000e+01
 7.000e+01 8.000e+01 8.000e+00 4.352e+03 6.000e+00 2.048e+03 1.000e+01]","[0.000e+00 0.000e+00 1.000e+00 0.000e+00 0.000e+00 0.000e+00 0.000e+00
 0.000e+00 0.000e+00 1.000e+00 1.000e+00 0.000e+00 1.000e+01 1.000e+01
 4.000e+00 5.000e+01 8.000e+01 2.000e+00 3.000e+01 3.000e+00 5.000e+01
 8.000e+01 3.000e+00 1.500e+01 2.000e+01 7.500e+01 2.000e+01 4.000e+01
 2.000e+01 7.000e+01 2.000e+00 4.096e+03 8.000e+00 2.048e+03 1.000e+01]","[0.000e+00 0.000e+00 1.000e+00 0.000e+00 0.000e+00 0.000e+00 0.000e+00
 0.000e+00 1.000e+00 0.000e+00 0.000e+00 0.000e+00 6.000e+00 2.500e+01
 9.000e+00 4.500e+01 8.500e+01 6.000e+00 2.200e+01 1.000e+00 3.500e+01
 9.000e+01 1.000e+00 1.000e+01 3.000e+01 9.000e+01 1.000e+01 4.000e+01
 9.000e+01 9.000e+01 8.000e+00 5.120e+02 2.000e+00 2.048e+03 2.500e+01]","[1.000e+00 0.000e+00 1.000e+00 1.000e+00 1.000e+00 1.000e+00 0.000e+00
 1.000e+00 1.000e+00 1.000e+00 1.000e+00 1.000e+00 1.000e+01 1.000e+01
 4.000e+00 5.000e+01 8.000e+01 2.000e+00 3.000e+01 3.000e+00 5.000e+01
 8.000e+01 3.000e+00 1.500e+01 2.000e+01 7.500e+01 2.000e+01 1.000e+01
 2.000e+01 7.000e+01 2.000e+00 4.096e+03 8.000e+00 1.024e+03 1.000e+01]","[1.000e+00 0.000e+00 0.000e+00 1.000e+00 1.000e+00 1.000e+00 0.000e+00
 1.000e+00 1.000e+00 0.000e+00 0.000e+00 1.000e+00 4.000e+00 5.000e+00
 6.000e+00 4.500e+01 8.000e+01 5.000e+00 2.800e+01 9.000e+00 2.500e+01
 7.500e+01 4.000e+00 1.500e+01 2.000e+01 8.000e+01 4.500e+01 1.500e+01
 3.500e+01 7.500e+01 2.000e+00 7.394e+03 2.000e+00 2.048e+03 1.400e+01]","[0.000e+00 0.000e+00 1.000e+00 1.000e+00 0.000e+00 0.000e+00 0.000e+00
 0.000e+00 0.000e+00 0.000e+00 1.000e+00 0.000e+00 1.000e+01 1.000e+01
 4.000e+00 5.000e+01 8.000e+01 2.000e+00 8.000e+00 3.000e+00 5.000e+01
 8.000e+01 1.000e+01 1.500e+01 2.000e+01 7.500e+01 2.000e+01 4.000e+01
 2.000e+01 7.000e+01 2.000e+00 4.096e+03 1.600e+01 1.024e+03 1.000e+01]","[0.000e+00 0.000e+00 1.000e+00 0.000e+00 0.000e+00 0.000e+00 0.000e+00
 0.000e+00 1.000e+00 0.000e+00 1.000e+00 0.000e+00 1.000e+01 1.000e+01
 4.000e+00 5.000e+01 8.000e+01 2.000e+00 3.000e+01 3.000e+00 5.000e+01
 8.000e+01 3.000e+00 1.500e+01 2.000e+01 7.500e+01 2.000e+01 4.000e+01
 2.000e+01 7.000e+01 2.000e+00 4.096e+03 8.000e+00 2.048e+03 1.000e+01]","[1.000e+00 0.000e+00 0.000e+00 1.000e+00 0.000e+00 0.000e+00 1.000e+00
 1.000e+00 1.000e+00 0.000e+00 0.000e+00 1.000e+00 2.000e+00 5.000e+00
 1.500e+01 7.500e+01 6.500e+01 3.000e+00 1.700e+01 2.000e+00 5.000e+01
 6.000e+01 3.000e+00 7.000e+00 2.000e+01 7.000e+01 3.500e+01 3.000e+01
 4.500e+01 7.500e+01 1.000e+00 3.488e+03 4.000e+00 1.024e+03 2.200e+01]","[1.000e+00 0.000e+00 1.000e+00 0.000e+00 0.000e+00 0.000e+00 0.000e+00
 0.000e+00 0.000e+00 1.000e+00 0.000e+00 0.000e+00 1.000e+01 1.000e+01
 4.000e+00 5.000e+01 8.000e+01 2.000e+00 3.000e+01 3.000e+00 5.000e+01
 5.500e+01 3.000e+00 1.500e+01 2.000e+01 7.500e+01 2.000e+01 4.000e+01
 2.000e+01 7.000e+01 2.000e+00 4.096e+03 8.000e+00 1.024e+03 1.000e+01]","[1.00e+00 0.00e+00 1.00e+00 0.00e+00 0.00e+00 0.00e+00 0.00e+00 0.00e+00
 0.00e+00 1.00e+00 0.00e+00 0.00e+00 2.00e+01 2.00e+01 1.10e+01 5.00e+01
 7.00e+01 1.20e+01 3.00e+00 4.00e+00 4.00e+01 7.50e+01 7.00e+00 4.00e+00
 4.00e+01 6.00e+01 4.50e+01 2.00e+01 9.00e+01 9.00e+01 8.00e+00 3.40e+03
 3.00e+00 5.12e+02 1.90e+01]","[0.000e+00 1.000e+00 1.000e+00 0.000e+00 0.000e+00 0.000e+00 0.000e+00
 0.000e+00 0.000e+00 0.000e+00 0.000e+00 0.000e+00 1.000e+01 1.000e+01
 4.000e+00 5.000e+01 8.000e+01 2.000e+00 8.000e+00 3.000e+00 5.000e+01
 8.000e+01 3.000e+00 1.500e+01 2.000e+01 7.500e+01 2.000e+01 4.000e+01
 2.000e+01 7.000e+01 2.000e+00 4.096e+03 1.600e+01 2.048e+03 1.000e+01]","[1.000e+00 0.000e+00 0.000e+00 0.000e+00 0.000e+00 0.000e+00 0.000e+00
 0.000e+00 1.000e+00 0.000e+00 0.000e+00 0.000e+00 1.000e+01 1.000e+01
 4.000e+00 5.000e+01 8.000e+01 2.000e+00 8.000e+00 3.000e+00 5.000e+01
 8.000e+01 3.000e+00 1.500e+01 2.000e+01 7.500e+01 5.000e+01 1.000e+01
 2.000e+01 7.000e+01 2.000e+00 4.096e+03 8.000e+00 1.024e+03 1.000e+01]","[0.000e+00 0.000e+00 1.000e+00 0.000e+00 1.000e+00 0.000e+00 0.000e+00
 0.000e+00 0.000e+00 0.000e+00 0.000e+00 0.000e+00 1.000e+01 1.000e+01
 4.000e+00 5.000e+01 8.000e+01 2.000e+00 8.000e+00 3.000e+00 5.000e+01
 8.000e+01 3.000e+00 1.500e+01 2.000e+01 7.500e+01 2.000e+01 4.000e+01
 2.000e+01 9.000e+01 2.000e+00 4.096e+03 8.000e+00 2.048e+03 1.000e+01]","[1.000e+00 0.000e+00 1.000e+00 1.000e+00 1.000e+00 1.000e+00 0.000e+00
 1.000e+00 1.000e+00 1.000e+00 1.000e+00 1.000e+00 1.200e+01 1.000e+01
 4.000e+00 4.500e+01 9.000e+01 2.000e+00 1.000e+01 4.000e+00 6.000e+01
 9.000e+01 3.000e+00 1.300e+01 2.500e+01 8.500e+01 2.500e+01 5.000e+01
 2.000e+01 7.500e+01 4.000e+00 4.844e+03 1.000e+01 2.048e+03 9.000e+00]","[1.000e+00 0.000e+00 0.000e+00 1.000e+00 1.000e+00 1.000e+00 1.000e+00
 1.000e+00 1.000e+00 0.000e+00 0.000e+00 1.000e+00 1.000e+01 1.000e+01
 4.000e+00 5.000e+01 8.000e+01 2.000e+00 3.000e+01 3.000e+00 5.000e+01
 8.000e+01 3.000e+00 1.500e+01 2.000e+01 7.500e+01 2.000e+01 1.000e+01
 2.000e+01 7.000e+01 2.000e+00 4.096e+03 8.000e+00 1.024e+03 1.000e+01]","[1.000e+00 0.000e+00 0.000e+00 1.000e+00 1.000e+00 1.000e+00 0.000e+00
 1.000e+00 1.000e+00 0.000e+00 0.000e+00 1.000e+00 4.000e+00 5.000e+00
 6.000e+00 4.500e+01 8.000e+01 5.000e+00 2.800e+01 9.000e+00 2.500e+01
 7.500e+01 4.000e+00 1.500e+01 2.000e+01 8.000e+01 4.500e+01 1.500e+01
 3.500e+01 7.500e+01 2.000e+00 7.394e+03 2.000e+00 2.048e+03 1.400e+01]","[0.000e+00 0.000e+00 1.000e+00 0.000e+00 0.000e+00 0.000e+00 0.000e+00
 0.000e+00 1.000e+00 1.000e+00 0.000e+00 0.000e+00 1.000e+01 1.000e+01
 4.000e+00 5.000e+01 8.000e+01 2.000e+00 3.000e+01 3.000e+00 5.000e+01
 8.000e+01 3.000e+00 1.500e+01 2.000e+01 5.000e+01 2.000e+01 4.000e+01
 2.000e+01 7.000e+01 2.000e+00 4.096e+03 8.000e+00 1.024e+03 1.000e+01]","[0.000e+00 0.000e+00 1.000e+00 0.000e+00 0.000e+00 0.000e+00 0.000e+00
 0.000e+00 0.000e+00 0.000e+00 1.000e+00 0.000e+00 1.000e+01 1.000e+01
 4.000e+00 5.000e+01 8.000e+01 2.000e+00 3.000e+01 3.000e+00 5.000e+01
 8.000e+01 3.000e+00 1.500e+01 2.000e+01 5.000e+01 2.000e+01 4.000e+01
 2.000e+01 7.000e+01 2.000e+00 4.096e+03 8.000e+00 1.024e+03 1.000e+01]","[0.000e+00 0.000e+00 1.000e+00 0.000e+00 0.000e+00 0.000e+00 0.000e+00
 0.000e+00 0.000e+00 0.000e+00 1.000e+00 0.000e+00 1.000e+01 1.000e+01
 4.000e+00 5.000e+01 5.500e+01 2.000e+00 8.000e+00 3.000e+00 5.000e+01
 8.000e+01 3.000e+00 1.500e+01 2.000e+01 7.500e+01 2.000e+01 4.000e+01
 2.000e+01 7.000e+01 2.000e+00 4.096e+03 8.000e+00 2.048e+03 1.000e+01]","[1.000e+00 0.000e+00 0.000e+00 1.000e+00 1.000e+00 1.000e+00 0.000e+00
 1.000e+00 1.000e+00 0.000e+00 0.000e+00 1.000e+00 4.000e+00 5.000e+00
 6.000e+00 4.500e+01 8.000e+01 5.000e+00 2.800e+01 9.000e+00 2.500e+01
 7.500e+01 4.000e+00 1.500e+01 2.000e+01 8.000e+01 4.500e+01 1.500e+01
 3.500e+01 7.500e+01 2.000e+00 7.394e+03 2.000e+00 2.048e+03 1.400e+01]","[0.000e+00 0.000e+00 1.000e+00 1.000e+00 0.000e+00 0.000e+00 0.000e+00
 0.000e+00 0.000e+00 0.000e+00 0.000e+00 0.000e+00 1.000e+01 1.000e+01
 4.000e+00 5.000e+01 8.000e+01 2.000e+00 8.000e+00 3.000e+00 5.000e+01
 8.000e+01 3.000e+00 1.500e+01 2.000e+01 7.500e+01 2.000e+01 4.000e+01
 2.000e+01 7.000e+01 2.000e+00 4.096e+03 1.600e+01 2.048e+03 1.000e+01]","[1.000e+00 0.000e+00 0.000e+00 1.000e+00 1.000e+00 1.000e+00 1.000e+00
 1.000e+00 1.000e+00 0.000e+00 0.000e+00 1.000e+00 2.000e+01 1.000e+01
 1.000e+00 3.500e+01 7.500e+01 1.000e+01 2.600e+01 1.000e+01 3.500e+01
 6.500e+01 1.000e+00 8.000e+00 1.000e+01 5.500e+01 3.500e+01 2.500e+01
 5.500e+01 7.000e+01 1.600e+01 3.072e+03 1.000e+01 2.048e+03 1.700e+01]","[1.000e+00 0.000e+00 0.000e+00 1.000e+00 1.000e+00 1.000e+00 1.000e+00
 1.000e+00 1.000e+00 0.000e+00 0.000e+00 1.000e+00 1.000e+01 1.000e+01
 4.000e+00 5.000e+01 8.000e+01 2.000e+00 3.000e+01 3.000e+00 5.000e+01
 8.000e+01 3.000e+00 1.500e+01 2.000e+01 7.500e+01 2.000e+01 1.000e+01
 2.000e+01 7.000e+01 2.000e+00 4.096e+03 8.000e+00 1.024e+03 1.000e+01]","[1.000e+00 0.000e+00 0.000e+00 0.000e+00 0.000e+00 1.000e+00 0.000e+00
 0.000e+00 0.000e+00 0.000e+00 0.000e+00 0.000e+00 1.000e+01 1.000e+01
 4.000e+00 5.000e+01 8.000e+01 2.000e+00 3.000e+01 3.000e+00 5.000e+01
 8.000e+01 3.000e+00 1.500e+01 2.000e+01 7.500e+01 2.000e+01 1.000e+01
 2.000e+01 7.000e+01 2.000e+00 4.096e+03 8.000e+00 1.024e+03 1.000e+01]","[1.000e+00 0.000e+00 0.000e+00 1.000e+00 1.000e+00 1.000e+00 0.000e+00
 1.000e+00 1.000e+00 0.000e+00 0.000e+00 1.000e+00 2.000e+00 5.000e+00
 1.500e+01 7.500e+01 6.500e+01 3.000e+00 1.700e+01 2.000e+00 5.000e+01
 6.000e+01 3.000e+00 7.000e+00 2.000e+01 7.000e+01 3.500e+01 3.000e+01
 4.500e+01 7.500e+01 1.000e+00 3.488e+03 4.000e+00 1.024e+03 2.200e+01]","[1.000e+00 0.000e+00 1.000e+00 0.000e+00 0.000e+00 0.000e+00 0.000e+00
 0.000e+00 0.000e+00 0.000e+00 1.000e+00 0.000e+00 2.000e+01 1.000e+01
 4.000e+00 5.000e+01 8.000e+01 2.000e+00 3.000e+01 3.000e+00 5.000e+01
 8.000e+01 3.000e+00 1.500e+01 2.000e+01 7.500e+01 2.000e+01 4.000e+01
 2.000e+01 7.000e+01 2.000e+00 4.096e+03 8.000e+00 1.024e+03 1.000e+01]","[0.000e+00 0.000e+00 0.000e+00 1.000e+00 0.000e+00 1.000e+00 0.000e+00
 0.000e+00 0.000e+00 0.000e+00 0.000e+00 0.000e+00 1.000e+01 1.000e+01
 4.000e+00 5.000e+01 8.000e+01 2.000e+00 3.000e+01 3.000e+00 5.000e+01
 8.000e+01 3.000e+00 1.500e+01 2.000e+01 7.500e+01 5.000e+01 4.000e+01
 2.000e+01 7.000e+01 2.000e+00 4.096e+03 8.000e+00 1.024e+03 1.000e+01]","[1.000e+00 0.000e+00 0.000e+00 1.000e+00 1.000e+00 0.000e+00 0.000e+00
 0.000e+00 1.000e+00 0.000e+00 0.000e+00 1.000e+00 6.000e+00 2.000e+01
 1.100e+01 7.000e+01 6.000e+01 1.100e+01 2.400e+01 6.000e+00 4.500e+01
 6.500e+01 6.000e+00 1.100e+01 2.500e+01 5.000e+01 4.000e+01 2.500e+01
 6.500e+01 7.500e+01 4.000e+00 3.978e+03 9.000e+00 5.120e+02 1.900e+01]","[0.000e+00 0.000e+00 1.000e+00 0.000e+00 0.000e+00 0.000e+00 0.000e+00
 0.000e+00 0.000e+00 0.000e+00 1.000e+00 1.000e+00 1.000e+01 1.000e+01
 4.000e+00 5.000e+01 8.000e+01 2.000e+00 8.000e+00 3.000e+00 2.500e+01
 8.000e+01 3.000e+00 1.500e+01 2.000e+01 7.500e+01 2.000e+01 4.000e+01
 2.000e+01 7.000e+01 2.000e+00 4.096e+03 8.000e+00 2.048e+03 1.000e+01]","[1.000e+00 0.000e+00 0.000e+00 1.000e+00 1.000e+00 1.000e+00 1.000e+00
 1.000e+00 1.000e+00 0.000e+00 0.000e+00 1.000e+00 1.000e+01 1.000e+01
 4.000e+00 5.000e+01 8.000e+01 2.000e+00 3.000e+01 3.000e+00 5.000e+01
 8.000e+01 3.000e+00 1.500e+01 2.000e+01 7.500e+01 5.000e+01 4.000e+01
 2.000e+01 7.000e+01 2.000e+00 4.096e+03 8.000e+00 1.024e+03 1.000e+01]","[1.000e+00 0.000e+00 1.000e+00 1.000e+00 0.000e+00 0.000e+00 0.000e+00
 1.000e+00 1.000e+00 0.000e+00 0.000e+00 0.000e+00 4.000e+00 5.000e+00
 6.000e+00 4.500e+01 8.000e+01 5.000e+00 2.800e+01 9.000e+00 2.500e+01
 7.500e+01 4.000e+00 1.500e+01 2.000e+01 8.000e+01 4.500e+01 1.500e+01
 3.500e+01 7.500e+01 2.000e+00 7.394e+03 2.000e+00 2.048e+03 1.400e+01]","[0.000e+00 0.000e+00 1.000e+00 1.000e+00 0.000e+00 0.000e+00 0.000e+00
 0.000e+00 0.000e+00 1.000e+00 0.000e+00 0.000e+00 1.000e+01 1.000e+01
 4.000e+00 5.000e+01 8.000e+01 2.000e+00 3.000e+01 3.000e+00 5.000e+01
 5.500e+01 3.000e+00 1.500e+01 2.000e+01 7.500e+01 2.000e+01 4.000e+01
 2.000e+01 7.000e+01 2.000e+00 4.096e+03 8.000e+00 1.024e+03 1.000e+01]","[1.000e+00 0.000e+00 1.000e+00 0.000e+00 0.000e+00 0.000e+00 0.000e+00
 0.000e+00 0.000e+00 0.000e+00 1.000e+00 0.000e+00 1.000e+01 1.000e+01
 4.000e+00 5.000e+01 8.000e+01 2.000e+00 3.000e+01 3.000e+00 5.000e+01
 8.000e+01 3.000e+00 1.500e+01 2.000e+01 7.500e+01 2.000e+01 4.000e+01
 2.000e+01 7.000e+01 2.000e+00 4.096e+03 8.000e+00 2.048e+03 1.000e+01]","[0.000e+00 0.000e+00 1.000e+00 0.000e+00 1.000e+00 0.000e+00 0.000e+00
 0.000e+00 0.000e+00 0.000e+00 1.000e+00 0.000e+00 1.000e+01 1.000e+01
 4.000e+00 5.000e+01 8.000e+01 2.000e+00 8.000e+00 3.000e+00 5.000e+01
 5.500e+01 3.000e+00 1.500e+01 2.000e+01 7.500e+01 2.000e+01 4.000e+01
 2.000e+01 7.000e+01 2.000e+00 4.096e+03 8.000e+00 2.048e+03 1.000e+01]"
8425.5,553.5,1074.0,562.5,1819.5,558.5,5489.5,5566.0,561.5,850.5,556.0,555.0,568.5,532.0,561.5,1953.0,559.5,563.5,555.5,585.0,592.0,555.5,755.0,888.0,564.5,620.5,780.0,564.0,837.5,572.0,612.5,525.5,1787.0,555.5,573.0,822.0,841.5,487.0,557.0,1291.5,562.0,565.0,527.5,537.0,565.0,536.5,659.5,533.5,761.0,524.0,527.5,610.0,529.0,565.5,561.0,573.0,1069.0,457.0,527.0,4545.5,799.0,557.0,549.0,1392.0,563.0,850.5,534.5,460.5,586.0,461.0,815.5,524.0,1563.5,559.0,580.0,518.0,765.5,561.0,530.0,570.0,553.5,790.5,563.0,560.5,558.5,761.5,554.0,783.0,559.5,557.5,557.0,558.5,528.5,596.5,543.5,585.0,610.0,556.0,567.0,557.0,407.5,556.5,526.0,526.5,1993.5,543.5,525.0,563.0,796.0,530.5,524.5,569.5,549.0,560.0,561.0,555.0,1424.5,568.5,456.0,560.0,570.0,533.5,568.5,563.0,531.5,556.0,528.5,557.5,540.5,579.5,552.5,573.0,773.0,637.0,556.0,569.5,458.5,540.0,528.0,1011.5,458.5,538.0,839.0,568.5,558.0,457.0,459.0,557.5,821.5,558.5,576.0,693.0,2954.5,529.0,561.5,527.5,404.5,559.0,488.0,572.0,561.0,530.5,562.5,488.5,556.0,524.0,564.0,653.0,530.0,557.5,533.5,528.0,440.0,528.5,529.0,534.0,569.5,528.5,559.5,558.0,495.5,563.0,529.0,824.5,440.5,943.5,528.0,554.0,530.5,563.5,560.5,562.5,488.0,577.5,533.0,569.0,1344.5,536.0,1520.5,457.0,573.0,561.5,458.0,447.5,529.5,1080.5,563.5,792.0,562.5,606.0,563.0,573.0,467.0,533.5,565.0,573.0,567.5,2431.5,563.0,767.5,440.5,528.5,741.0,920.5,559.5,549.0,457.5,529.0,528.5,566.0
200
