1,2,3,4,5,6,7,8,9,10,11,12,13,14,15,16,17,18,19,20,21,22,23,24,25,26,27,28,29,30,31,32,33,34,35,36,37,38,39,40,41,42,43,44,45,46,47,48,49,50,51,52,53,54,55,56,57,58,59,60,61,62,63,64,65,66,67,68,69,70,71,72,73,74,75,76,77,78,79,80,81,82,83,84,85,86,87,88,89,90,91,92,93,94,95,96,97,98,99,100,101,102,103,104,105,106,107,108,109,110,111,112,113,114,115,116,117,118,119,120,121,122,123,124,125,126,127,128,129,130,131,132,133,134,135,136,137,138,139,140,141,142,143,144,145,146,147,148,149,150,151,152,153,154,155,156,157,158,159,160,161,162,163,164,165,166,167,168,169,170,171,172,173,174,175,176,177,178,179,180,181,182,183,184,185,186,187,188,189,190,191,192,193,194,195,196,197,198,199,200,201
[ 1.  1.  1.  1.  1.  0.  0.  0.  1.  0.  1. 60. 32. 10.],[  1.   0.   0.   0.   1.   0.   0.   0.   1.   0.   0.  30. 512.  10.],[ 1.  1.  0.  0.  1.  1.  0.  0.  0.  0.  0. 60. 64.  8.],[  1.   0.   0.   1.   1.   0.   1.   0.   0.   0.   1.  50. 512.   4.],[  1.   1.   1.   1.   1.   0.   0.   1.   0.   0.   0.  30. 256.   6.],"[1.000e+00 0.000e+00 1.000e+00 0.000e+00 1.000e+00 1.000e+00 0.000e+00
 0.000e+00 0.000e+00 0.000e+00 1.000e+00 6.000e+01 1.024e+03 8.000e+00]",[ 1.  0.  0.  1.  1.  0.  0.  0.  1.  0.  1. 70. 16.  6.],[ 1.  0.  0.  1.  1.  0.  0.  0.  0.  1.  1. 60.  2.  4.],[ 1.  0.  0.  0.  1.  0.  0.  0.  0.  1.  0. 40. 32. 10.],"[1.000e+00 1.000e+00 0.000e+00 1.000e+00 1.000e+00 1.000e+00 0.000e+00
 0.000e+00 0.000e+00 0.000e+00 0.000e+00 3.000e+01 2.048e+03 4.000e+00]",[ 1.  1.  1.  1.  1.  0.  1.  0.  0.  0.  1. 30.  2.  6.],"[1.000e+00 1.000e+00 0.000e+00 1.000e+00 1.000e+00 0.000e+00 0.000e+00
 0.000e+00 1.000e+00 0.000e+00 0.000e+00 5.000e+01 2.048e+03 4.000e+00]",[ 1.  1.  0.  1.  1.  1.  0.  0.  0.  0.  1. 70. 16.  4.],[  1.   0.   1.   1.   1.   0.   0.   1.   0.   0.   0.  40. 256.   0.],[ 1.  0.  1.  1.  1.  1.  0.  0.  0.  0.  1. 90. 64.  0.],[ 1.  0.  1.  1.  1.  0.  0.  1.  0.  0.  1. 70. 16.  0.],[ 1.  0.  1.  0.  1.  0.  1.  0.  0.  0.  0. 20.  1.  2.],[  1.   0.   1.   0.   1.   0.   1.   0.   0.   0.   0.  80. 256.   6.],[ 1.  1.  0.  0.  1.  0.  1.  0.  0.  0.  1. 50. 16.  0.],[ 1.  1.  1.  0.  1.  0.  1.  0.  0.  0.  1. 70.  1.  0.],[ 1.  1.  1.  1.  1.  0.  0.  1.  0.  0.  1.  0. 16.  8.],[ 1.  1.  0.  0.  1.  0.  0.  0.  0.  1.  1. 10. 16.  0.],[  1.   1.   0.   0.   1.   1.   0.   0.   0.   0.   1.  80. 128.   0.],[  1.   1.   0.   1.   1.   0.   0.   0.   0.   1.   1.  10. 512.  10.],"[1.000e+00 1.000e+00 1.000e+00 0.000e+00 1.000e+00 1.000e+00 0.000e+00
 0.000e+00 0.000e+00 0.000e+00 0.000e+00 3.000e+01 1.024e+03 1.000e+01]",[  1.   1.   1.   1.   1.   1.   0.   0.   0.   0.   0.  20. 256.   6.],[ 1.  0.  1.  0.  1.  1.  0.  0.  0.  0.  0. 50. 16.  4.],[ 1.  0.  1.  1.  1.  1.  0.  0.  0.  0.  1. 30. 32. 10.],[ 1.  1.  1.  0.  1.  0.  0.  1.  0.  0.  0. 80. 16. 10.],[ 1.  1.  1.  1.  1.  0.  0.  1.  0.  0.  1. 80.  8. 10.],"[1.000e+00 1.000e+00 0.000e+00 0.000e+00 1.000e+00 0.000e+00 1.000e+00
 0.000e+00 0.000e+00 0.000e+00 1.000e+00 0.000e+00 2.048e+03 0.000e+00]",[ 1.  0.  0.  1.  1.  0.  0.  1.  0.  0.  0. 90. 16. 10.],[ 1.  1.  0.  1.  1.  1.  0.  0.  0.  0.  0.  0. 16.  6.],[  1.   1.   0.   1.   1.   0.   0.   1.   0.   0.   0.  50. 256.   6.],[  1.   1.   1.   0.   1.   1.   0.   0.   0.   0.   1. 100.  32.   2.],"[1.000e+00 0.000e+00 0.000e+00 1.000e+00 1.000e+00 0.000e+00 0.000e+00
 1.000e+00 0.000e+00 0.000e+00 0.000e+00 4.000e+01 2.048e+03 6.000e+00]",[ 1.  1.  1.  1.  1.  0.  0.  0.  1.  0.  1. 90.  8.  8.],[  1.   1.   0.   1.   1.   0.   0.   1.   0.   0.   0.   0. 512.   6.],"[1.000e+00 0.000e+00 1.000e+00 1.000e+00 1.000e+00 0.000e+00 0.000e+00
 0.000e+00 0.000e+00 1.000e+00 0.000e+00 2.000e+01 1.024e+03 6.000e+00]",[ 1.  1.  1.  1.  1.  0.  1.  0.  0.  0.  1. 70.  2. 10.],[  1.   1.   1.   0.   1.   0.   1.   0.   0.   0.   1.  70. 128.   0.],[ 1.  1.  1.  1.  1.  0.  0.  0.  0.  1.  0. 10. 16.  8.],[  1.   1.   1.   1.   1.   0.   0.   0.   1.   0.   1.   0. 256.   8.],[ 1.  1.  0.  1.  1.  1.  0.  0.  0.  0.  0. 10.  4.  2.],[ 1.  0.  1.  0.  1.  0.  1.  0.  0.  0.  1. 80. 64. 10.],[  1.   1.   0.   0.   1.   0.   0.   1.   0.   0.   0.  50. 128.   6.],"[1.000e+00 1.000e+00 0.000e+00 0.000e+00 1.000e+00 1.000e+00 0.000e+00
 0.000e+00 0.000e+00 0.000e+00 0.000e+00 4.000e+01 4.096e+03 6.000e+00]",[ 1.  1.  0.  1.  1.  0.  1.  0.  0.  0.  1. 50. 32. 10.],[ 1.  0.  0.  1.  1.  0.  0.  1.  0.  0.  1. 60.  8. 10.],[ 1.  1.  0.  0.  1.  0.  1.  0.  0.  0.  1. 10.  2.  2.],[ 1.  1.  0.  1.  1.  0.  0.  1.  0.  0.  0. 10. 64. 10.],"[1.000e+00 0.000e+00 1.000e+00 1.000e+00 1.000e+00 0.000e+00 0.000e+00
 0.000e+00 1.000e+00 0.000e+00 1.000e+00 1.000e+01 1.024e+03 6.000e+00]",[ 1.  1.  1.  1.  1.  0.  0.  1.  0.  0.  0. 50.  8.  6.],[ 1.  1.  0.  0.  1.  0.  0.  0.  1.  0.  0. 70.  2.  6.],[1. 0. 0. 0. 1. 1. 0. 0. 0. 0. 1. 0. 1. 4.],[1. 1. 1. 0. 1. 0. 1. 0. 0. 0. 1. 0. 2. 4.],"[1.000e+00 0.000e+00 0.000e+00 0.000e+00 1.000e+00 0.000e+00 1.000e+00
 0.000e+00 0.000e+00 0.000e+00 0.000e+00 8.000e+01 4.096e+03 0.000e+00]","[1.000e+00 1.000e+00 0.000e+00 0.000e+00 1.000e+00 0.000e+00 0.000e+00
 1.000e+00 0.000e+00 0.000e+00 1.000e+00 7.000e+01 4.096e+03 0.000e+00]","[1.000e+00 1.000e+00 1.000e+00 1.000e+00 1.000e+00 0.000e+00 1.000e+00
 0.000e+00 0.000e+00 0.000e+00 0.000e+00 8.000e+01 4.096e+03 0.000e+00]","[1.000e+00 1.000e+00 1.000e+00 1.000e+00 1.000e+00 0.000e+00 0.000e+00
 1.000e+00 0.000e+00 0.000e+00 1.000e+00 2.000e+01 2.048e+03 1.000e+01]",[ 1.  1.  0.  1.  1.  0.  1.  0.  0.  0.  1. 80.  2.  2.],[ 1.  1.  1.  0.  1.  0.  0.  1.  0.  0.  0. 80.  1.  6.],[ 1.  1.  1.  0.  1.  1.  0.  0.  0.  0.  0. 10. 16.  4.],[  1.   1.   0.   1.   1.   0.   0.   1.   0.   0.   0.  90. 128.   6.],[ 1.  1.  1.  1.  1.  0.  0.  1.  0.  0.  0. 30. 16.  6.],[ 1.  0.  0.  1.  1.  0.  1.  0.  0.  0.  1. 30.  1.  2.],[ 1.  1.  0.  1.  1.  0.  0.  1.  0.  0.  0. 80. 16. 10.],[1. 0. 1. 0. 1. 1. 0. 0. 0. 0. 0. 0. 4. 4.],[  1.   0.   0.   1.   1.   0.   0.   1.   0.   0.   0.  30. 128.   6.],[  1.   1.   1.   0.   1.   0.   1.   0.   0.   0.   1.  30. 256.   0.],[  1.   0.   1.   0.   1.   0.   1.   0.   0.   0.   0.  20. 256.   2.],[ 1.  1.  0.  0.  1.  0.  0.  1.  0.  0.  0. 30. 16.  6.],[  1.   0.   0.   0.   1.   1.   0.   0.   0.   0.   0.   0. 128.   0.],[  1.   0.   1.   0.   1.   0.   1.   0.   0.   0.   0.  70. 512.   4.],[  1.   1.   0.   1.   1.   0.   0.   1.   0.   0.   0.   0. 256.   6.],"[1.000e+00 0.000e+00 0.000e+00 1.000e+00 1.000e+00 0.000e+00 0.000e+00
 1.000e+00 0.000e+00 0.000e+00 0.000e+00 6.000e+01 4.096e+03 6.000e+00]",[ 1.  0.  0.  0.  1.  0.  0.  1.  0.  0.  1. 10. 16. 10.],[ 1.  0.  0.  1.  1.  0.  0.  0.  0.  1.  0. 30.  2.  4.],"[1.000e+00 0.000e+00 0.000e+00 0.000e+00 1.000e+00 0.000e+00 0.000e+00
 1.000e+00 0.000e+00 0.000e+00 0.000e+00 6.000e+01 4.096e+03 6.000e+00]",[ 1.  1.  0.  1.  1.  1.  0.  0.  0.  0.  1. 30.  2.  4.],[  1.   0.   0.   1.   1.   0.   0.   1.   0.   0.   1.  40. 512.   6.],[  1.   0.   1.   0.   1.   0.   0.   0.   0.   1.   0.  80. 256.   2.],"[1.000e+00 0.000e+00 1.000e+00 1.000e+00 1.000e+00 0.000e+00 0.000e+00
 1.000e+00 0.000e+00 0.000e+00 0.000e+00 3.000e+01 4.096e+03 6.000e+00]",[  1.   0.   0.   0.   1.   0.   1.   0.   0.   0.   0. 100. 256.   4.],"[1.000e+00 0.000e+00 0.000e+00 0.000e+00 1.000e+00 0.000e+00 1.000e+00
 0.000e+00 0.000e+00 0.000e+00 1.000e+00 3.000e+01 2.048e+03 4.000e+00]",[  1.   1.   0.   1.   1.   0.   0.   1.   0.   0.   1.  90. 512.   6.],[  1.   0.   1.   1.   1.   0.   0.   1.   0.   0.   0. 100.  32.   6.],[1. 1. 1. 1. 1. 0. 0. 1. 0. 0. 0. 0. 1. 6.],[  1.   0.   1.   0.   1.   0.   1.   0.   0.   0.   1.   0. 512.   2.],"[1.000e+00 0.000e+00 1.000e+00 0.000e+00 1.000e+00 0.000e+00 1.000e+00
 0.000e+00 0.000e+00 0.000e+00 0.000e+00 2.000e+01 2.048e+03 4.000e+00]",[  1.   1.   1.   0.   1.   0.   1.   0.   0.   0.   1.  90. 512.   4.],"[1.000e+00 1.000e+00 1.000e+00 0.000e+00 1.000e+00 0.000e+00 1.000e+00
 0.000e+00 0.000e+00 0.000e+00 1.000e+00 4.000e+01 4.096e+03 0.000e+00]",[  1.   0.   0.   0.   1.   0.   1.   0.   0.   0.   0.  50. 256.   4.],"[1.000e+00 1.000e+00 0.000e+00 0.000e+00 1.000e+00 0.000e+00 1.000e+00
 0.000e+00 0.000e+00 0.000e+00 0.000e+00 5.000e+01 2.048e+03 4.000e+00]",[  1.   1.   1.   0.   1.   0.   1.   0.   0.   0.   0.  80. 256.   4.],"[1.000e+00 1.000e+00 0.000e+00 0.000e+00 1.000e+00 0.000e+00 1.000e+00
 0.000e+00 0.000e+00 0.000e+00 0.000e+00 8.000e+01 4.096e+03 2.000e+00]","[1.000e+00 0.000e+00 0.000e+00 0.000e+00 1.000e+00 0.000e+00 1.000e+00
 0.000e+00 0.000e+00 0.000e+00 1.000e+00 8.000e+01 1.024e+03 4.000e+00]",[ 1.  1.  0.  1.  1.  1.  0.  0.  0.  0.  0. 20.  1.  4.],"[1.000e+00 1.000e+00 1.000e+00 0.000e+00 1.000e+00 0.000e+00 0.000e+00
 0.000e+00 1.000e+00 0.000e+00 0.000e+00 0.000e+00 2.048e+03 4.000e+00]",[  1.   1.   1.   0.   1.   0.   1.   0.   0.   0.   1.  80. 256.   2.],[  1.   1.   1.   0.   1.   0.   1.   0.   0.   0.   1. 100. 512.   4.],[  1.   1.   1.   0.   1.   0.   1.   0.   0.   0.   1.  90. 256.   4.],"[1.000e+00 1.000e+00 1.000e+00 0.000e+00 1.000e+00 1.000e+00 0.000e+00
 0.000e+00 0.000e+00 0.000e+00 1.000e+00 3.000e+01 4.096e+03 4.000e+00]",[ 1.  1.  0.  1.  1.  0.  0.  0.  0.  1.  0. 30.  8.  4.],"[1.000e+00 0.000e+00 0.000e+00 0.000e+00 1.000e+00 0.000e+00 1.000e+00
 0.000e+00 0.000e+00 0.000e+00 0.000e+00 3.000e+01 4.096e+03 0.000e+00]","[1.000e+00 0.000e+00 0.000e+00 0.000e+00 1.000e+00 0.000e+00 0.000e+00
 0.000e+00 1.000e+00 0.000e+00 0.000e+00 9.000e+01 4.096e+03 4.000e+00]","[1.000e+00 1.000e+00 1.000e+00 0.000e+00 1.000e+00 0.000e+00 1.000e+00
 0.000e+00 0.000e+00 0.000e+00 1.000e+00 1.000e+02 2.048e+03 4.000e+00]",[ 1.  1.  1.  0.  1.  0.  0.  1.  0.  0.  1. 70.  4.  6.],[ 1.  0.  0.  1.  1.  1.  0.  0.  0.  0.  0. 10. 64.  4.],[  1.   1.   1.   1.   1.   0.   1.   0.   0.   0.   1.   0. 512.   4.],[ 1.  1.  0.  1.  1.  1.  0.  0.  0.  0.  0.  0. 64.  4.],"[1.000e+00 1.000e+00 0.000e+00 0.000e+00 1.000e+00 0.000e+00 0.000e+00
 1.000e+00 0.000e+00 0.000e+00 1.000e+00 4.000e+01 1.024e+03 6.000e+00]",[ 1.  1.  0.  0.  1.  0.  1.  0.  0.  0.  0. 90. 16.  4.],[  1.   0.   0.   0.   1.   0.   1.   0.   0.   0.   0.  80. 256.  10.],[  1.   1.   0.   0.   1.   0.   1.   0.   0.   0.   1. 100. 256.   0.],[ 1.  0.  1.  1.  1.  0.  1.  0.  0.  0.  1. 40.  4.  0.],[ 1.  0.  1.  1.  1.  0.  1.  0.  0.  0.  0. 80.  2.  4.],[ 1.  0.  0.  1.  1.  0.  0.  0.  0.  1.  1. 30.  1.  0.],[ 1.  1.  1.  1.  1.  0.  0.  0.  0.  1.  1. 30.  2.  4.],[ 1.  0.  1.  0.  1.  0.  0.  1.  0.  0.  0. 30.  1.  6.],[ 1.  1.  1.  0.  1.  1.  0.  0.  0.  0.  1.  0. 64.  0.],[  1.   0.   1.   0.   1.   0.   1.   0.   0.   0.   1.  30. 256.   4.],[  1.   0.   0.   0.   1.   0.   1.   0.   0.   0.   0.  50. 512.   0.],[  1.   1.   0.   0.   1.   0.   1.   0.   0.   0.   0. 100.  64.   0.],[  1.   0.   0.   0.   1.   0.   1.   0.   0.   0.   1.  20. 256.   4.],[ 1.  1.  1.  0.  1.  1.  0.  0.  0.  0.  1.  0. 32.  2.],[ 1.  0.  0.  0.  1.  0.  1.  0.  0.  0.  0. 10. 16.  4.],[  1.   1.   1.   1.   1.   0.   0.   1.   0.   0.   0. 100. 256.   6.],[1. 0. 1. 1. 1. 1. 0. 0. 0. 0. 1. 0. 1. 4.],"[1.000e+00 0.000e+00 1.000e+00 0.000e+00 1.000e+00 0.000e+00 0.000e+00
 1.000e+00 0.000e+00 0.000e+00 1.000e+00 2.000e+01 1.024e+03 6.000e+00]","[1.000e+00 1.000e+00 1.000e+00 1.000e+00 1.000e+00 0.000e+00 0.000e+00
 1.000e+00 0.000e+00 0.000e+00 0.000e+00 7.000e+01 4.096e+03 6.000e+00]",[ 1.  1.  1.  0.  1.  0.  1.  0.  0.  0.  1. 70. 64.  4.],[  1.   0.   1.   1.   1.   1.   0.   0.   0.   0.   0.  50. 256.   4.],[  1.   0.   1.   1.   1.   0.   0.   0.   1.   0.   1.  30. 512.   4.],[  1.   1.   0.   1.   1.   0.   0.   1.   0.   0.   1.  20. 512.   6.],"[1.000e+00 1.000e+00 1.000e+00 1.000e+00 1.000e+00 1.000e+00 0.000e+00
 0.000e+00 0.000e+00 0.000e+00 0.000e+00 2.000e+01 1.024e+03 4.000e+00]",[  1.   0.   0.   0.   1.   0.   1.   0.   0.   0.   0.  30. 128.   4.],[ 1.  0.  1.  1.  1.  1.  0.  0.  0.  0.  0. 70.  4.  4.],"[1.000e+00 0.000e+00 1.000e+00 0.000e+00 1.000e+00 1.000e+00 0.000e+00
 0.000e+00 0.000e+00 0.000e+00 0.000e+00 9.000e+01 4.096e+03 1.000e+01]",[ 1.  0.  1.  1.  1.  1.  0.  0.  0.  0.  0. 70.  2.  4.],[ 1.  0.  1.  1.  1.  0.  0.  0.  0.  1.  1. 10. 64.  0.],"[1.000e+00 0.000e+00 0.000e+00 1.000e+00 1.000e+00 0.000e+00 0.000e+00
 0.000e+00 0.000e+00 1.000e+00 1.000e+00 5.000e+01 4.096e+03 4.000e+00]","[1.000e+00 1.000e+00 1.000e+00 0.000e+00 1.000e+00 0.000e+00 0.000e+00
 1.000e+00 0.000e+00 0.000e+00 1.000e+00 2.000e+01 4.096e+03 0.000e+00]",[1. 0. 1. 1. 1. 0. 0. 0. 0. 1. 1. 0. 8. 0.],[ 1.  0.  0.  1.  1.  0.  0.  0.  1.  0.  1. 60.  4.  4.],[ 1.  0.  0.  0.  1.  0.  1.  0.  0.  0.  0. 40. 64.  0.],[  1.   0.   0.   0.   1.   0.   1.   0.   0.   0.   0.  60. 128.   4.],[  1.   0.   1.   1.   1.   0.   1.   0.   0.   0.   0.  70. 256.   4.],[  1.   1.   1.   1.   1.   0.   0.   0.   0.   1.   1.   0. 512.   4.],"[1.000e+00 1.000e+00 1.000e+00 1.000e+00 1.000e+00 0.000e+00 0.000e+00
 0.000e+00 0.000e+00 1.000e+00 0.000e+00 1.000e+01 2.048e+03 2.000e+00]","[1.000e+00 0.000e+00 0.000e+00 1.000e+00 1.000e+00 0.000e+00 0.000e+00
 0.000e+00 0.000e+00 1.000e+00 1.000e+00 2.000e+01 2.048e+03 2.000e+00]",[  1.   1.   1.   0.   1.   0.   1.   0.   0.   0.   1. 100.  16.   4.],"[1.000e+00 1.000e+00 1.000e+00 1.000e+00 1.000e+00 1.000e+00 0.000e+00
 0.000e+00 0.000e+00 0.000e+00 1.000e+00 4.000e+01 4.096e+03 4.000e+00]",[ 1.  0.  1.  1.  1.  0.  1.  0.  0.  0.  0.  0. 32.  2.],[  1.   0.   1.   1.   1.   0.   0.   1.   0.   0.   0.  20. 512.   2.],[  1.   0.   0.   1.   1.   1.   0.   0.   0.   0.   1.  60. 256.   4.],"[1.000e+00 0.000e+00 0.000e+00 1.000e+00 1.000e+00 0.000e+00 1.000e+00
 0.000e+00 0.000e+00 0.000e+00 0.000e+00 5.000e+01 1.024e+03 4.000e+00]","[1.000e+00 0.000e+00 1.000e+00 1.000e+00 1.000e+00 0.000e+00 1.000e+00
 0.000e+00 0.000e+00 0.000e+00 1.000e+00 6.000e+01 4.096e+03 4.000e+00]","[1.000e+00 1.000e+00 1.000e+00 1.000e+00 1.000e+00 0.000e+00 0.000e+00
 0.000e+00 0.000e+00 1.000e+00 1.000e+00 6.000e+01 2.048e+03 0.000e+00]",[ 1.  1.  0.  0.  1.  0.  0.  0.  1.  0.  0. 30.  4.  0.],[  1.   0.   1.   1.   1.   0.   0.   0.   1.   0.   0.  60. 256.  10.],"[1.000e+00 1.000e+00 1.000e+00 1.000e+00 1.000e+00 0.000e+00 1.000e+00
 0.000e+00 0.000e+00 0.000e+00 0.000e+00 3.000e+01 4.096e+03 4.000e+00]","[1.000e+00 0.000e+00 1.000e+00 1.000e+00 1.000e+00 1.000e+00 0.000e+00
 0.000e+00 0.000e+00 0.000e+00 0.000e+00 7.000e+01 2.048e+03 4.000e+00]","[1.000e+00 1.000e+00 0.000e+00 1.000e+00 1.000e+00 0.000e+00 1.000e+00
 0.000e+00 0.000e+00 0.000e+00 1.000e+00 3.000e+01 2.048e+03 4.000e+00]",[ 1.  1.  0.  0.  1.  0.  0.  1.  0.  0.  0. 50.  4.  4.],[ 1.  0.  1.  1.  1.  1.  0.  0.  0.  0.  0. 40. 64.  4.],"[1.000e+00 1.000e+00 0.000e+00 1.000e+00 1.000e+00 1.000e+00 0.000e+00
 0.000e+00 0.000e+00 0.000e+00 0.000e+00 2.000e+01 2.048e+03 4.000e+00]",[ 1.  0.  0.  1.  1.  0.  0.  0.  0.  1.  1. 80.  4.  4.],[  1.   0.   1.   1.   1.   1.   0.   0.   0.   0.   1.  70. 128.   4.],[  1.   0.   1.   1.   1.   1.   0.   0.   0.   0.   0.  30. 512.   4.],"[1.000e+00 1.000e+00 0.000e+00 1.000e+00 1.000e+00 0.000e+00 0.000e+00
 0.000e+00 0.000e+00 1.000e+00 0.000e+00 5.000e+01 1.024e+03 4.000e+00]",[  1.   0.   0.   1.   1.   1.   0.   0.   0.   0.   1.  60. 256.   4.],[ 1.  1.  0.  1.  1.  1.  0.  0.  0.  0.  1. 50.  4.  4.],"[1.000e+00 1.000e+00 0.000e+00 1.000e+00 1.000e+00 1.000e+00 0.000e+00
 0.000e+00 0.000e+00 0.000e+00 1.000e+00 5.000e+01 2.048e+03 2.000e+00]","[1.000e+00 0.000e+00 1.000e+00 1.000e+00 1.000e+00 0.000e+00 0.000e+00
 0.000e+00 0.000e+00 1.000e+00 0.000e+00 7.000e+01 4.096e+03 4.000e+00]",[ 1.  0.  0.  0.  1.  0.  1.  0.  0.  0.  1. 80.  4.  4.],[  1.   0.   1.   1.   1.   0.   1.   0.   0.   0.   1.  70. 512.   4.],"[1.000e+00 1.000e+00 0.000e+00 1.000e+00 1.000e+00 0.000e+00 0.000e+00
 0.000e+00 0.000e+00 1.000e+00 0.000e+00 7.000e+01 2.048e+03 4.000e+00]","[1.000e+00 1.000e+00 1.000e+00 1.000e+00 1.000e+00 1.000e+00 0.000e+00
 0.000e+00 0.000e+00 0.000e+00 1.000e+00 5.000e+01 1.024e+03 4.000e+00]",[ 1.  1.  1.  0.  1.  0.  1.  0.  0.  0.  1. 60. 16.  4.],[ 1.  0.  1.  0.  1.  0.  1.  0.  0.  0.  1. 60. 16.  4.],[ 1.  1.  0.  0.  1.  0.  1.  0.  0.  0.  0. 60. 32.  4.],[ 1.  1.  1.  1.  1.  0.  1.  0.  0.  0.  1. 30. 16.  4.],"[1.000e+00 1.000e+00 1.000e+00 1.000e+00 1.000e+00 0.000e+00 0.000e+00
 1.000e+00 0.000e+00 0.000e+00 0.000e+00 8.000e+01 4.096e+03 6.000e+00]",[ 1.  0.  0.  1.  1.  0.  1.  0.  0.  0.  0. 60.  2.  4.],[ 1.  1.  0.  1.  1.  1.  0.  0.  0.  0.  1. 20.  4.  4.],[ 1.  0.  0.  1.  1.  0.  1.  0.  0.  0.  1. 80.  8.  4.],[  1.   1.   1.   0.   1.   0.   1.   0.   0.   0.   1.  10. 256.   4.],[  1.   0.   1.   1.   1.   1.   0.   0.   0.   0.   1.  70. 512.   4.],[ 1.  1.  0.  1.  1.  0.  1.  0.  0.  0.  1. 90.  4.  4.],[ 1.  0.  0.  1.  1.  0.  0.  0.  0.  1.  0. 90.  4.  4.],[ 1.  0.  0.  1.  1.  1.  0.  0.  0.  0.  1. 60.  4.  4.],[ 1.  0.  1.  1.  1.  1.  0.  0.  0.  0.  1. 30. 16.  4.],[ 1.  0.  1.  1.  1.  0.  0.  0.  0.  1.  1.  0. 16.  4.],"[1.000e+00 0.000e+00 0.000e+00 1.000e+00 1.000e+00 0.000e+00 0.000e+00
 0.000e+00 0.000e+00 1.000e+00 0.000e+00 2.000e+01 1.024e+03 4.000e+00]",[ 1.  1.  1.  1.  1.  0.  0.  0.  0.  1.  1. 70.  2.  4.],"[1.000e+00 1.000e+00 1.000e+00 1.000e+00 1.000e+00 0.000e+00 0.000e+00
 0.000e+00 0.000e+00 1.000e+00 0.000e+00 5.000e+01 2.048e+03 2.000e+00]",[ 1.  0.  1.  1.  1.  0.  0.  0.  0.  1.  1. 60.  4.  2.],[ 1.  1.  1.  1.  1.  0.  0.  0.  0.  1.  0. 60.  4.  4.],"[1.000e+00 0.000e+00 0.000e+00 1.000e+00 1.000e+00 0.000e+00 0.000e+00
 0.000e+00 0.000e+00 1.000e+00 0.000e+00 9.000e+01 4.096e+03 4.000e+00]",[  1.   1.   1.   1.   1.   0.   1.   0.   0.   0.   0.  80. 128.  10.]
415815.8,119478.2,101856.4,11933.8,10749.6,102194.6,49713.8,9133.6,297957.2,11967.6,107393.4,43537.8,11866.6,12192.2,17643.4,12269.0,11189.0,85365.4,5003.8,11175.4,44336.4,9172.6,17746.8,300246.6,100489.8,91752.2,11936.8,103749.2,48090.4,47355.4,11440.0,47660.4,123588.4,10722.2,17764.0,10605.2,124606.8,20713.0,47566.6,117780.4,4768.4,121477.6,116092.2,17731.8,101468.6,10757.6,89880.2,103624.2,47589.6,7747.8,50541.4,48618.6,12071.2,26261.6,18479.0,18039.0,4736.0,12199.2,17719.2,49525.4,17627.4,18241.2,12378.4,10664.0,10891.6,17636.6,47808.4,18458.8,10662.6,4834.8,5019.6,10971.4,17982.6,4353.4,20813.0,10622.0,49529.2,9212.0,10520.8,13292.2,10616.6,9139.0,10649.8,4402.8,4586.4,10713.0,10947.8,20701.0,11387.8,4950.0,4318.0,4863.8,4541.0,4558.4,4295.8,4709.2,4310.2,15233.2,22085.0,4716.8,4361.2,4307.4,11891.6,9168.2,4855.4,12794.8,4354.8,13555.6,12396.2,18456.6,18486.2,10702.0,5034.8,101323.0,4666.8,17621.2,13348.8,9205.4,9125.4,18121.4,17952.2,4553.6,4877.0,4642.0,4984.6,17940.4,5534.2,10690.8,18465.2,10905.4,10813.0,4386.8,11835.6,43377.6,11020.8,12011.6,4576.6,12414.8,100567.2,13255.8,9209.4,9202.2,12182.8,9202.8,43376.0,4883.2,4430.8,11908.6,9230.4,9248.4,9223.4,5041.0,11931.2,17776.2,12156.4,11837.8,11921.0,11851.0,9157.0,9414.8,416114.8,11936.2,11798.0,11971.2,12819.2,11888.8,12071.4,9171.6,11794.2,11891.0,9281.8,11837.8,12428.2,17699.2,9109.2,11958.4,11895.2,9202.2,11804.6,4795.8,4782.6,4612.6,11984.8,10717.6,13330.4,12508.6,12229.0,5755.2,11819.0,12462.4,9178.0,12431.6,11962.4,9241.0,9288.6,9173.8,9182.6,9152.8,9384.4,9165.8,102849.6
200
