1,2,3,4,5,6,7,8,9,10,11,12,13,14,15,16,17,18,19,20,21,22,23,24,25,26,27,28,29,30,31,32,33,34,35,36,37,38,39,40,41,42,43,44,45,46,47,48,49,50,51,52,53,54,55,56,57,58,59,60,61,62,63,64,65,66,67,68,69,70,71,72,73,74,75,76,77,78,79,80,81,82,83,84,85,86,87,88,89,90,91,92,93,94,95,96,97,98,99,100,101,102,103,104,105,106,107,108,109,110,111,112,113,114,115,116,117,118,119,120,121,122,123,124,125,126,127,128,129,130,131,132,133,134,135,136,137,138,139,140,141,142,143,144,145,146,147,148,149,150,151,152,153,154,155,156,157,158,159,160,161,162,163,164,165,166,167,168,169,170,171,172,173,174,175,176,177,178,179,180,181,182,183,184,185,186,187,188,189,190,191,192,193,194,195,196,197,198,199,200
[  1.   1.   0.   0.   1.   0. 128.   2. 256.],[  1.   1.   1.   1.   1.   0. 256.   2. 256.],"[1.000e+00 1.000e+00 1.000e+00 0.000e+00 1.000e+00 1.000e+00 1.280e+02
 8.000e+00 4.096e+03]","[1.000e+00 0.000e+00 0.000e+00 0.000e+00 0.000e+00 0.000e+00 6.400e+01
 2.000e+00 1.024e+03]","[1.000e+00 1.000e+00 1.000e+00 1.000e+00 1.000e+00 0.000e+00 2.560e+02
 3.200e+01 1.024e+03]","[1.000e+00 1.000e+00 1.000e+00 1.000e+00 1.000e+00 0.000e+00 6.400e+01
 3.200e+01 4.096e+03]",[  1.   1.   1.   1.   1.   0. 128.   8. 256.],[  1.   0.   0.   1.   1.   1. 128.   8. 256.],"[1.000e+00 0.000e+00 0.000e+00 1.000e+00 0.000e+00 0.000e+00 1.280e+02
 2.000e+00 4.096e+03]","[1.000e+00 0.000e+00 1.000e+00 0.000e+00 0.000e+00 1.000e+00 2.560e+02
 8.000e+00 4.096e+03]","[1.000e+00 0.000e+00 0.000e+00 1.000e+00 1.000e+00 0.000e+00 2.560e+02
 3.200e+01 1.024e+03]","[1.000e+00 0.000e+00 1.000e+00 1.000e+00 1.000e+00 0.000e+00 2.560e+02
 2.000e+00 1.024e+03]","[1.000e+00 0.000e+00 1.000e+00 1.000e+00 1.000e+00 1.000e+00 2.560e+02
 2.000e+00 1.024e+03]","[1.000e+00 0.000e+00 1.000e+00 1.000e+00 1.000e+00 0.000e+00 1.280e+02
 2.000e+00 1.024e+03]","[1.000e+00 0.000e+00 0.000e+00 1.000e+00 1.000e+00 1.000e+00 2.560e+02
 2.000e+00 1.024e+03]","[1.000e+00 0.000e+00 1.000e+00 1.000e+00 0.000e+00 1.000e+00 2.560e+02
 2.000e+00 1.024e+03]","[1.000e+00 0.000e+00 1.000e+00 1.000e+00 0.000e+00 1.000e+00 1.280e+02
 2.000e+00 4.096e+03]","[1.000e+00 1.000e+00 1.000e+00 0.000e+00 1.000e+00 0.000e+00 2.560e+02
 2.000e+00 1.024e+03]",[  1.   0.   1.   1.   1.   1. 256.   2. 256.],"[1.000e+00 0.000e+00 0.000e+00 0.000e+00 1.000e+00 1.000e+00 1.280e+02
 2.000e+00 4.096e+03]","[1.000e+00 0.000e+00 1.000e+00 1.000e+00 0.000e+00 1.000e+00 2.560e+02
 2.000e+00 4.096e+03]","[1.000e+00 0.000e+00 0.000e+00 1.000e+00 0.000e+00 1.000e+00 2.560e+02
 2.000e+00 4.096e+03]","[1.000e+00 0.000e+00 1.000e+00 0.000e+00 1.000e+00 1.000e+00 2.560e+02
 2.000e+00 1.024e+03]","[1.000e+00 0.000e+00 1.000e+00 1.000e+00 0.000e+00 1.000e+00 2.560e+02
 3.200e+01 1.024e+03]",[  1.   1.   1.   1.   0.   1. 128.  32. 256.],"[1.000e+00 0.000e+00 1.000e+00 1.000e+00 1.000e+00 1.000e+00 6.400e+01
 2.000e+00 4.096e+03]","[1.000e+00 0.000e+00 1.000e+00 1.000e+00 0.000e+00 0.000e+00 1.280e+02
 2.000e+00 4.096e+03]","[1.000e+00 0.000e+00 0.000e+00 1.000e+00 0.000e+00 0.000e+00 6.400e+01
 3.200e+01 4.096e+03]",[  1.   1.   1.   0.   1.   0. 128.   8. 256.],"[1.000e+00 0.000e+00 1.000e+00 0.000e+00 0.000e+00 0.000e+00 1.280e+02
 3.200e+01 4.096e+03]","[1.000e+00 0.000e+00 1.000e+00 1.000e+00 1.000e+00 1.000e+00 2.560e+02
 2.000e+00 4.096e+03]","[1.000e+00 0.000e+00 0.000e+00 0.000e+00 0.000e+00 1.000e+00 1.280e+02
 3.200e+01 4.096e+03]","[1.000e+00 0.000e+00 0.000e+00 1.000e+00 0.000e+00 1.000e+00 6.400e+01
 3.200e+01 4.096e+03]",[  1.   0.   0.   0.   1.   1.  64.  32. 256.],"[1.000e+00 0.000e+00 0.000e+00 0.000e+00 0.000e+00 0.000e+00 6.400e+01
 3.200e+01 4.096e+03]","[1.000e+00 0.000e+00 1.000e+00 1.000e+00 0.000e+00 0.000e+00 6.400e+01
 3.200e+01 4.096e+03]","[1.000e+00 0.000e+00 0.000e+00 1.000e+00 0.000e+00 1.000e+00 1.280e+02
 2.000e+00 4.096e+03]",[  1.   0.   0.   1.   0.   1.  64.   8. 256.],"[1.000e+00 0.000e+00 0.000e+00 0.000e+00 0.000e+00 0.000e+00 2.560e+02
 3.200e+01 4.096e+03]","[1.000e+00 1.000e+00 0.000e+00 1.000e+00 1.000e+00 0.000e+00 2.560e+02
 8.000e+00 1.024e+03]","[1.000e+00 0.000e+00 1.000e+00 1.000e+00 0.000e+00 1.000e+00 2.560e+02
 8.000e+00 1.024e+03]","[1.000e+00 0.000e+00 0.000e+00 1.000e+00 0.000e+00 1.000e+00 1.280e+02
 3.200e+01 1.024e+03]","[1.000e+00 0.000e+00 0.000e+00 1.000e+00 0.000e+00 1.000e+00 1.280e+02
 8.000e+00 4.096e+03]","[1.000e+00 0.000e+00 0.000e+00 1.000e+00 0.000e+00 0.000e+00 1.280e+02
 3.200e+01 4.096e+03]","[1.000e+00 0.000e+00 0.000e+00 0.000e+00 0.000e+00 1.000e+00 6.400e+01
 8.000e+00 4.096e+03]","[1.000e+00 1.000e+00 0.000e+00 1.000e+00 0.000e+00 1.000e+00 2.560e+02
 3.200e+01 1.024e+03]","[1.000e+00 0.000e+00 0.000e+00 1.000e+00 0.000e+00 0.000e+00 1.280e+02
 2.000e+00 1.024e+03]","[1.000e+00 0.000e+00 0.000e+00 1.000e+00 0.000e+00 1.000e+00 6.400e+01
 8.000e+00 4.096e+03]","[1.000e+00 0.000e+00 0.000e+00 1.000e+00 1.000e+00 0.000e+00 1.280e+02
 8.000e+00 4.096e+03]","[1.000e+00 0.000e+00 1.000e+00 1.000e+00 1.000e+00 1.000e+00 1.280e+02
 3.200e+01 1.024e+03]","[1.000e+00 0.000e+00 0.000e+00 1.000e+00 0.000e+00 0.000e+00 2.560e+02
 2.000e+00 1.024e+03]",[  1.   0.   0.   1.   0.   0. 128.   2. 256.],"[1.000e+00 0.000e+00 0.000e+00 1.000e+00 0.000e+00 0.000e+00 2.560e+02
 8.000e+00 1.024e+03]","[1.000e+00 0.000e+00 0.000e+00 0.000e+00 0.000e+00 1.000e+00 2.560e+02
 2.000e+00 1.024e+03]","[1.000e+00 0.000e+00 0.000e+00 1.000e+00 0.000e+00 0.000e+00 1.280e+02
 8.000e+00 4.096e+03]","[1.000e+00 0.000e+00 0.000e+00 1.000e+00 0.000e+00 1.000e+00 2.560e+02
 2.000e+00 1.024e+03]","[1.000e+00 0.000e+00 1.000e+00 1.000e+00 0.000e+00 0.000e+00 2.560e+02
 2.000e+00 4.096e+03]","[1.000e+00 0.000e+00 0.000e+00 0.000e+00 0.000e+00 0.000e+00 1.280e+02
 2.000e+00 4.096e+03]","[1.000e+00 0.000e+00 0.000e+00 1.000e+00 1.000e+00 1.000e+00 1.280e+02
 2.000e+00 4.096e+03]","[1.000e+00 0.000e+00 0.000e+00 1.000e+00 1.000e+00 0.000e+00 1.280e+02
 2.000e+00 4.096e+03]","[1.000e+00 0.000e+00 0.000e+00 1.000e+00 1.000e+00 1.000e+00 2.560e+02
 3.200e+01 4.096e+03]",[  1.   0.   0.   1.   1.   1. 128.   2. 256.],"[1.000e+00 0.000e+00 1.000e+00 1.000e+00 1.000e+00 1.000e+00 1.280e+02
 2.000e+00 4.096e+03]","[1.000e+00 0.000e+00 0.000e+00 1.000e+00 1.000e+00 1.000e+00 1.280e+02
 2.000e+00 1.024e+03]","[1.000e+00 0.000e+00 1.000e+00 1.000e+00 0.000e+00 1.000e+00 6.400e+01
 8.000e+00 4.096e+03]","[1.000e+00 0.000e+00 0.000e+00 0.000e+00 0.000e+00 1.000e+00 6.400e+01
 3.200e+01 4.096e+03]","[1.000e+00 0.000e+00 1.000e+00 0.000e+00 0.000e+00 1.000e+00 1.280e+02
 8.000e+00 4.096e+03]",[  1.   0.   0.   0.   0.   1.  64.   8. 256.],"[1.000e+00 0.000e+00 0.000e+00 0.000e+00 0.000e+00 1.000e+00 2.560e+02
 8.000e+00 4.096e+03]",[  1.   0.   0.   1.   1.   0.  64.   2. 256.],"[1.000e+00 0.000e+00 0.000e+00 1.000e+00 1.000e+00 1.000e+00 1.280e+02
 8.000e+00 4.096e+03]",[  1.   0.   1.   1.   0.   0.  64.   2. 256.],"[1.000e+00 0.000e+00 1.000e+00 1.000e+00 1.000e+00 1.000e+00 2.560e+02
 8.000e+00 1.024e+03]","[1.000e+00 0.000e+00 1.000e+00 1.000e+00 1.000e+00 1.000e+00 2.560e+02
 3.200e+01 1.024e+03]","[1.000e+00 0.000e+00 0.000e+00 1.000e+00 1.000e+00 1.000e+00 2.560e+02
 2.000e+00 4.096e+03]","[1.000e+00 0.000e+00 0.000e+00 1.000e+00 0.000e+00 0.000e+00 6.400e+01
 2.000e+00 1.024e+03]","[1.000e+00 0.000e+00 0.000e+00 1.000e+00 0.000e+00 1.000e+00 2.560e+02
 3.200e+01 4.096e+03]","[1.000e+00 0.000e+00 0.000e+00 1.000e+00 0.000e+00 1.000e+00 6.400e+01
 2.000e+00 4.096e+03]","[1.000e+00 0.000e+00 0.000e+00 1.000e+00 0.000e+00 1.000e+00 1.280e+02
 3.200e+01 4.096e+03]","[1.000e+00 0.000e+00 0.000e+00 1.000e+00 0.000e+00 0.000e+00 6.400e+01
 8.000e+00 1.024e+03]","[1.000e+00 0.000e+00 0.000e+00 1.000e+00 0.000e+00 1.000e+00 6.400e+01
 8.000e+00 1.024e+03]","[1.000e+00 0.000e+00 0.000e+00 1.000e+00 0.000e+00 1.000e+00 6.400e+01
 3.200e+01 1.024e+03]","[1.000e+00 0.000e+00 0.000e+00 1.000e+00 1.000e+00 1.000e+00 6.400e+01
 2.000e+00 4.096e+03]","[1.000e+00 0.000e+00 0.000e+00 1.000e+00 0.000e+00 0.000e+00 6.400e+01
 8.000e+00 4.096e+03]",[  1.   0.   0.   1.   0.   0.  64.   8. 256.],"[1.000e+00 0.000e+00 1.000e+00 1.000e+00 1.000e+00 1.000e+00 1.280e+02
 2.000e+00 1.024e+03]","[1.000e+00 0.000e+00 0.000e+00 1.000e+00 0.000e+00 0.000e+00 6.400e+01
 2.000e+00 4.096e+03]","[1.000e+00 0.000e+00 1.000e+00 1.000e+00 0.000e+00 1.000e+00 6.400e+01
 3.200e+01 4.096e+03]",[  1.   0.   0.   1.   0.   1.  64.   2. 256.],[  1.   0.   0.   1.   0.   1.  64.  32. 256.],"[1.000e+00 0.000e+00 0.000e+00 1.000e+00 1.000e+00 1.000e+00 6.400e+01
 3.200e+01 4.096e+03]",[  1.   0.   1.   1.   0.   1.  64.   8. 256.],[  1.   0.   0.   0.   0.   1. 128.   8. 256.],[  1.   0.   0.   1.   0.   1. 128.   8. 256.],"[1.000e+00 0.000e+00 0.000e+00 1.000e+00 1.000e+00 1.000e+00 6.400e+01
 8.000e+00 4.096e+03]","[1.000e+00 0.000e+00 1.000e+00 0.000e+00 0.000e+00 1.000e+00 2.560e+02
 2.000e+00 4.096e+03]","[1.000e+00 0.000e+00 0.000e+00 0.000e+00 0.000e+00 1.000e+00 2.560e+02
 8.000e+00 1.024e+03]","[1.000e+00 0.000e+00 0.000e+00 0.000e+00 0.000e+00 1.000e+00 2.560e+02
 3.200e+01 1.024e+03]","[1.000e+00 0.000e+00 0.000e+00 0.000e+00 0.000e+00 0.000e+00 2.560e+02
 2.000e+00 1.024e+03]","[1.000e+00 0.000e+00 0.000e+00 0.000e+00 0.000e+00 1.000e+00 1.280e+02
 8.000e+00 1.024e+03]","[1.000e+00 0.000e+00 0.000e+00 0.000e+00 0.000e+00 1.000e+00 6.400e+01
 8.000e+00 1.024e+03]","[1.000e+00 0.000e+00 0.000e+00 0.000e+00 1.000e+00 1.000e+00 2.560e+02
 8.000e+00 1.024e+03]","[1.000e+00 0.000e+00 0.000e+00 0.000e+00 1.000e+00 1.000e+00 1.280e+02
 3.200e+01 4.096e+03]","[1.000e+00 0.000e+00 0.000e+00 0.000e+00 1.000e+00 1.000e+00 2.560e+02
 8.000e+00 4.096e+03]","[1.000e+00 0.000e+00 0.000e+00 0.000e+00 1.000e+00 1.000e+00 2.560e+02
 2.000e+00 4.096e+03]","[1.000e+00 0.000e+00 0.000e+00 0.000e+00 1.000e+00 1.000e+00 2.560e+02
 3.200e+01 1.024e+03]","[1.000e+00 0.000e+00 0.000e+00 0.000e+00 1.000e+00 1.000e+00 2.560e+02
 2.000e+00 1.024e+03]","[1.000e+00 0.000e+00 0.000e+00 0.000e+00 1.000e+00 1.000e+00 1.280e+02
 8.000e+00 1.024e+03]","[1.000e+00 0.000e+00 0.000e+00 0.000e+00 1.000e+00 1.000e+00 1.280e+02
 8.000e+00 4.096e+03]","[1.000e+00 0.000e+00 0.000e+00 0.000e+00 1.000e+00 0.000e+00 2.560e+02
 8.000e+00 1.024e+03]","[1.000e+00 0.000e+00 1.000e+00 0.000e+00 1.000e+00 1.000e+00 2.560e+02
 8.000e+00 4.096e+03]",[  1.   0.   0.   1.   1.   1. 256.   8. 256.],[  1.   0.   0.   0.   0.   1. 256.  32. 256.],[  1.   0.   0.   0.   1.   1. 256.  32. 256.],"[1.000e+00 0.000e+00 0.000e+00 1.000e+00 1.000e+00 1.000e+00 2.560e+02
 8.000e+00 1.024e+03]",[  1.   0.   1.   1.   1.   1. 256.   8. 256.],"[1.000e+00 0.000e+00 1.000e+00 0.000e+00 1.000e+00 1.000e+00 2.560e+02
 8.000e+00 1.024e+03]","[1.000e+00 0.000e+00 0.000e+00 0.000e+00 1.000e+00 0.000e+00 2.560e+02
 2.000e+00 1.024e+03]","[1.000e+00 0.000e+00 0.000e+00 0.000e+00 0.000e+00 0.000e+00 2.560e+02
 8.000e+00 4.096e+03]","[1.000e+00 0.000e+00 1.000e+00 0.000e+00 0.000e+00 1.000e+00 2.560e+02
 8.000e+00 1.024e+03]",[  1.   0.   0.   0.   1.   1. 256.   8. 256.],"[1.000e+00 0.000e+00 0.000e+00 0.000e+00 1.000e+00 1.000e+00 2.560e+02
 3.200e+01 4.096e+03]","[1.000e+00 0.000e+00 0.000e+00 0.000e+00 1.000e+00 1.000e+00 6.400e+01
 8.000e+00 4.096e+03]","[1.000e+00 0.000e+00 0.000e+00 0.000e+00 1.000e+00 0.000e+00 6.400e+01
 8.000e+00 1.024e+03]",[  1.   0.   0.   1.   1.   0. 256.   2. 256.],"[1.000e+00 0.000e+00 1.000e+00 0.000e+00 0.000e+00 0.000e+00 2.560e+02
 8.000e+00 4.096e+03]","[1.000e+00 0.000e+00 0.000e+00 0.000e+00 1.000e+00 0.000e+00 2.560e+02
 3.200e+01 4.096e+03]","[1.000e+00 0.000e+00 0.000e+00 1.000e+00 1.000e+00 1.000e+00 2.560e+02
 8.000e+00 4.096e+03]",[  1.   0.   0.   0.   0.   1. 256.   8. 256.],"[1.000e+00 0.000e+00 0.000e+00 0.000e+00 1.000e+00 0.000e+00 1.280e+02
 3.200e+01 1.024e+03]","[1.000e+00 0.000e+00 0.000e+00 0.000e+00 1.000e+00 0.000e+00 2.560e+02
 2.000e+00 4.096e+03]",[  1.   0.   0.   0.   1.   0. 256.   8. 256.],"[1.000e+00 0.000e+00 0.000e+00 1.000e+00 1.000e+00 0.000e+00 6.400e+01
 3.200e+01 4.096e+03]",[  1.   0.   0.   1.   0.   0. 256.  32. 256.],[  1.   0.   0.   1.   0.   0. 256.   8. 256.],"[1.000e+00 0.000e+00 0.000e+00 1.000e+00 0.000e+00 0.000e+00 2.560e+02
 3.200e+01 1.024e+03]",[  1.   0.   0.   1.   0.   0. 256.   2. 256.],[  1.   0.   0.   1.   0.   1. 256.   2. 256.],"[1.000e+00 0.000e+00 0.000e+00 0.000e+00 1.000e+00 0.000e+00 2.560e+02
 8.000e+00 4.096e+03]","[1.000e+00 0.000e+00 0.000e+00 0.000e+00 1.000e+00 0.000e+00 1.280e+02
 8.000e+00 1.024e+03]",[  1.   0.   0.   1.   0.   0.  64.  32. 256.],[  1.   0.   0.   0.   0.   0. 256.   2. 256.],[  1.   0.   0.   1.   1.   1. 256.  32. 256.],[  1.   0.   1.   1.   0.   0. 256.   2. 256.],"[1.000e+00 0.000e+00 1.000e+00 0.000e+00 1.000e+00 0.000e+00 2.560e+02
 3.200e+01 4.096e+03]","[1.000e+00 0.000e+00 0.000e+00 0.000e+00 1.000e+00 0.000e+00 6.400e+01
 3.200e+01 4.096e+03]","[1.000e+00 0.000e+00 1.000e+00 0.000e+00 0.000e+00 1.000e+00 2.560e+02
 3.200e+01 4.096e+03]",[  1.   0.   0.   1.   1.   1. 256.   2. 256.],"[1.000e+00 0.000e+00 0.000e+00 1.000e+00 1.000e+00 0.000e+00 1.280e+02
 3.200e+01 4.096e+03]","[1.000e+00 0.000e+00 1.000e+00 1.000e+00 0.000e+00 0.000e+00 6.400e+01
 2.000e+00 1.024e+03]",[  1.   0.   0.   1.   0.   1. 256.   8. 256.],[  1.   0.   1.   1.   0.   0. 128.   2. 256.],[  1.   0.   1.   0.   0.   0.  64.   2. 256.],[  1.   0.   0.   0.   0.   1.  64.   2. 256.],"[1.000e+00 0.000e+00 1.000e+00 0.000e+00 0.000e+00 1.000e+00 6.400e+01
 2.000e+00 4.096e+03]","[1.000e+00 0.000e+00 0.000e+00 1.000e+00 0.000e+00 0.000e+00 2.560e+02
 3.200e+01 4.096e+03]","[1.000e+00 0.000e+00 0.000e+00 1.000e+00 0.000e+00 0.000e+00 2.560e+02
 8.000e+00 4.096e+03]","[1.000e+00 0.000e+00 0.000e+00 1.000e+00 1.000e+00 0.000e+00 2.560e+02
 3.200e+01 4.096e+03]","[1.000e+00 0.000e+00 1.000e+00 0.000e+00 0.000e+00 0.000e+00 1.280e+02
 2.000e+00 4.096e+03]","[1.000e+00 0.000e+00 0.000e+00 1.000e+00 0.000e+00 0.000e+00 6.400e+01
 3.200e+01 1.024e+03]",[  1.   0.   1.   0.   0.   1. 256.  32. 256.],"[1.000e+00 0.000e+00 1.000e+00 0.000e+00 0.000e+00 1.000e+00 6.400e+01
 8.000e+00 4.096e+03]","[1.000e+00 0.000e+00 1.000e+00 0.000e+00 0.000e+00 0.000e+00 6.400e+01
 2.000e+00 1.024e+03]","[1.000e+00 0.000e+00 0.000e+00 1.000e+00 0.000e+00 0.000e+00 1.280e+02
 8.000e+00 1.024e+03]",[  1.   0.   1.   0.   0.   0. 128.   2. 256.],[  1.   0.   1.   0.   0.   0.  64.  32. 256.],[  1.   0.   1.   0.   0.   1.  64.   2. 256.],[  1.   0.   0.   1.   0.   0. 128.   8. 256.],"[1.000e+00 0.000e+00 0.000e+00 1.000e+00 0.000e+00 0.000e+00 2.560e+02
 2.000e+00 4.096e+03]","[1.000e+00 0.000e+00 0.000e+00 1.000e+00 0.000e+00 0.000e+00 1.280e+02
 3.200e+01 1.024e+03]","[1.000e+00 0.000e+00 0.000e+00 1.000e+00 1.000e+00 0.000e+00 2.560e+02
 2.000e+00 1.024e+03]",[  1.   0.   0.   0.   0.   0.  64.   8. 256.],"[1.000e+00 0.000e+00 0.000e+00 0.000e+00 0.000e+00 0.000e+00 1.280e+02
 8.000e+00 1.024e+03]","[1.000e+00 0.000e+00 0.000e+00 1.000e+00 0.000e+00 1.000e+00 1.280e+02
 8.000e+00 1.024e+03]","[1.000e+00 0.000e+00 0.000e+00 0.000e+00 0.000e+00 1.000e+00 2.560e+02
 2.000e+00 4.096e+03]","[1.000e+00 0.000e+00 0.000e+00 1.000e+00 0.000e+00 1.000e+00 2.560e+02
 8.000e+00 1.024e+03]",[  1.   0.   0.   1.   0.   0.  64.   2. 256.],"[1.000e+00 0.000e+00 0.000e+00 1.000e+00 0.000e+00 1.000e+00 2.560e+02
 8.000e+00 4.096e+03]","[1.000e+00 0.000e+00 0.000e+00 1.000e+00 1.000e+00 0.000e+00 2.560e+02
 8.000e+00 1.024e+03]",[  1.   0.   0.   0.   1.   0. 256.  32. 256.],[  1.   0.   1.   0.   0.   1.  64.   8. 256.],"[1.000e+00 0.000e+00 1.000e+00 1.000e+00 0.000e+00 0.000e+00 1.280e+02
 8.000e+00 1.024e+03]","[1.000e+00 0.000e+00 0.000e+00 1.000e+00 0.000e+00 1.000e+00 1.280e+02
 2.000e+00 1.024e+03]",[  1.   0.   1.   0.   0.   0.  64.   8. 256.],"[1.000e+00 0.000e+00 0.000e+00 1.000e+00 0.000e+00 1.000e+00 2.560e+02
 3.200e+01 1.024e+03]","[1.000e+00 0.000e+00 0.000e+00 0.000e+00 1.000e+00 0.000e+00 1.280e+02
 3.200e+01 4.096e+03]","[1.000e+00 0.000e+00 1.000e+00 1.000e+00 1.000e+00 0.000e+00 2.560e+02
 8.000e+00 4.096e+03]","[1.000e+00 0.000e+00 1.000e+00 1.000e+00 1.000e+00 0.000e+00 2.560e+02
 3.200e+01 4.096e+03]",[  1.   0.   1.   1.   0.   1.  64.   2. 256.],[  1.   0.   1.   0.   0.   0. 256.   2. 256.],"[1.000e+00 0.000e+00 1.000e+00 1.000e+00 0.000e+00 1.000e+00 2.560e+02
 8.000e+00 4.096e+03]","[1.000e+00 0.000e+00 0.000e+00 1.000e+00 1.000e+00 0.000e+00 6.400e+01
 2.000e+00 4.096e+03]","[1.000e+00 0.000e+00 1.000e+00 0.000e+00 0.000e+00 1.000e+00 6.400e+01
 2.000e+00 1.024e+03]",[  1.   0.   1.   0.   0.   1. 256.   2. 256.],"[1.000e+00 0.000e+00 1.000e+00 0.000e+00 1.000e+00 1.000e+00 2.560e+02
 3.200e+01 4.096e+03]",[  1.   0.   0.   0.   0.   0.  64.   2. 256.],"[1.000e+00 0.000e+00 1.000e+00 0.000e+00 1.000e+00 0.000e+00 2.560e+02
 2.000e+00 4.096e+03]",[  1.   0.   1.   0.   0.   0. 256.   8. 256.],"[1.000e+00 0.000e+00 1.000e+00 0.000e+00 0.000e+00 0.000e+00 2.560e+02
 2.000e+00 1.024e+03]","[1.000e+00 0.000e+00 0.000e+00 0.000e+00 1.000e+00 0.000e+00 6.400e+01
 2.000e+00 4.096e+03]"
139178.6,144535.8,138767.6,51168.0,145413.2,142541.6,141079.0,51249.6,51930.8,51480.0,51596.0,51006.0,51949.6,51122.2,51140.6,50840.8,50971.6,142364.8,51324.4,51034.6,50846.8,51721.8,51207.2,50853.0,141316.6,51086.6,50824.0,51886.0,142628.8,50920.4,51175.4,50786.0,51989.0,51069.6,51096.4,50993.2,51002.2,51741.8,51173.4,141292.6,50921.0,51027.6,51046.6,50920.0,50750.2,143952.8,50766.0,51885.6,51211.4,51186.4,51853.4,50942.8,51615.0,50890.8,51115.0,51451.2,50876.0,51102.8,52097.8,51429.8,51353.0,51169.4,51187.4,51167.2,50860.4,50855.0,50812.6,51330.2,50860.8,51384.6,51242.6,51487.2,50982.8,51171.0,51305.4,51039.2,51530.4,51256.4,51183.8,50945.4,51026.8,51138.4,51221.6,51021.6,51015.6,51171.4,50874.6,50862.4,51003.6,50937.2,51168.8,50985.4,51321.2,51248.6,51190.4,50810.0,51658.0,50818.4,51216.4,50735.4,50809.8,52071.6,51399.6,51939.4,51021.4,51128.0,51035.4,51029.0,51523.4,51824.0,51365.2,51862.6,50925.8,51203.2,51177.6,51028.4,51137.2,51216.6,51161.4,50851.2,51084.4,51031.4,51195.0,51135.8,51377.0,51149.6,51918.0,51249.2,51191.2,51516.6,51152.2,51249.0,51712.2,50916.4,51085.6,51115.8,51991.6,50939.8,51138.6,51283.8,51317.0,51149.8,51160.4,50826.2,51823.2,51233.4,50867.2,51243.0,51196.0,51056.2,50955.6,50863.4,51889.8,51215.0,50692.4,50879.0,51409.4,51097.4,51125.4,51657.4,50944.2,50932.8,50971.6,51890.6,50861.0,50892.4,51414.8,51084.0,50991.2,50908.2,51272.8,51121.0,51120.2,50953.8,50763.8,50909.0,50995.4,50967.4,51273.6,51216.0,50999.8,50855.8,50958.4,50911.0,51144.4,51015.8,51128.8,51141.8,50800.4,51521.0,51118.2,52108.6,50844.8,50890.8,51245.6,51539.2,51151.2,51014.2,50927.4,51887.8
200
