1,2,3,4,5,6,7,8,9,10,11,12,13,14,15,16,17,18,19,20,21,22,23,24,25,26,27,28,29,30,31,32,33,34,35,36,37,38,39,40,41,42,43,44,45,46,47,48,49,50,51,52,53,54,55,56,57,58,59,60,61,62,63,64,65,66,67,68,69,70,71,72,73,74,75,76,77,78,79,80,81,82,83,84,85,86,87,88,89,90,91,92,93,94,95,96,97,98,99,100,101,102,103,104,105,106,107,108,109,110,111,112,113,114,115,116,117,118,119,120,121,122,123,124,125,126,127,128,129,130,131,132,133,134,135,136,137,138,139,140,141,142,143,144,145,146,147,148,149,150,151,152,153,154,155,156,157,158,159,160,161,162,163,164,165,166,167,168,169,170,171,172,173,174,175,176,177,178,179,180,181,182,183,184,185,186,187,188,189,190,191,192,193,194,195,196,197,198,199,200,201,202,203,204,205,206,207,208,209,210,211,212,213,214,215,216,217,218
"[0.000e+00 1.000e+00 0.000e+00 1.000e+00 0.000e+00 0.000e+00 0.000e+00
 0.000e+00 0.000e+00 1.000e+00 1.000e+00 4.096e+03 1.000e+00 0.000e+00]",[ 0.  1.  0.  1.  0.  0.  0.  1.  1.  0.  0. 64.  3.  3.],[ 0.  1.  0.  1.  0.  1.  1.  0.  0.  0.  0. 64.  6.  4.],[ 0.  1.  0.  1.  0.  0.  1.  0.  0.  0.  1. 64.  4.  5.],[ 0.  1.  0.  1.  0.  0.  0.  1.  0.  1.  0. 64.  1.  5.],[ 0.  1.  0.  1.  0.  0.  0.  0.  0.  1.  1. 64.  1.  6.],"[0.000e+00 1.000e+00 0.000e+00 1.000e+00 0.000e+00 1.000e+00 0.000e+00
 0.000e+00 1.000e+00 0.000e+00 0.000e+00 1.024e+03 6.000e+00 4.000e+00]","[0.000e+00 1.000e+00 1.000e+00 1.000e+00 0.000e+00 0.000e+00 0.000e+00
 0.000e+00 0.000e+00 1.000e+00 0.000e+00 4.096e+03 4.000e+00 6.000e+00]","[0.000e+00 1.000e+00 0.000e+00 1.000e+00 1.000e+00 0.000e+00 0.000e+00
 0.000e+00 0.000e+00 1.000e+00 0.000e+00 4.096e+03 0.000e+00 1.000e+00]",[  1.   1.   0.   1.   0.   0.   0.   0.   1.   0.   0. 256.   5.   1.],[ 1.  1.  0.  1.  0.  0.  1.  0.  0.  0.  0. 64.  1.  0.],"[0.000e+00 1.000e+00 0.000e+00 1.000e+00 0.000e+00 1.000e+00 0.000e+00
 0.000e+00 1.000e+00 0.000e+00 0.000e+00 1.024e+03 1.000e+00 0.000e+00]",[ 0.  1.  1.  1.  0.  0.  1.  0.  0.  0.  0. 64.  6.  1.],"[0.000e+00 1.000e+00 1.000e+00 1.000e+00 0.000e+00 0.000e+00 0.000e+00
 0.000e+00 0.000e+00 1.000e+00 0.000e+00 1.024e+03 3.000e+00 0.000e+00]","[0.000e+00 1.000e+00 0.000e+00 1.000e+00 1.000e+00 0.000e+00 1.000e+00
 0.000e+00 0.000e+00 0.000e+00 0.000e+00 1.024e+03 1.000e+00 1.000e+00]",[ 0.  1.  0.  1.  1.  0.  1.  0.  0.  0.  0. 64.  0.  5.],[  1.   1.   0.   1.   0.   0.   1.   0.   0.   0.   0. 256.   1.   0.],[ 1.  1.  0.  1.  0.  0.  0.  0.  1.  0.  0. 64.  0.  1.],"[1.000e+00 1.000e+00 0.000e+00 1.000e+00 0.000e+00 0.000e+00 1.000e+00
 0.000e+00 0.000e+00 0.000e+00 0.000e+00 1.024e+03 6.000e+00 0.000e+00]",[  0.   1.   1.   1.   0.   0.   1.   0.   0.   0.   0. 256.   2.   0.],[ 1.  1.  0.  1.  0.  0.  1.  0.  0.  0.  0. 64.  1.  0.],[  1.   1.   0.   1.   0.   0.   1.   0.   0.   0.   0. 256.   1.   1.],[  1.   1.   0.   1.   0.   0.   1.   0.   0.   0.   0. 256.   1.   0.],[ 1.  1.  0.  1.  0.  0.  1.  0.  0.  0.  0. 64.  1.  0.],[  1.   1.   0.   1.   0.   0.   1.   0.   0.   0.   0. 256.   1.   0.],[ 1.  1.  0.  1.  0.  0.  1.  0.  0.  0.  0. 64.  2.  0.],[ 1.  1.  0.  1.  0.  0.  0.  0.  0.  1.  0. 64.  1.  0.],[  0.   1.   0.   1.   0.   0.   0.   1.   1.   0.   0. 256.   1.   0.],[  1.   1.   0.   1.   0.   0.   1.   0.   0.   0.   0. 256.   2.   2.],"[1.000e+00 1.000e+00 0.000e+00 1.000e+00 0.000e+00 0.000e+00 0.000e+00
 0.000e+00 1.000e+00 0.000e+00 0.000e+00 1.024e+03 0.000e+00 3.000e+00]",[ 1.  1.  0.  1.  0.  0.  0.  0.  1.  0.  0. 64.  3.  2.],[  1.   1.   0.   1.   0.   0.   1.   0.   0.   0.   0. 256.   0.   3.],"[1.000e+00 1.000e+00 0.000e+00 1.000e+00 0.000e+00 0.000e+00 0.000e+00
 0.000e+00 0.000e+00 1.000e+00 0.000e+00 1.024e+03 3.000e+00 0.000e+00]",[  1.   1.   0.   1.   0.   0.   0.   0.   0.   1.   0. 256.   6.   2.],[  1.   1.   0.   1.   0.   0.   0.   0.   1.   0.   0. 256.   3.   3.],[ 0.  1.  1.  1.  0.  0.  1.  0.  0.  0.  0. 64.  3.  1.],"[1.000e+00 1.000e+00 0.000e+00 1.000e+00 0.000e+00 0.000e+00 1.000e+00
 0.000e+00 0.000e+00 0.000e+00 0.000e+00 1.024e+03 1.000e+00 3.000e+00]",[ 1.  1.  0.  1.  0.  0.  1.  0.  0.  0.  0. 64.  3.  3.],[  1.   1.   0.   1.   0.   0.   1.   0.   0.   0.   0. 256.   1.   3.],"[1.000e+00 1.000e+00 0.000e+00 1.000e+00 0.000e+00 0.000e+00 0.000e+00
 0.000e+00 0.000e+00 1.000e+00 0.000e+00 4.096e+03 0.000e+00 3.000e+00]",[ 1.  1.  0.  1.  0.  0.  0.  0.  1.  0.  0. 64.  0.  3.],"[1.000e+00 1.000e+00 0.000e+00 1.000e+00 0.000e+00 0.000e+00 0.000e+00
 0.000e+00 1.000e+00 0.000e+00 0.000e+00 4.096e+03 3.000e+00 3.000e+00]","[1.000e+00 1.000e+00 0.000e+00 1.000e+00 0.000e+00 0.000e+00 0.000e+00
 0.000e+00 0.000e+00 1.000e+00 0.000e+00 1.024e+03 0.000e+00 4.000e+00]",[ 1.  1.  0.  1.  0.  0.  1.  0.  0.  0.  0. 64.  2.  4.],"[0.000e+00 1.000e+00 0.000e+00 1.000e+00 0.000e+00 1.000e+00 0.000e+00
 0.000e+00 0.000e+00 1.000e+00 0.000e+00 1.024e+03 3.000e+00 2.000e+00]",[ 1.  1.  0.  1.  0.  0.  0.  0.  1.  0.  0. 64.  3.  0.],[ 1.  1.  0.  1.  0.  0.  0.  0.  0.  1.  0. 64.  4.  0.],"[1.000e+00 1.000e+00 0.000e+00 1.000e+00 0.000e+00 0.000e+00 1.000e+00
 0.000e+00 0.000e+00 0.000e+00 0.000e+00 4.096e+03 1.000e+00 6.000e+00]",[ 1.  1.  0.  1.  0.  0.  0.  0.  1.  0.  0. 64.  1.  5.],[  1.   1.   0.   1.   0.   0.   0.   0.   0.   1.   0. 256.   0.   5.],"[1.000e+00 1.000e+00 0.000e+00 1.000e+00 0.000e+00 0.000e+00 0.000e+00
 0.000e+00 1.000e+00 0.000e+00 0.000e+00 1.024e+03 0.000e+00 5.000e+00]",[ 0.  1.  1.  1.  0.  0.  1.  0.  0.  0.  0. 64.  1.  1.],[ 1.  1.  0.  1.  0.  0.  1.  0.  0.  0.  0. 64.  1.  5.],[  1.   1.   0.   1.   0.   0.   0.   0.   1.   0.   0. 256.   3.   5.],[ 0.  1.  1.  1.  0.  0.  1.  0.  0.  0.  0. 64.  2.  2.],[ 0.  1.  1.  1.  0.  0.  0.  0.  1.  0.  0. 64.  3.  2.],"[0.000e+00 1.000e+00 1.000e+00 1.000e+00 0.000e+00 0.000e+00 1.000e+00
 0.000e+00 0.000e+00 0.000e+00 0.000e+00 1.024e+03 0.000e+00 3.000e+00]",[ 0.  1.  0.  1.  1.  0.  1.  0.  0.  0.  0. 64.  0.  3.],"[0.000e+00 1.000e+00 1.000e+00 1.000e+00 0.000e+00 0.000e+00 1.000e+00
 0.000e+00 0.000e+00 0.000e+00 0.000e+00 1.024e+03 0.000e+00 4.000e+00]",[ 0.  1.  0.  1.  1.  0.  1.  0.  0.  0.  0. 64.  0.  3.],[ 0.  1.  0.  1.  0.  1.  1.  0.  0.  0.  0. 64.  5.  0.],[  0.   1.   1.   1.   0.   0.   0.   0.   1.   0.   0. 256.   0.   3.],"[0.000e+00 1.000e+00 1.000e+00 1.000e+00 0.000e+00 0.000e+00 0.000e+00
 0.000e+00 1.000e+00 0.000e+00 0.000e+00 4.096e+03 2.000e+00 3.000e+00]",[ 0.  1.  1.  1.  0.  0.  0.  0.  0.  1.  0. 64.  0.  3.],[ 0.  1.  1.  1.  0.  0.  0.  0.  0.  1.  0. 64.  0.  4.],[ 1.  1.  0.  1.  0.  0.  1.  0.  0.  0.  0. 64.  3.  3.],[ 0.  1.  0.  1.  1.  0.  1.  0.  0.  0.  0. 64.  1.  3.],[  0.   1.   1.   1.   0.   0.   0.   0.   1.   0.   0. 256.   0.   5.],[  0.   1.   1.   1.   0.   0.   0.   0.   1.   0.   0. 256.   1.   5.],[ 0.  1.  1.  1.  0.  0.  0.  0.  1.  0.  0. 64.  0.  5.],[  0.   1.   1.   1.   0.   0.   0.   0.   0.   1.   0. 256.   0.   5.],[ 1.  1.  0.  1.  0.  0.  0.  0.  0.  1.  0. 64.  0.  5.],[ 1.  1.  0.  1.  0.  0.  0.  0.  1.  0.  0. 64.  0.  3.],"[0.000e+00 1.000e+00 1.000e+00 1.000e+00 0.000e+00 0.000e+00 0.000e+00
 0.000e+00 0.000e+00 1.000e+00 0.000e+00 1.024e+03 2.000e+00 5.000e+00]",[ 0.  1.  0.  1.  1.  0.  0.  0.  0.  1.  0. 64.  1.  3.],[ 0.  1.  0.  1.  1.  0.  0.  0.  1.  0.  0. 64.  0.  4.],[  1.   1.   0.   1.   0.   0.   0.   0.   1.   0.   0. 256.   3.   3.],[ 0.  1.  0.  1.  0.  0.  1.  1.  0.  0.  0. 64.  0.  4.],[ 0.  1.  1.  1.  0.  0.  1.  0.  0.  0.  0. 64.  3.  3.],[ 0.  1.  1.  1.  0.  0.  0.  0.  1.  0.  0. 64.  2.  5.],[ 0.  1.  1.  1.  0.  0.  1.  0.  0.  0.  0. 64.  4.  3.],[ 0.  1.  0.  1.  0.  0.  0.  0.  1.  0.  1. 64.  2.  1.],[ 0.  1.  0.  1.  1.  0.  0.  0.  0.  1.  0. 64.  4.  1.],"[0.000e+00 1.000e+00 0.000e+00 1.000e+00 1.000e+00 0.000e+00 0.000e+00
 0.000e+00 0.000e+00 1.000e+00 0.000e+00 4.096e+03 0.000e+00 5.000e+00]",[ 0.  1.  1.  1.  0.  0.  0.  0.  1.  0.  0. 64.  3.  3.],[ 1.  1.  0.  1.  0.  0.  0.  0.  0.  1.  0. 64.  1.  5.],[  0.   1.   0.   1.   0.   1.   1.   0.   0.   0.   0. 256.   3.   1.],[ 1.  1.  0.  1.  0.  0.  0.  0.  1.  0.  0. 64.  5.  3.],[  0.   1.   0.   1.   1.   0.   1.   0.   0.   0.   0. 256.   3.   3.],"[0.000e+00 1.000e+00 0.000e+00 1.000e+00 0.000e+00 1.000e+00 0.000e+00
 0.000e+00 0.000e+00 1.000e+00 0.000e+00 4.096e+03 2.000e+00 3.000e+00]","[0.000e+00 1.000e+00 0.000e+00 1.000e+00 0.000e+00 0.000e+00 0.000e+00
 0.000e+00 0.000e+00 1.000e+00 1.000e+00 1.024e+03 1.000e+00 3.000e+00]","[0.000e+00 1.000e+00 0.000e+00 1.000e+00 1.000e+00 0.000e+00 0.000e+00
 0.000e+00 0.000e+00 1.000e+00 0.000e+00 1.024e+03 0.000e+00 5.000e+00]",[ 0.  1.  0.  1.  0.  1.  0.  0.  1.  0.  0. 64.  3.  1.],[ 0.  1.  0.  1.  0.  1.  0.  0.  0.  1.  0. 64.  0.  2.],[ 1.  1.  0.  1.  0.  0.  0.  0.  0.  1.  0. 64.  2.  4.],[ 1.  1.  0.  1.  0.  0.  0.  0.  0.  1.  0. 64.  2.  5.],[ 0.  1.  1.  1.  0.  0.  1.  0.  0.  0.  0. 64.  5.  3.],[ 0.  1.  0.  1.  0.  0.  0.  1.  0.  1.  0. 64.  5.  2.],[  1.   1.   0.   1.   0.   0.   0.   0.   0.   1.   0. 256.   5.   0.],"[1.000e+00 1.000e+00 0.000e+00 1.000e+00 0.000e+00 0.000e+00 1.000e+00
 0.000e+00 0.000e+00 0.000e+00 0.000e+00 1.024e+03 5.000e+00 0.000e+00]",[ 1.  1.  0.  1.  0.  0.  1.  0.  0.  0.  0. 64.  5.  0.],[ 0.  1.  1.  1.  0.  0.  1.  0.  0.  0.  0. 64.  5.  0.],[ 0.  1.  1.  1.  0.  0.  1.  0.  0.  0.  0. 64.  5.  1.],[ 0.  1.  1.  1.  0.  0.  0.  0.  0.  1.  0. 64.  5.  0.],[ 1.  1.  0.  1.  0.  0.  0.  0.  1.  0.  0. 64.  5.  2.],[ 1.  1.  0.  1.  0.  0.  0.  0.  0.  1.  0. 64.  5.  2.],[ 0.  1.  1.  1.  0.  0.  1.  0.  0.  0.  0. 64.  5.  0.],[  0.   1.   1.   1.   0.   0.   0.   0.   1.   0.   0. 256.   5.   2.],[ 0.  1.  1.  1.  0.  0.  1.  0.  0.  0.  0. 64.  6.  2.],[ 0.  1.  1.  1.  0.  0.  0.  0.  0.  1.  0. 64.  5.  1.],[ 0.  1.  0.  1.  1.  0.  1.  0.  0.  0.  0. 64.  6.  0.],"[0.000e+00 1.000e+00 0.000e+00 1.000e+00 1.000e+00 0.000e+00 0.000e+00
 0.000e+00 0.000e+00 1.000e+00 0.000e+00 1.024e+03 5.000e+00 1.000e+00]",[ 0.  1.  0.  1.  1.  0.  0.  0.  0.  1.  0. 64.  5.  0.],"[0.000e+00 1.000e+00 1.000e+00 1.000e+00 0.000e+00 0.000e+00 1.000e+00
 0.000e+00 0.000e+00 0.000e+00 0.000e+00 4.096e+03 6.000e+00 2.000e+00]",[ 0.  1.  0.  1.  1.  0.  0.  0.  1.  0.  0. 64.  1.  2.],[ 0.  1.  0.  1.  0.  1.  0.  0.  0.  1.  0. 64.  0.  2.],[ 0.  1.  0.  1.  1.  0.  0.  0.  0.  1.  0. 64.  3.  2.],[ 0.  1.  1.  1.  0.  0.  0.  0.  0.  1.  0. 64.  5.  2.],[ 0.  1.  0.  1.  0.  0.  0.  1.  1.  0.  0. 64.  1.  1.],[ 0.  1.  0.  1.  1.  0.  0.  0.  0.  1.  0. 64.  6.  2.],[ 0.  1.  0.  1.  0.  0.  0.  0.  1.  0.  1. 64.  5.  0.],[ 0.  1.  1.  1.  0.  0.  0.  0.  0.  1.  0. 64.  1.  4.],[  0.   1.   0.   1.   1.   0.   1.   0.   0.   0.   0. 256.   5.   2.],[ 0.  1.  0.  1.  0.  0.  0.  0.  1.  0.  1. 64.  0.  3.],[ 0.  1.  0.  1.  1.  0.  0.  0.  1.  0.  0. 64.  3.  2.],[  0.   1.   0.   1.   0.   1.   0.   0.   0.   1.   0. 256.   0.   3.],[ 0.  1.  1.  1.  0.  0.  0.  0.  0.  1.  0. 64.  0.  5.],"[0.000e+00 1.000e+00 0.000e+00 1.000e+00 1.000e+00 0.000e+00 1.000e+00
 0.000e+00 0.000e+00 0.000e+00 0.000e+00 1.024e+03 5.000e+00 2.000e+00]",[ 0.  1.  0.  1.  1.  0.  0.  0.  1.  0.  0. 64.  1.  5.],[ 0.  1.  0.  1.  1.  0.  1.  0.  0.  0.  0. 64.  4.  3.],"[0.000e+00 1.000e+00 1.000e+00 1.000e+00 0.000e+00 0.000e+00 0.000e+00
 0.000e+00 0.000e+00 1.000e+00 0.000e+00 1.024e+03 5.000e+00 2.000e+00]","[0.000e+00 1.000e+00 0.000e+00 1.000e+00 0.000e+00 0.000e+00 0.000e+00
 0.000e+00 0.000e+00 1.000e+00 1.000e+00 4.096e+03 3.000e+00 1.000e+00]",[ 0.  1.  0.  1.  0.  1.  0.  0.  1.  0.  0. 64.  3.  2.],[  0.   1.   0.   1.   0.   1.   1.   0.   0.   0.   0. 256.   1.   3.],"[0.000e+00 1.000e+00 0.000e+00 1.000e+00 0.000e+00 0.000e+00 1.000e+00
 0.000e+00 0.000e+00 0.000e+00 1.000e+00 4.096e+03 5.000e+00 3.000e+00]",[ 1.  1.  0.  1.  0.  0.  0.  0.  0.  1.  0. 64.  6.  3.],[ 0.  1.  1.  1.  0.  0.  0.  0.  0.  1.  0. 64.  5.  3.],[  0.   1.   0.   1.   1.   0.   0.   0.   1.   0.   0. 256.   3.   4.],[  0.   1.   0.   1.   0.   1.   0.   0.   1.   0.   0. 256.   4.   6.],[ 0.  1.  0.  1.  0.  1.  0.  0.  1.  0.  0. 64.  5.  0.],[ 1.  1.  0.  1.  0.  0.  0.  0.  0.  1.  0. 64.  5.  2.],"[0.000e+00 1.000e+00 0.000e+00 1.000e+00 0.000e+00 0.000e+00 0.000e+00
 0.000e+00 1.000e+00 0.000e+00 1.000e+00 1.024e+03 3.000e+00 3.000e+00]","[0.000e+00 1.000e+00 1.000e+00 1.000e+00 0.000e+00 0.000e+00 0.000e+00
 0.000e+00 0.000e+00 1.000e+00 0.000e+00 4.096e+03 1.000e+00 5.000e+00]",[ 0.  1.  0.  1.  0.  0.  1.  1.  0.  0.  0. 64.  0.  2.],[  0.   1.   0.   1.   0.   1.   0.   0.   0.   1.   0. 256.   0.   5.],[ 0.  1.  0.  1.  0.  0.  0.  0.  0.  1.  1. 64.  5.  3.],[ 0.  1.  0.  1.  1.  0.  0.  0.  0.  1.  0. 64.  5.  4.],"[0.000e+00 1.000e+00 0.000e+00 1.000e+00 1.000e+00 0.000e+00 0.000e+00
 0.000e+00 1.000e+00 0.000e+00 0.000e+00 4.096e+03 0.000e+00 2.000e+00]",[ 0.  1.  0.  1.  0.  1.  0.  0.  1.  0.  0. 64.  6.  2.],"[0.000e+00 1.000e+00 0.000e+00 1.000e+00 0.000e+00 1.000e+00 0.000e+00
 0.000e+00 1.000e+00 0.000e+00 0.000e+00 1.024e+03 0.000e+00 5.000e+00]",[ 0.  1.  0.  1.  0.  0.  1.  0.  0.  0.  1. 64.  6.  1.],[ 0.  1.  0.  1.  0.  1.  0.  0.  0.  1.  0. 64.  2.  5.],[ 1.  1.  0.  1.  0.  0.  1.  0.  0.  0.  0. 64.  4.  2.],"[0.000e+00 1.000e+00 0.000e+00 1.000e+00 1.000e+00 0.000e+00 0.000e+00
 0.000e+00 0.000e+00 1.000e+00 0.000e+00 4.096e+03 1.000e+00 5.000e+00]",[ 0.  1.  1.  1.  0.  0.  1.  0.  0.  0.  0. 64.  0.  4.],"[0.000e+00 1.000e+00 0.000e+00 1.000e+00 0.000e+00 0.000e+00 0.000e+00
 0.000e+00 0.000e+00 1.000e+00 1.000e+00 1.024e+03 1.000e+00 5.000e+00]",[ 0.  1.  1.  1.  0.  0.  1.  0.  0.  0.  0. 64.  4.  5.],"[1.000e+00 1.000e+00 0.000e+00 1.000e+00 0.000e+00 0.000e+00 1.000e+00
 0.000e+00 0.000e+00 0.000e+00 0.000e+00 1.024e+03 4.000e+00 5.000e+00]",[  0.   1.   0.   1.   1.   0.   1.   0.   0.   0.   0. 256.   5.   3.],[  0.   1.   0.   1.   0.   0.   1.   1.   0.   0.   0. 256.   3.   0.],[ 0.  1.  0.  1.  1.  0.  0.  0.  0.  1.  0. 64.  6.  2.],"[0.000e+00 1.000e+00 0.000e+00 1.000e+00 1.000e+00 0.000e+00 1.000e+00
 0.000e+00 0.000e+00 0.000e+00 0.000e+00 4.096e+03 1.000e+00 0.000e+00]",[ 0.  1.  0.  1.  0.  0.  1.  0.  0.  0.  1. 64.  6.  2.],[  1.   1.   0.   1.   0.   0.   1.   0.   0.   0.   0. 256.   6.   2.],"[0.000e+00 1.000e+00 0.000e+00 1.000e+00 0.000e+00 0.000e+00 0.000e+00
 0.000e+00 1.000e+00 0.000e+00 1.000e+00 1.024e+03 0.000e+00 4.000e+00]","[0.000e+00 1.000e+00 0.000e+00 1.000e+00 0.000e+00 0.000e+00 0.000e+00
 1.000e+00 0.000e+00 1.000e+00 0.000e+00 4.096e+03 0.000e+00 1.000e+00]",[ 0.  1.  0.  1.  1.  0.  1.  0.  0.  0.  0. 64.  2.  4.],"[0.000e+00 1.000e+00 0.000e+00 1.000e+00 0.000e+00 0.000e+00 1.000e+00
 0.000e+00 0.000e+00 0.000e+00 1.000e+00 1.024e+03 5.000e+00 2.000e+00]",[ 1.  1.  0.  1.  0.  0.  0.  0.  1.  0.  0. 64.  3.  1.],[ 1.  1.  0.  1.  0.  0.  1.  0.  0.  0.  0. 64.  0.  1.],[ 0.  1.  1.  1.  0.  0.  0.  0.  1.  0.  0. 64.  3.  5.],[ 0.  1.  0.  1.  1.  0.  0.  0.  0.  1.  0. 64.  3.  5.],[ 0.  1.  0.  1.  0.  0.  0.  1.  0.  1.  0. 64.  4.  1.],[ 0.  1.  1.  1.  0.  0.  0.  0.  0.  1.  0. 64.  5.  2.],[ 0.  1.  1.  1.  0.  0.  0.  0.  0.  1.  0. 64.  4.  1.],[ 0.  1.  1.  1.  0.  0.  1.  0.  0.  0.  0. 64.  1.  5.],[ 1.  1.  0.  1.  0.  0.  0.  0.  0.  1.  0. 64.  3.  3.],[ 0.  1.  0.  1.  0.  1.  0.  0.  0.  1.  0. 64.  5.  2.],"[1.000e+00 1.000e+00 0.000e+00 1.000e+00 0.000e+00 0.000e+00 1.000e+00
 0.000e+00 0.000e+00 0.000e+00 0.000e+00 4.096e+03 1.000e+00 0.000e+00]",[  1.   1.   0.   1.   0.   0.   0.   0.   0.   1.   0. 256.   4.   1.],[ 1.  1.  0.  1.  0.  0.  0.  0.  0.  1.  0. 64.  1.  2.],[  0.   1.   0.   1.   0.   1.   1.   0.   0.   0.   0. 256.   5.   1.],[ 0.  1.  1.  1.  0.  0.  0.  0.  0.  1.  0. 64.  5.  0.],[ 0.  1.  0.  1.  0.  0.  0.  0.  1.  0.  1. 64.  4.  2.],[ 0.  1.  0.  1.  1.  0.  0.  0.  0.  1.  0. 64.  0.  5.],[ 0.  1.  0.  1.  0.  1.  0.  0.  1.  0.  0. 64.  1.  4.],[ 0.  1.  0.  1.  0.  0.  1.  0.  0.  0.  1. 64.  0.  5.],[ 0.  1.  0.  1.  1.  0.  1.  0.  0.  0.  0. 64.  4.  3.],[ 0.  1.  0.  1.  0.  1.  1.  0.  0.  0.  0. 64.  0.  3.],[ 0.  1.  1.  1.  0.  0.  0.  0.  0.  1.  0. 64.  2.  5.],"[1.000e+00 1.000e+00 0.000e+00 1.000e+00 0.000e+00 0.000e+00 0.000e+00
 0.000e+00 1.000e+00 0.000e+00 0.000e+00 1.024e+03 5.000e+00 1.000e+00]","[1.000e+00 1.000e+00 0.000e+00 1.000e+00 0.000e+00 0.000e+00 0.000e+00
 0.000e+00 0.000e+00 1.000e+00 0.000e+00 4.096e+03 0.000e+00 5.000e+00]",[ 0.  1.  0.  1.  0.  1.  1.  0.  0.  0.  0. 64.  5.  0.],"[0.000e+00 1.000e+00 0.000e+00 1.000e+00 0.000e+00 0.000e+00 0.000e+00
 0.000e+00 0.000e+00 1.000e+00 1.000e+00 1.024e+03 3.000e+00 2.000e+00]",[ 1.  1.  0.  1.  0.  0.  1.  0.  0.  0.  0. 64.  5.  0.],[ 0.  1.  0.  1.  0.  1.  0.  0.  1.  0.  0. 64.  0.  4.],"[1.000e+00 1.000e+00 0.000e+00 1.000e+00 0.000e+00 0.000e+00 0.000e+00
 0.000e+00 0.000e+00 1.000e+00 0.000e+00 4.096e+03 5.000e+00 0.000e+00]",[  1.   1.   0.   1.   0.   0.   1.   0.   0.   0.   0. 256.   0.   4.],[  0.   1.   0.   1.   0.   1.   0.   0.   0.   1.   0. 256.   4.   5.],[ 1.  1.  0.  1.  0.  0.  0.  0.  0.  1.  0. 64.  4.  3.],[  0.   1.   1.   1.   0.   0.   0.   0.   0.   1.   0. 256.   6.   6.],"[0.000e+00 1.000e+00 0.000e+00 1.000e+00 0.000e+00 1.000e+00 0.000e+00
 0.000e+00 1.000e+00 0.000e+00 0.000e+00 4.096e+03 4.000e+00 2.000e+00]",[ 0.  1.  1.  1.  0.  0.  1.  0.  0.  0.  0. 64.  4.  1.],[  0.   1.   0.   1.   0.   0.   0.   1.   1.   0.   0. 256.   2.   0.],[ 1.  1.  0.  1.  0.  0.  0.  0.  0.  1.  0. 64.  1.  1.],[ 1.  1.  0.  1.  0.  0.  0.  0.  0.  1.  0. 64.  0.  1.],"[0.000e+00 1.000e+00 0.000e+00 1.000e+00 0.000e+00 1.000e+00 0.000e+00
 0.000e+00 0.000e+00 1.000e+00 0.000e+00 4.096e+03 2.000e+00 0.000e+00]",[ 1.  1.  0.  1.  0.  0.  0.  0.  1.  0.  0. 64.  0.  1.],[  0.   1.   1.   1.   0.   0.   0.   0.   1.   0.   0. 256.   2.   0.],[ 0.  1.  0.  1.  1.  0.  0.  0.  1.  0.  0. 64.  4.  3.],"[0.000e+00 1.000e+00 0.000e+00 1.000e+00 1.000e+00 0.000e+00 0.000e+00
 0.000e+00 0.000e+00 1.000e+00 0.000e+00 1.024e+03 1.000e+00 0.000e+00]",[  1.   1.   0.   1.   0.   0.   0.   0.   1.   0.   0. 256.   0.   1.],"[0.000e+00 1.000e+00 0.000e+00 1.000e+00 0.000e+00 0.000e+00 1.000e+00
 0.000e+00 0.000e+00 0.000e+00 1.000e+00 1.024e+03 0.000e+00 1.000e+00]",[ 0.  1.  1.  1.  0.  0.  0.  0.  1.  0.  0. 64.  1.  5.],"[0.000e+00 1.000e+00 1.000e+00 1.000e+00 0.000e+00 0.000e+00 0.000e+00
 0.000e+00 1.000e+00 0.000e+00 0.000e+00 4.096e+03 2.000e+00 0.000e+00]",[ 0.  1.  0.  1.  0.  1.  1.  0.  0.  0.  0. 64.  0.  5.],"[1.000e+00 1.000e+00 0.000e+00 1.000e+00 0.000e+00 0.000e+00 0.000e+00
 0.000e+00 0.000e+00 1.000e+00 0.000e+00 1.024e+03 1.000e+00 4.000e+00]",[  1.   1.   0.   1.   0.   0.   1.   0.   0.   0.   0. 256.   1.   1.]
146.869,2110.61,525.007,327.388,2133.63,288.123,519.749,383.826,152.819,218.443,101.789,126.816,249.151,186.054,181.753,284.331,105.588,100.444,240.359,132.708,101.789,132.977,105.588,101.789,105.588,126.892,116.237,427.549,184.046,153.643,195.449,160.51,181.736,292.332,220.201,176.492,205.042,221.142,184.754,196.697,149.282,241.046,212.082,221.394,351.043,148.629,185.433,319.324,218.675,219.99,200.56,127.204,221.63,266.559,176.876,199.991,176.02,201.986,205.708,201.986,301.309,154.889,221.54,166.661,192.576,221.142,242.077,203.472,227.599,201.285,226.897,210.582,149.282,291.62,255.245,240.585,220.201,1497.51,226.247,249.992,251.349,159.326,293.862,340.159,225.404,233.694,268.759,264.47,334.519,375.828,233.796,322.113,253.256,181.971,233.692,256.964,274.095,2464.05,219.516,215.363,197.214,200.311,225.245,214.959,241.605,256.752,200.311,250.038,273.219,238.942,322.768,356.911,294.439,338.491,200.735,181.971,295.952,265.241,755.845,418.073,213.105,217.636,376.722,160.858,280.996,235.467,217.579,396.948,321.621,363.484,286.651,243.833,298.207,272.76,382.72,302.801,289.353,363.108,520.45,302.857,256.752,244.593,277.343,790.322,331.115,311.149,457.832,177.701,431.754,304.24,270.462,404.077,221.306,382.754,177.597,298.15,300.03,325.294,417.579,1100.22,418.073,137.169,297.772,280.078,192.136,481.309,322.867,305.458,171.541,100.892,273.58,416.829,1784.78,265.241,215.395,227.905,234.27,399.515,124.207,219.481,163.344,358.0,214.959,240.11,295.698,297.958,220.131,363.484,214.899,266.031,222.425,256.457,301.309,259.847,197.214,254.546,233.955,187.367,511.503,256.732,399.482,375.99,202.147,771.238,137.698,110.421,208.871,100.444,129.799,360.259,152.443,101.37,127.142,225.805,146.253,304.545,235.483,132.977
199
