1,2,3,4,5,6,7,8,9,10,11,12,13,14,15,16,17,18,19,20,21,22,23,24,25,26,27,28,29,30,31,32,33,34,35,36,37,38,39,40,41,42,43,44,45,46,47,48,49,50,51,52,53,54,55,56,57,58,59,60,61,62,63,64,65,66,67,68,69,70,71,72,73,74,75,76,77,78,79,80,81,82,83,84,85,86,87,88,89,90,91,92,93,94,95,96,97,98,99,100,101,102,103,104,105,106,107,108,109,110,111,112,113,114,115,116,117,118,119,120,121,122,123,124,125,126,127,128,129,130,131,132,133,134,135,136,137,138,139,140,141,142,143,144,145,146,147,148,149,150,151,152,153,154,155,156,157,158,159,160,161,162,163,164,165,166,167,168,169,170,171,172,173,174,175,176,177,178,179,180,181,182,183,184,185,186,187,188,189,190,191,192,193,194,195,196,197,198,199,200,201,202,203,204,205,206,207,208,209,210,211,212,213,214,215,216,217,218,219,220,221,222,223,224,225,226,227,228,229,230,231
"[4.000e+00 1.000e+01 4.000e+00 1.000e+01 1.000e+00 0.000e+00 1.000e+03
 1.000e+03 1.024e+03 1.000e+04 5.000e+00 2.900e+01]","[4.00e+00 1.00e+00 4.00e+00 1.00e+06 1.00e+00 1.00e+00 1.00e+03 1.00e+01
 5.12e+02 1.00e+02 5.00e+00 2.90e+01]","[4.000e+00 1.000e+00 2.000e+00 1.000e+06 1.000e+00 1.000e+00 1.000e+03
 1.000e+01 1.024e+03 1.000e+02 2.000e+00 0.000e+00]","[4.000e+00 1.000e+01 2.000e+00 1.000e+01 1.000e+01 1.000e+00 1.000e+00
 1.000e+01 1.024e+03 1.000e+02 2.000e+00 2.900e+01]","[2.000e+00 1.000e+00 4.000e+00 1.000e+06 1.000e+00 0.000e+00 1.000e+03
 1.000e+01 1.024e+03 1.000e+02 2.000e+00 2.900e+01]","[4.000e+00 1.000e+00 4.000e+00 1.000e+01 1.000e+00 0.000e+00 1.000e+00
 1.000e+01 1.024e+03 1.000e+02 5.000e+00 0.000e+00]","[2.00e+00 1.00e+01 2.00e+00 1.00e+06 1.00e+00 0.00e+00 1.00e+00 1.00e+03
 5.12e+02 1.00e+04 2.00e+00 0.00e+00]","[2.00e+00 1.00e+01 4.00e+00 1.00e+01 1.00e+01 0.00e+00 1.00e+03 1.00e+03
 5.12e+02 1.00e+04 2.00e+00 0.00e+00]","[4.00e+00 1.00e+01 4.00e+00 1.00e+06 1.00e+01 1.00e+00 1.00e+00 1.00e+01
 5.12e+02 1.00e+02 5.00e+00 0.00e+00]","[2.00e+00 1.00e+00 4.00e+00 1.00e+01 1.00e+00 1.00e+00 1.00e+00 1.00e+03
 5.12e+02 1.00e+04 5.00e+00 2.90e+01]","[2.000e+00 1.000e+00 2.000e+00 1.000e+01 1.000e+01 0.000e+00 1.000e+03
 1.000e+03 1.024e+03 1.000e+04 2.000e+00 2.900e+01]","[2.00e+00 1.00e+00 4.00e+00 1.00e+01 1.00e+01 0.00e+00 1.00e+03 1.00e+03
 5.12e+02 1.00e+04 5.00e+00 0.00e+00]","[2.00e+00 1.00e+00 2.00e+00 1.00e+01 1.00e+01 1.00e+00 1.00e+03 1.00e+03
 5.12e+02 1.00e+04 2.00e+00 2.90e+01]","[2.00e+00 1.00e+00 2.00e+00 1.00e+01 1.00e+01 1.00e+00 1.00e+03 1.00e+03
 5.12e+02 1.00e+04 2.00e+00 0.00e+00]",[   2.   10.    2.   10.   10.    0. 1000.   10.  512.  100.    2.    0.],"[2.00e+00 1.00e+00 2.00e+00 1.00e+06 1.00e+00 1.00e+00 1.00e+03 1.00e+01
 5.12e+02 1.00e+02 2.00e+00 2.90e+01]",[   2.    1.    4.   10.   10.    0. 1000.   10.  512.  100.    2.    0.],"[2.00e+00 1.00e+00 2.00e+00 1.00e+01 1.00e+01 1.00e+00 1.00e+03 1.00e+03
 5.12e+02 1.00e+04 2.00e+00 0.00e+00]",[   4.    1.    2.   10.   10.    1. 1000.   10.  512.  100.    2.    0.],"[2.00e+00 1.00e+01 2.00e+00 1.00e+01 1.00e+01 1.00e+00 1.00e+03 1.00e+03
 5.12e+02 1.00e+04 2.00e+00 2.90e+01]",[   2.   10.    2.   10.   10.    0. 1000.   10. 1024.  100.    2.   29.],[  2.  10.   2.  10.  10.   1.   1.  10. 512. 100.   2.   0.],"[2.00e+00 1.00e+01 2.00e+00 1.00e+01 1.00e+00 0.00e+00 1.00e+03 1.00e+03
 5.12e+02 1.00e+04 2.00e+00 2.90e+01]",[   2.    1.    2.   10.    1.    0. 1000.   10.  512.  100.    2.    0.],[   2.   10.    2.   10.    1.    1. 1000.   10.  512.  100.    5.    0.],"[2.000e+00 1.000e+00 2.000e+00 1.000e+01 1.000e+01 0.000e+00 1.000e+03
 1.000e+01 1.024e+03 1.000e+02 2.000e+00 2.900e+01]","[2.000e+00 1.000e+00 2.000e+00 1.000e+01 1.000e+00 0.000e+00 1.000e+03
 1.000e+01 1.024e+03 1.000e+02 2.000e+00 2.900e+01]","[2.00e+00 1.00e+00 2.00e+00 1.00e+01 1.00e+00 1.00e+00 1.00e+03 1.00e+03
 5.12e+02 1.00e+04 2.00e+00 2.90e+01]","[2.000e+00 1.000e+00 2.000e+00 1.000e+01 1.000e+00 1.000e+00 1.000e+03
 1.000e+01 1.024e+03 1.000e+02 2.000e+00 0.000e+00]",[   4.   10.    2.   10.    1.    0. 1000.   10.  512.  100.    2.    0.],"[2.00e+00 1.00e+00 4.00e+00 1.00e+01 1.00e+00 0.00e+00 1.00e+03 1.00e+03
 5.12e+02 1.00e+04 2.00e+00 2.90e+01]","[2.000e+00 1.000e+00 4.000e+00 1.000e+01 1.000e+00 0.000e+00 1.000e+03
 1.000e+03 1.024e+03 1.000e+04 2.000e+00 0.000e+00]","[2.000e+00 1.000e+01 4.000e+00 1.000e+01 1.000e+00 1.000e+00 1.000e+03
 1.000e+03 1.024e+03 1.000e+04 2.000e+00 2.900e+01]","[2.00e+00 1.00e+01 4.00e+00 1.00e+01 1.00e+00 1.00e+00 1.00e+03 1.00e+03
 5.12e+02 1.00e+04 2.00e+00 2.90e+01]","[2.000e+00 1.000e+00 4.000e+00 1.000e+01 1.000e+01 0.000e+00 1.000e+03
 1.000e+03 1.024e+03 1.000e+04 2.000e+00 0.000e+00]","[4.000e+00 1.000e+00 4.000e+00 1.000e+01 1.000e+00 1.000e+00 1.000e+03
 1.000e+01 1.024e+03 1.000e+02 2.000e+00 2.900e+01]","[2.000e+00 1.000e+01 4.000e+00 1.000e+01 1.000e+00 1.000e+00 1.000e+03
 1.000e+01 1.024e+03 1.000e+02 2.000e+00 2.900e+01]","[4.000e+00 1.000e+00 4.000e+00 1.000e+01 1.000e+00 0.000e+00 1.000e+03
 1.000e+01 1.024e+03 1.000e+02 2.000e+00 2.900e+01]","[4.000e+00 1.000e+00 2.000e+00 1.000e+01 1.000e+00 0.000e+00 1.000e+03
 1.000e+03 1.024e+03 1.000e+04 2.000e+00 2.900e+01]","[2.00e+00 1.00e+00 4.00e+00 1.00e+01 1.00e+01 0.00e+00 1.00e+03 1.00e+03
 5.12e+02 1.00e+04 2.00e+00 0.00e+00]","[4.000e+00 1.000e+00 4.000e+00 1.000e+01 1.000e+00 0.000e+00 1.000e+03
 1.000e+03 1.024e+03 1.000e+04 2.000e+00 0.000e+00]","[4.000e+00 1.000e+01 4.000e+00 1.000e+01 1.000e+00 1.000e+00 1.000e+03
 1.000e+03 1.024e+03 1.000e+04 2.000e+00 0.000e+00]",[   2.    1.    4.   10.    1.    0. 1000.   10.  512.  100.    2.    0.],[   2.   10.    4.   10.   10.    0. 1000.   10.  512.  100.    2.   29.],"[2.000e+00 1.000e+00 4.000e+00 1.000e+01 1.000e+00 0.000e+00 1.000e+00
 1.000e+01 1.024e+03 1.000e+02 2.000e+00 2.900e+01]","[2.000e+00 1.000e+00 4.000e+00 1.000e+01 1.000e+00 0.000e+00 1.000e+03
 1.000e+01 1.024e+03 1.000e+02 2.000e+00 0.000e+00]","[2.000e+00 1.000e+00 2.000e+00 1.000e+01 1.000e+01 0.000e+00 1.000e+03
 1.000e+01 1.024e+03 1.000e+02 2.000e+00 0.000e+00]","[4.000e+00 1.000e+00 4.000e+00 1.000e+01 1.000e+01 0.000e+00 1.000e+03
 1.000e+01 1.024e+03 1.000e+02 2.000e+00 2.900e+01]","[2.00e+00 1.00e+01 4.00e+00 1.00e+01 1.00e+00 0.00e+00 1.00e+03 1.00e+03
 5.12e+02 1.00e+04 5.00e+00 2.90e+01]","[2.00e+00 1.00e+01 4.00e+00 1.00e+01 1.00e+00 0.00e+00 1.00e+03 1.00e+03
 5.12e+02 1.00e+04 2.00e+00 2.90e+01]","[2.00e+00 1.00e+00 4.00e+00 1.00e+01 1.00e+00 1.00e+00 1.00e+03 1.00e+03
 5.12e+02 1.00e+04 2.00e+00 0.00e+00]","[2.000e+00 1.000e+00 4.000e+00 1.000e+01 1.000e+01 0.000e+00 1.000e+03
 1.000e+01 1.024e+03 1.000e+02 2.000e+00 2.900e+01]","[4.00e+00 1.00e+00 4.00e+00 1.00e+01 1.00e+00 1.00e+00 1.00e+03 1.00e+03
 5.12e+02 1.00e+04 2.00e+00 0.00e+00]",[   4.   10.    4.   10.   10.    0. 1000.   10. 1024.  100.    2.    0.],"[2.00e+00 1.00e+00 4.00e+00 1.00e+01 1.00e+00 0.00e+00 1.00e+03 1.00e+03
 5.12e+02 1.00e+04 2.00e+00 0.00e+00]","[2.000e+00 1.000e+00 4.000e+00 1.000e+01 1.000e+01 0.000e+00 1.000e+03
 1.000e+03 1.024e+03 1.000e+04 2.000e+00 0.000e+00]",[   2.    1.    4.   10.   10.    0. 1000.   10.  512.  100.    2.   29.],"[2.000e+00 1.000e+00 4.000e+00 1.000e+01 1.000e+00 1.000e+00 1.000e+03
 1.000e+03 1.024e+03 1.000e+04 2.000e+00 0.000e+00]","[2.00e+00 1.00e+00 4.00e+00 1.00e+01 1.00e+00 0.00e+00 1.00e+00 1.00e+03
 5.12e+02 1.00e+04 2.00e+00 2.90e+01]","[2.000e+00 1.000e+01 4.000e+00 1.000e+01 1.000e+00 0.000e+00 1.000e+03
 1.000e+03 1.024e+03 1.000e+04 2.000e+00 0.000e+00]",[   2.    1.    4.   10.    1.    0. 1000.   10.  512.  100.    2.    0.],"[2.000e+00 1.000e+00 2.000e+00 1.000e+06 1.000e+00 1.000e+00 1.000e+03
 1.000e+03 1.024e+03 1.000e+04 2.000e+00 2.900e+01]",[   4.   10.    4.   10.    1.    1. 1000.   10.  512.  100.    2.    0.],"[2.000e+00 1.000e+00 4.000e+00 1.000e+01 1.000e+00 1.000e+00 1.000e+03
 1.000e+03 1.024e+03 1.000e+04 2.000e+00 2.900e+01]",[   2.   10.    2.   10.   10.    1. 1000.   10.  512.  100.    2.    0.],"[2.00e+00 1.00e+00 4.00e+00 1.00e+01 1.00e+00 1.00e+00 1.00e+03 1.00e+03
 5.12e+02 1.00e+04 2.00e+00 2.90e+01]","[4.00e+00 1.00e+01 4.00e+00 1.00e+01 1.00e+00 0.00e+00 1.00e+03 1.00e+03
 5.12e+02 1.00e+04 2.00e+00 2.90e+01]","[2.000e+00 1.000e+00 4.000e+00 1.000e+01 1.000e+00 0.000e+00 1.000e+03
 1.000e+01 1.024e+03 1.000e+02 2.000e+00 0.000e+00]","[2.00e+00 1.00e+01 4.00e+00 1.00e+01 1.00e+01 0.00e+00 1.00e+03 1.00e+03
 5.12e+02 1.00e+04 2.00e+00 0.00e+00]","[2.00e+00 1.00e+00 4.00e+00 1.00e+01 1.00e+00 0.00e+00 1.00e+03 1.00e+03
 5.12e+02 1.00e+04 2.00e+00 0.00e+00]","[2.00e+00 1.00e+00 4.00e+00 1.00e+01 1.00e+01 1.00e+00 1.00e+03 1.00e+03
 5.12e+02 1.00e+04 2.00e+00 2.90e+01]","[2.000e+00 1.000e+00 4.000e+00 1.000e+01 1.000e+01 1.000e+00 1.000e+03
 1.000e+03 1.024e+03 1.000e+04 2.000e+00 0.000e+00]",[   2.    1.    2.   10.   10.    1. 1000.   10.  512.  100.    2.    0.],"[2.00e+00 1.00e+00 4.00e+00 1.00e+01 1.00e+00 0.00e+00 1.00e+03 1.00e+03
 5.12e+02 1.00e+04 2.00e+00 2.90e+01]","[2.00e+00 1.00e+00 4.00e+00 1.00e+01 1.00e+01 0.00e+00 1.00e+03 1.00e+03
 5.12e+02 1.00e+04 2.00e+00 2.90e+01]","[2.00e+00 1.00e+01 4.00e+00 1.00e+01 1.00e+01 1.00e+00 1.00e+03 1.00e+03
 5.12e+02 1.00e+04 2.00e+00 0.00e+00]","[2.000e+00 1.000e+00 4.000e+00 1.000e+01 1.000e+00 0.000e+00 1.000e+03
 1.000e+03 1.024e+03 1.000e+04 2.000e+00 2.900e+01]","[2.00e+00 1.00e+00 2.00e+00 1.00e+01 1.00e+01 0.00e+00 1.00e+03 1.00e+03
 5.12e+02 1.00e+04 2.00e+00 0.00e+00]",[   2.   10.    2.   10.   10.    0. 1000.   10. 1024.  100.    2.    0.],"[2.00e+00 1.00e+00 2.00e+00 1.00e+01 1.00e+01 0.00e+00 1.00e+03 1.00e+03
 5.12e+02 1.00e+04 2.00e+00 2.90e+01]","[2.000e+00 1.000e+00 4.000e+00 1.000e+01 1.000e+01 0.000e+00 1.000e+03
 1.000e+01 1.024e+03 1.000e+02 2.000e+00 0.000e+00]","[2.000e+00 1.000e+00 4.000e+00 1.000e+01 1.000e+00 1.000e+00 1.000e+03
 1.000e+03 1.024e+03 1.000e+04 2.000e+00 2.900e+01]","[2.000e+00 1.000e+00 2.000e+00 1.000e+01 1.000e+00 0.000e+00 1.000e+03
 1.000e+03 1.024e+03 1.000e+04 2.000e+00 0.000e+00]","[2.000e+00 1.000e+00 4.000e+00 1.000e+01 1.000e+00 0.000e+00 1.000e+00
 1.000e+01 1.024e+03 1.000e+02 2.000e+00 0.000e+00]","[2.00e+00 1.00e+00 4.00e+00 1.00e+01 1.00e+00 0.00e+00 1.00e+03 1.00e+03
 5.12e+02 1.00e+04 5.00e+00 0.00e+00]","[2.00e+00 1.00e+01 2.00e+00 1.00e+01 1.00e+00 1.00e+00 1.00e+03 1.00e+03
 5.12e+02 1.00e+04 2.00e+00 0.00e+00]","[2.00e+00 1.00e+00 4.00e+00 1.00e+01 1.00e+01 1.00e+00 1.00e+03 1.00e+03
 5.12e+02 1.00e+04 2.00e+00 0.00e+00]",[   2.   10.    4.   10.   10.    0. 1000.   10.  512.  100.    2.    0.],[   2.    1.    4.   10.   10.    1. 1000.   10.  512.  100.    2.    0.],"[4.000e+00 1.000e+00 4.000e+00 1.000e+01 1.000e+00 0.000e+00 1.000e+03
 1.000e+03 1.024e+03 1.000e+04 2.000e+00 2.900e+01]","[2.00e+00 1.00e+00 2.00e+00 1.00e+01 1.00e+01 0.00e+00 1.00e+03 1.00e+03
 5.12e+02 1.00e+04 2.00e+00 0.00e+00]","[2.00e+00 1.00e+01 2.00e+00 1.00e+01 1.00e+01 0.00e+00 1.00e+03 1.00e+03
 5.12e+02 1.00e+04 2.00e+00 2.90e+01]",[   2.   10.    2.   10.   10.    0. 1000.   10. 1024.  100.    2.    0.],"[4.000e+00 1.000e+01 4.000e+00 1.000e+01 1.000e+01 1.000e+00 1.000e+03
 1.000e+01 1.024e+03 1.000e+02 2.000e+00 0.000e+00]","[2.000e+00 1.000e+01 2.000e+00 1.000e+01 1.000e+01 0.000e+00 1.000e+03
 1.000e+03 1.024e+03 1.000e+04 2.000e+00 0.000e+00]","[2.000e+00 1.000e+00 4.000e+00 1.000e+01 1.000e+00 1.000e+00 1.000e+03
 1.000e+03 1.024e+03 1.000e+04 5.000e+00 0.000e+00]","[2.00e+00 1.00e+00 4.00e+00 1.00e+01 1.00e+00 0.00e+00 1.00e+00 1.00e+03
 5.12e+02 1.00e+04 2.00e+00 2.90e+01]","[4.000e+00 1.000e+01 2.000e+00 1.000e+01 1.000e+00 0.000e+00 1.000e+03
 1.000e+03 1.024e+03 1.000e+04 2.000e+00 0.000e+00]","[2.00e+00 1.00e+00 2.00e+00 1.00e+01 1.00e+01 0.00e+00 1.00e+03 1.00e+03
 5.12e+02 1.00e+04 2.00e+00 2.90e+01]","[2.000e+00 1.000e+00 4.000e+00 1.000e+01 1.000e+00 0.000e+00 1.000e+03
 1.000e+03 1.024e+03 1.000e+04 2.000e+00 0.000e+00]","[2.000e+00 1.000e+01 2.000e+00 1.000e+01 1.000e+01 0.000e+00 1.000e+03
 1.000e+03 1.024e+03 1.000e+04 2.000e+00 0.000e+00]","[2.00e+00 1.00e+01 2.00e+00 1.00e+01 1.00e+01 0.00e+00 1.00e+03 1.00e+03
 5.12e+02 1.00e+04 2.00e+00 0.00e+00]","[2.000e+00 1.000e+01 4.000e+00 1.000e+01 1.000e+01 0.000e+00 1.000e+03
 1.000e+03 1.024e+03 1.000e+04 2.000e+00 0.000e+00]","[2.000e+00 1.000e+00 2.000e+00 1.000e+01 1.000e+01 0.000e+00 1.000e+03
 1.000e+03 1.024e+03 1.000e+04 2.000e+00 0.000e+00]","[2.00e+00 1.00e+01 2.00e+00 1.00e+01 1.00e+01 0.00e+00 1.00e+03 1.00e+03
 5.12e+02 1.00e+04 2.00e+00 0.00e+00]",[   2.   10.    2.   10.   10.    0. 1000.   10.  512.  100.    2.    0.],"[2.00e+00 1.00e+00 4.00e+00 1.00e+01 1.00e+00 1.00e+00 1.00e+00 1.00e+03
 5.12e+02 1.00e+04 2.00e+00 0.00e+00]","[2.000e+00 1.000e+00 2.000e+00 1.000e+01 1.000e+01 0.000e+00 1.000e+03
 1.000e+01 1.024e+03 1.000e+02 2.000e+00 0.000e+00]","[2.000e+00 1.000e+00 4.000e+00 1.000e+01 1.000e+00 0.000e+00 1.000e+03
 1.000e+03 1.024e+03 1.000e+04 2.000e+00 2.900e+01]","[2.00e+00 1.00e+00 4.00e+00 1.00e+01 1.00e+01 0.00e+00 1.00e+03 1.00e+03
 5.12e+02 1.00e+04 2.00e+00 0.00e+00]","[2.00e+00 1.00e+00 4.00e+00 1.00e+01 1.00e+01 0.00e+00 1.00e+03 1.00e+03
 5.12e+02 1.00e+04 2.00e+00 2.90e+01]","[2.00e+00 1.00e+00 4.00e+00 1.00e+01 1.00e+00 1.00e+00 1.00e+03 1.00e+03
 5.12e+02 1.00e+04 2.00e+00 2.90e+01]","[2.000e+00 1.000e+00 4.000e+00 1.000e+01 1.000e+00 1.000e+00 1.000e+03
 1.000e+03 1.024e+03 1.000e+04 2.000e+00 0.000e+00]","[2.00e+00 1.00e+00 4.00e+00 1.00e+01 1.00e+01 1.00e+00 1.00e+03 1.00e+03
 5.12e+02 1.00e+04 2.00e+00 0.00e+00]","[2.000e+00 1.000e+00 2.000e+00 1.000e+01 1.000e+01 0.000e+00 1.000e+03
 1.000e+03 1.024e+03 1.000e+04 2.000e+00 0.000e+00]","[2.000e+00 1.000e+00 4.000e+00 1.000e+06 1.000e+00 0.000e+00 1.000e+03
 1.000e+03 1.024e+03 1.000e+04 2.000e+00 2.900e+01]","[4.00e+00 1.00e+00 4.00e+00 1.00e+01 1.00e+01 1.00e+00 1.00e+03 1.00e+03
 5.12e+02 1.00e+04 2.00e+00 2.90e+01]","[2.000e+00 1.000e+00 2.000e+00 1.000e+01 1.000e+01 1.000e+00 1.000e+03
 1.000e+03 1.024e+03 1.000e+04 2.000e+00 0.000e+00]","[4.00e+00 1.00e+00 4.00e+00 1.00e+01 1.00e+00 1.00e+00 1.00e+03 1.00e+03
 5.12e+02 1.00e+04 5.00e+00 0.00e+00]",[   2.    1.    4.   10.   10.    1. 1000.   10.  512.  100.    2.    0.],[   2.   10.    4.   10.   10.    0. 1000.   10.  512.  100.    2.    0.],"[2.000e+00 1.000e+01 4.000e+00 1.000e+01 1.000e+01 0.000e+00 1.000e+03
 1.000e+03 1.024e+03 1.000e+04 2.000e+00 0.000e+00]","[2.000e+00 1.000e+01 4.000e+00 1.000e+01 1.000e+00 0.000e+00 1.000e+03
 1.000e+01 1.024e+03 1.000e+02 2.000e+00 0.000e+00]","[2.00e+00 1.00e+00 4.00e+00 1.00e+01 1.00e+00 1.00e+00 1.00e+03 1.00e+03
 5.12e+02 1.00e+04 2.00e+00 0.00e+00]",[   2.    1.    4.   10.   10.    0. 1000.   10.  512.  100.    2.    0.],[   4.   10.    2.   10.    1.    1. 1000.   10.  512.  100.    2.   29.],"[2.000e+00 1.000e+01 2.000e+00 1.000e+01 1.000e+00 1.000e+00 1.000e+03
 1.000e+03 1.024e+03 1.000e+04 2.000e+00 2.900e+01]","[2.00e+00 1.00e+00 2.00e+00 1.00e+01 1.00e+00 0.00e+00 1.00e+03 1.00e+03
 5.12e+02 1.00e+04 2.00e+00 2.90e+01]",[   2.   10.    4.   10.   10.    0. 1000.   10. 1024.  100.    2.    0.],[   2.    1.    2.   10.   10.    0. 1000.   10.  512.  100.    2.    0.],[   2.    1.    2.   10.   10.    1. 1000.   10.  512.  100.    2.    0.],"[2.000e+00 1.000e+01 4.000e+00 1.000e+01 1.000e+00 1.000e+00 1.000e+03
 1.000e+03 1.024e+03 1.000e+04 2.000e+00 0.000e+00]","[4.000e+00 1.000e+01 2.000e+00 1.000e+01 1.000e+01 1.000e+00 1.000e+03
 1.000e+03 1.024e+03 1.000e+04 2.000e+00 0.000e+00]","[2.000e+00 1.000e+01 2.000e+00 1.000e+01 1.000e+01 0.000e+00 1.000e+03
 1.000e+03 1.024e+03 1.000e+04 2.000e+00 2.900e+01]","[4.000e+00 1.000e+00 2.000e+00 1.000e+01 1.000e+00 1.000e+00 1.000e+03
 1.000e+03 1.024e+03 1.000e+04 2.000e+00 0.000e+00]","[2.000e+00 1.000e+01 4.000e+00 1.000e+01 1.000e+00 0.000e+00 1.000e+03
 1.000e+03 1.024e+03 1.000e+04 2.000e+00 2.900e+01]",[   2.    1.    2.   10.   10.    0. 1000.   10.  512.  100.    2.   29.],"[2.000e+00 1.000e+01 4.000e+00 1.000e+01 1.000e+00 0.000e+00 1.000e+03
 1.000e+01 1.024e+03 1.000e+02 2.000e+00 2.900e+01]","[2.000e+00 1.000e+01 4.000e+00 1.000e+01 1.000e+00 1.000e+00 1.000e+03
 1.000e+03 1.024e+03 1.000e+04 2.000e+00 2.900e+01]","[2.000e+00 1.000e+01 4.000e+00 1.000e+01 1.000e+00 0.000e+00 1.000e+03
 1.000e+03 1.024e+03 1.000e+04 2.000e+00 0.000e+00]","[2.00e+00 1.00e+01 4.00e+00 1.00e+01 1.00e+00 1.00e+00 1.00e+03 1.00e+03
 5.12e+02 1.00e+04 2.00e+00 0.00e+00]","[2.00e+00 1.00e+00 2.00e+00 1.00e+01 1.00e+00 0.00e+00 1.00e+03 1.00e+03
 5.12e+02 1.00e+04 2.00e+00 0.00e+00]","[2.000e+00 1.000e+01 2.000e+00 1.000e+01 1.000e+01 1.000e+00 1.000e+03
 1.000e+01 1.024e+03 1.000e+02 2.000e+00 2.900e+01]","[4.000e+00 1.000e+01 4.000e+00 1.000e+01 1.000e+00 1.000e+00 1.000e+03
 1.000e+01 1.024e+03 1.000e+02 2.000e+00 0.000e+00]","[2.000e+00 1.000e+01 2.000e+00 1.000e+01 1.000e+01 1.000e+00 1.000e+03
 1.000e+03 1.024e+03 1.000e+04 2.000e+00 0.000e+00]","[2.000e+00 1.000e+01 4.000e+00 1.000e+01 1.000e+00 0.000e+00 1.000e+03
 1.000e+01 1.024e+03 1.000e+02 2.000e+00 2.900e+01]","[2.000e+00 1.000e+00 4.000e+00 1.000e+01 1.000e+01 0.000e+00 1.000e+03
 1.000e+01 1.024e+03 1.000e+02 5.000e+00 0.000e+00]","[2.000e+00 1.000e+01 4.000e+00 1.000e+01 1.000e+00 1.000e+00 1.000e+03
 1.000e+03 1.024e+03 1.000e+04 2.000e+00 0.000e+00]","[2.000e+00 1.000e+01 4.000e+00 1.000e+01 1.000e+00 0.000e+00 1.000e+03
 1.000e+03 1.024e+03 1.000e+04 2.000e+00 2.900e+01]","[2.000e+00 1.000e+00 2.000e+00 1.000e+01 1.000e+00 0.000e+00 1.000e+03
 1.000e+03 1.024e+03 1.000e+04 2.000e+00 2.900e+01]","[2.00e+00 1.00e+01 4.00e+00 1.00e+01 1.00e+00 0.00e+00 1.00e+03 1.00e+03
 5.12e+02 1.00e+04 2.00e+00 2.90e+01]","[4.000e+00 1.000e+01 2.000e+00 1.000e+01 1.000e+00 1.000e+00 1.000e+03
 1.000e+03 1.024e+03 1.000e+04 2.000e+00 2.900e+01]","[2.000e+00 1.000e+00 4.000e+00 1.000e+06 1.000e+00 0.000e+00 1.000e+03
 1.000e+03 1.024e+03 1.000e+04 2.000e+00 0.000e+00]",[   2.    1.    4.   10.    1.    0. 1000.   10.  512.  100.    2.   29.],"[4.00e+00 1.00e+01 4.00e+00 1.00e+01 1.00e+01 0.00e+00 1.00e+03 1.00e+03
 5.12e+02 1.00e+04 2.00e+00 0.00e+00]","[2.00e+00 1.00e+00 2.00e+00 1.00e+01 1.00e+00 0.00e+00 1.00e+03 1.00e+03
 5.12e+02 1.00e+04 2.00e+00 2.90e+01]","[4.00e+00 1.00e+01 2.00e+00 1.00e+01 1.00e+01 0.00e+00 1.00e+03 1.00e+03
 5.12e+02 1.00e+04 2.00e+00 0.00e+00]",[   2.    1.    4.   10.    1.    1. 1000.   10.  512.  100.    2.    0.],"[2.000e+00 1.000e+01 2.000e+00 1.000e+01 1.000e+01 1.000e+00 1.000e+03
 1.000e+03 1.024e+03 1.000e+04 2.000e+00 0.000e+00]","[2.000e+00 1.000e+00 2.000e+00 1.000e+01 1.000e+01 1.000e+00 1.000e+03
 1.000e+01 1.024e+03 1.000e+02 2.000e+00 0.000e+00]",[   2.    1.    4.   10.    1.    1. 1000.   10.  512.  100.    2.    0.],"[2.00e+00 1.00e+01 2.00e+00 1.00e+01 1.00e+00 0.00e+00 1.00e+03 1.00e+03
 5.12e+02 1.00e+04 2.00e+00 2.90e+01]","[2.000e+00 1.000e+00 2.000e+00 1.000e+01 1.000e+01 0.000e+00 1.000e+03
 1.000e+03 1.024e+03 1.000e+04 2.000e+00 2.900e+01]","[2.000e+00 1.000e+00 4.000e+00 1.000e+01 1.000e+00 1.000e+00 1.000e+03
 1.000e+01 1.024e+03 1.000e+02 2.000e+00 0.000e+00]",[   2.    1.    2.   10.    1.    1. 1000.   10.  512.  100.    2.   29.],[   4.    1.    2.   10.    1.    0. 1000.   10.  512.  100.    2.   29.],"[2.00e+00 1.00e+00 4.00e+00 1.00e+01 1.00e+01 1.00e+00 1.00e+03 1.00e+03
 5.12e+02 1.00e+04 5.00e+00 0.00e+00]","[2.000e+00 1.000e+00 4.000e+00 1.000e+01 1.000e+01 0.000e+00 1.000e+03
 1.000e+01 1.024e+03 1.000e+02 2.000e+00 0.000e+00]","[2.000e+00 1.000e+00 4.000e+00 1.000e+01 1.000e+00 1.000e+00 1.000e+03
 1.000e+01 1.024e+03 1.000e+02 2.000e+00 0.000e+00]","[2.000e+00 1.000e+00 4.000e+00 1.000e+01 1.000e+00 1.000e+00 1.000e+03
 1.000e+01 1.024e+03 1.000e+02 2.000e+00 2.900e+01]","[4.00e+00 1.00e+01 4.00e+00 1.00e+06 1.00e+00 1.00e+00 1.00e+03 1.00e+03
 5.12e+02 1.00e+04 2.00e+00 2.90e+01]","[2.000e+00 1.000e+00 4.000e+00 1.000e+01 1.000e+00 0.000e+00 1.000e+03
 1.000e+01 1.024e+03 1.000e+02 2.000e+00 2.900e+01]","[2.000e+00 1.000e+00 4.000e+00 1.000e+01 1.000e+01 1.000e+00 1.000e+03
 1.000e+01 1.024e+03 1.000e+02 2.000e+00 0.000e+00]",[   2.    1.    4.   10.    1.    1. 1000.   10.  512.  100.    2.   29.],"[2.000e+00 1.000e+00 4.000e+00 1.000e+01 1.000e+00 1.000e+00 1.000e+03
 1.000e+01 1.024e+03 1.000e+02 2.000e+00 2.900e+01]","[2.000e+00 1.000e+00 4.000e+00 1.000e+01 1.000e+00 0.000e+00 1.000e+03
 1.000e+01 1.024e+03 1.000e+02 2.000e+00 2.900e+01]",[   2.    1.    2.   10.   10.    0. 1000.   10.  512.  100.    2.    0.],"[2.000e+00 1.000e+01 4.000e+00 1.000e+01 1.000e+01 0.000e+00 1.000e+03
 1.000e+03 1.024e+03 1.000e+04 5.000e+00 0.000e+00]",[   2.   10.    2.   10.   10.    0. 1000.   10.  512.  100.    2.   29.],"[4.000e+00 1.000e+01 4.000e+00 1.000e+01 1.000e+00 1.000e+00 1.000e+03
 1.000e+03 1.024e+03 1.000e+04 5.000e+00 2.900e+01]","[2.000e+00 1.000e+00 2.000e+00 1.000e+01 1.000e+01 1.000e+00 1.000e+03
 1.000e+01 1.024e+03 1.000e+02 2.000e+00 0.000e+00]","[4.00e+00 1.00e+01 4.00e+00 1.00e+01 1.00e+01 0.00e+00 1.00e+03 1.00e+03
 5.12e+02 1.00e+04 2.00e+00 2.90e+01]",[   2.    1.    4.   10.    1.    1. 1000.   10.  512.  100.    2.   29.],[   2.    1.    4.   10.   10.    0. 1000.   10.  512.  100.    2.   29.],"[4.000e+00 1.000e+01 4.000e+00 1.000e+01 1.000e+00 1.000e+00 1.000e+00
 1.000e+03 1.024e+03 1.000e+04 2.000e+00 0.000e+00]","[2.00e+00 1.00e+01 2.00e+00 1.00e+06 1.00e+00 0.00e+00 1.00e+03 1.00e+01
 5.12e+02 1.00e+02 2.00e+00 0.00e+00]","[2.000e+00 1.000e+00 2.000e+00 1.000e+01 1.000e+00 1.000e+00 1.000e+03
 1.000e+03 1.024e+03 1.000e+04 2.000e+00 2.900e+01]",[   2.    1.    4.   10.    1.    0. 1000.   10.  512.  100.    2.   29.],[   2.    1.    2.   10.    1.    0. 1000.   10.  512.  100.    2.   29.],[   2.   10.    2.   10.   10.    1. 1000.   10.  512.  100.    2.    0.],"[2.000e+00 1.000e+00 4.000e+00 1.000e+01 1.000e+00 0.000e+00 1.000e+03
 1.000e+03 1.024e+03 1.000e+04 5.000e+00 0.000e+00]","[2.000e+00 1.000e+00 2.000e+00 1.000e+01 1.000e+00 0.000e+00 1.000e+03
 1.000e+03 1.024e+03 1.000e+04 2.000e+00 0.000e+00]","[2.000e+00 1.000e+01 2.000e+00 1.000e+01 1.000e+01 0.000e+00 1.000e+03
 1.000e+03 1.024e+03 1.000e+04 2.000e+00 2.900e+01]","[2.000e+00 1.000e+00 2.000e+00 1.000e+01 1.000e+00 1.000e+00 1.000e+03
 1.000e+01 1.024e+03 1.000e+02 2.000e+00 2.900e+01]",[   2.    1.    2.   10.   10.    0. 1000.   10.  512.  100.    2.   29.],[   2.   10.    4.   10.    1.    1. 1000.   10.  512.  100.    2.   29.],"[2.000e+00 1.000e+01 4.000e+00 1.000e+01 1.000e+00 1.000e+00 1.000e+03
 1.000e+01 1.024e+03 1.000e+02 2.000e+00 0.000e+00]","[2.000e+00 1.000e+01 2.000e+00 1.000e+01 1.000e+01 0.000e+00 1.000e+00
 1.000e+03 1.024e+03 1.000e+04 2.000e+00 0.000e+00]","[2.000e+00 1.000e+00 2.000e+00 1.000e+01 1.000e+00 0.000e+00 1.000e+03
 1.000e+03 1.024e+03 1.000e+04 5.000e+00 2.900e+01]",[   2.   10.    2.   10.   10.    0. 1000.   10.  512.  100.    2.   29.],"[2.00e+00 1.00e+01 2.00e+00 1.00e+01 1.00e+01 0.00e+00 1.00e+03 1.00e+03
 5.12e+02 1.00e+04 2.00e+00 2.90e+01]","[2.000e+00 1.000e+01 2.000e+00 1.000e+01 1.000e+01 1.000e+00 1.000e+03
 1.000e+01 1.024e+03 1.000e+02 2.000e+00 0.000e+00]","[2.000e+00 1.000e+00 2.000e+00 1.000e+01 1.000e+00 0.000e+00 1.000e+03
 1.000e+03 1.024e+03 1.000e+04 2.000e+00 2.900e+01]",[   2.   10.    4.   10.   10.    1. 1000.   10.  512.  100.    2.    0.],[   2.   10.    2.   10.   10.    1. 1000.   10.  512.  100.    2.   29.],"[2.00e+00 1.00e+01 4.00e+00 1.00e+01 1.00e+00 0.00e+00 1.00e+03 1.00e+03
 5.12e+02 1.00e+04 2.00e+00 0.00e+00]",[   2.   10.    4.   10.    1.    1. 1000.   10.  512.  100.    2.    0.],[   2.   10.    4.   10.    1.    0. 1000.   10.  512.  100.    2.   29.],"[2.000e+00 1.000e+00 2.000e+00 1.000e+06 1.000e+00 1.000e+00 1.000e+03
 1.000e+03 1.024e+03 1.000e+04 2.000e+00 0.000e+00]",[   2.   10.    4.   10.    1.    1. 1000.   10.  512.  100.    2.    0.],"[2.000e+00 1.000e+00 4.000e+00 1.000e+01 1.000e+00 1.000e+00 1.000e+03
 1.000e+01 1.024e+03 1.000e+02 5.000e+00 0.000e+00]","[2.000e+00 1.000e+01 4.000e+00 1.000e+01 1.000e+00 1.000e+00 1.000e+03
 1.000e+01 1.024e+03 1.000e+02 5.000e+00 2.900e+01]","[2.000e+00 1.000e+00 2.000e+00 1.000e+01 1.000e+00 0.000e+00 1.000e+03
 1.000e+01 1.024e+03 1.000e+02 2.000e+00 2.900e+01]","[4.000e+00 1.000e+01 4.000e+00 1.000e+01 1.000e+00 0.000e+00 1.000e+03
 1.000e+01 1.024e+03 1.000e+02 2.000e+00 0.000e+00]","[2.000e+00 1.000e+01 4.000e+00 1.000e+01 1.000e+00 0.000e+00 1.000e+03
 1.000e+01 1.024e+03 1.000e+02 2.000e+00 0.000e+00]","[2.000e+00 1.000e+01 4.000e+00 1.000e+01 1.000e+00 1.000e+00 1.000e+03
 1.000e+01 1.024e+03 1.000e+02 2.000e+00 2.900e+01]",[   2.   10.    2.   10.   10.    1. 1000.   10.  512.  100.    2.   29.],[   2.    1.    4.   10.    1.    0. 1000.   10.  512.  100.    5.    0.],"[2.000e+00 1.000e+01 2.000e+00 1.000e+01 1.000e+01 1.000e+00 1.000e+03
 1.000e+03 1.024e+03 1.000e+04 2.000e+00 2.900e+01]",[   2.   10.    4.   10.    1.    1. 1000.   10.  512.  100.    2.   29.],[   2.    1.    4.   10.    1.    0. 1000.   10.  512.  100.    5.   29.],[   2.   10.    2.   10.   10.    0. 1000.   10. 1024.  100.    2.   29.],"[2.00e+00 1.00e+00 4.00e+00 1.00e+01 1.00e+00 0.00e+00 1.00e+03 1.00e+03
 5.12e+02 1.00e+04 5.00e+00 2.90e+01]",[   2.    1.    2.   10.    1.    0. 1000.   10.  512.  100.    5.    0.],[   2.    1.    2.   10.   10.    1. 1000.   10.  512.  100.    5.   29.],[   2.    1.    4.   10.    1.    0. 1000.   10.  512.  100.    5.    0.],"[2.000e+00 1.000e+00 2.000e+00 1.000e+01 1.000e+00 1.000e+00 1.000e+03
 1.000e+03 1.024e+03 1.000e+04 5.000e+00 0.000e+00]","[2.00e+00 1.00e+00 4.00e+00 1.00e+01 1.00e+00 0.00e+00 1.00e+03 1.00e+03
 5.12e+02 1.00e+04 5.00e+00 0.00e+00]","[2.000e+00 1.000e+00 4.000e+00 1.000e+01 1.000e+00 1.000e+00 1.000e+00
 1.000e+01 1.024e+03 1.000e+02 5.000e+00 0.000e+00]",[   2.    1.    2.   10.    1.    0. 1000.   10.  512.  100.    5.   29.],"[2.000e+00 1.000e+01 4.000e+00 1.000e+01 1.000e+00 0.000e+00 1.000e+03
 1.000e+03 1.024e+03 1.000e+04 5.000e+00 0.000e+00]"
-0.217802852346,-0.000121196770447,-0.00510388197341,-0.143674005199,-0.0011152826404,-0.0144714390959,-0.00244163830798,-0.77487223273,-6.80880732846e-06,-0.015044740673,-0.73836749312,-0.316135647783,-0.771711584369,-0.778524476981,-0.813821334172,-0.0013495056125,-0.476592001286,-0.778524476981,-0.539437292927,-0.77355268587,-0.743858115349,-0.148818740017,-0.783180339433,-0.816817209397,-0.283799260019,-0.758812979766,-0.802314449787,-0.85383533308,-0.838395681582,-0.615695935006,-1.0,-0.990031906071,-0.906264511271,-0.894173431217,-0.765556422544,-0.736542732756,-0.857938320376,-0.734768357566,-0.478412676365,-0.455138811155,-0.742192681077,-0.709910763771,-0.957563427445,-0.763769791501,-0.0150787847096,-0.945086968896,-0.776984324764,-0.458031192508,-0.308821626951,-0.90477746775,-0.972996270135,-0.754700460139,-0.729871463335,-0.429932606425,-0.988717806257,-0.765556422544,-0.763978141005,-0.987305659617,-0.0149289909484,-0.919360571286,-0.957563427445,-0.000190646605197,-0.726714900258,-0.976747922973,-0.746230303823,-0.964704504571,-0.7093619739,-0.945086968896,-0.77487223273,-0.988717806257,-0.757221080612,-0.78613263829,-0.732797888725,-1.0,-0.780360131437,-0.75511035034,-0.980479149389,-0.420505131798,-0.812023809037,-0.773194542605,-0.786817604308,-0.976747922973,-0.832051234913,-0.0148908616273,-0.187852270669,-0.785892968272,-0.794360401066,-0.719325982545,-0.781535331582,-0.719722255131,-0.420505131798,-0.727817927045,-0.812023809037,-0.403071861514,-0.8307194322,-0.371148087474,-0.0149289909484,-0.603760095759,-0.773194542605,-0.990031906071,-0.8307194322,-0.765875074727,-0.752064089942,-0.758193378299,-0.765875074727,-0.813821334172,-0.0149507791318,-0.776984324764,-0.980479149389,-0.455138811155,-0.780360131437,-0.964704504571,-0.987305659617,-0.794360401066,-0.758193378299,-0.000664539595257,-0.459703435588,-0.778480900615,-0.240849303391,-0.781535331582,-0.719325982545,-0.752064089942,-0.878905361663,-0.972996270135,-0.476592001286,-0.604989766363,-0.794947320258,-0.863104843377,-0.742142295903,-0.435357864104,-0.732797888725,-0.875202732238,-0.511203892459,-0.781407326004,-0.467236700016,-0.944629417044,-0.731911382011,-0.873877738332,-0.906264511271,-0.919360571286,-0.896315482002,-0.857260163166,-0.750085450532,-0.724116659381,-0.799272274673,-0.873877738332,-0.319450175191,-0.875202732238,-0.944629417044,-0.823841175037,-0.90477746775,-0.617667765608,-8.85144952699e-05,-0.973091593438,-0.392703409715,-0.863104843377,-0.518967294575,-0.987025136755,-0.799272274673,-0.759816597966,-0.987025136755,-0.783180339433,-0.73836749312,-0.987492220938,-0.84315095262,-0.475380033581,-0.305572464094,-0.786817604308,-0.987492220938,-0.952981100113,-6.26410274218e-05,-0.984953897566,-0.760871963102,-0.954793604623,-0.952981100113,-0.984953897566,-0.435357864104,-0.325373837566,-0.803372538446,-0.220173679057,-0.759816597966,-0.443644182623,-0.954793604623,-0.763978141005,-0.0144646302886,-0.000607345613698,-0.860604649326,-0.973091593438,-0.826286898629,-0.746230303823,-0.375210221926,-0.832051234913,-0.781407326004,-0.849573019692,-0.731911382011,-0.89817156288,-0.856094495352,-0.148388423393,-0.312337695055,-0.803372538446,-0.727817927045,-0.778427791917,-0.823841175037,-0.731410253791,-0.74120131873,-0.895412634151,-0.891786263367,-0.871975357565,-0.00385923199377,-0.891786263367,-0.381060349183,-0.297267080915,-0.802314449787,-0.695608183097,-0.878905361663,-0.857938320376,-0.74120131873,-0.373795351763,-0.739846366071,-0.89817156288,-0.369392776945,-0.743858115349,-0.370629256356,-0.180272706351,-0.333447721296,-0.373795351763,-0.295612540734,-0.187852270669,-0.0152135990947,-0.285698917263,-0.302787661896
165
